letter,question,answer
أ,"من هو أول من سمى القرآن الكريم مصحفاً؟","أبو بكر الصديق"
أ,"ما معنى الميثولوجيا؟","أساطير"
أ,"من هو الوحيد الّذي ذكر بكنيته في القرآن الكريم؟","أبو لهب"
أ,"من هو قائد المسلمين في معركة الجسر؟","أبو عبيدة الثقفي"
أ,"من هو أول من استخدم المصطلح “العالم الثالث”؟","ألفريد سوفي"
أ,"ما هي وحدة القياس الدولية المستخدمة لقياس شدة التيار الكهربائي؟","أمبير"
أ,"ما هو أقوى وأقسى أنواع الحجارة؟","الألماس"
أ,"من هو قائل: سيذكرني قومي إذا جد جدهم وفي الليلة الظلماء يفتقد البدر؟","أبو فراس الحمداني"
أ,"أنسجة داخل مفاصل العظم تسمى؟","أربطة"
أ,"هو نبات يُستخدم في تحضير الزيوت العطرية ويدخل في صناعة المستحضرات الطبية والتجميلية؟","الأزهار"
أ,"شخص ضحى بكل ما يملك من أجل عصابته وفي النهاية خذلوه واتهموه بالخيانة؟","أرثر مورغان"
أ,"من هو مؤسس علم النحو؟","أبو الأسود الدؤلي"
أ,"ما هو الحيوان الذي يخاف من زوجته؟","الأسد"
أ,"ما معنى كلمة الجون في اللغة العربية؟","الأسود والأبيض"
أ,"ما هي أعلى حلقة تقييماً في مسلسل على موقع IMDb؟","أوزيماندياس"
أ,"ما هي السورة في القرآن الكريم التي يطلق عليها أخت الطويلين؟","الأعراف"
أ,"من قائل هذين البيتين: هي الأيام والعِبر وأمرُ الله ينتظرُ، أتيأسُ أن ترى فرحاً فأين الله والقدرُ؟","أبو العتاهية"
أ,"ما هو الحيوان الذي خلقه الله من الشيطان؟","الإبل"
أ,"ما هو اسم البحر الذي يفصل بين قارة أفريقيا وقارة آسيا؟","البحر الأحمر"
أ,"من هم الذين يدخلون الجنة بالسلاسل؟","أسرى الحرب"
أ,"من هو الصحابي الذي قال عنه الرسول صلى الله عليه وسلم: يمشي وحده ويموت وحده ويبعث وحده؟","أبو ذر الغفاري"
أ,"ما هو الهرمون الذي ينظم مستوى السكر في الدم؟","الأنسولين"
أ,"ما هو الاسم الأول لهتلر؟","أدولف"
أ,"ما هو أقوى هرمون في جسم الإنسان؟","الأدرينالين"
أ,"كلمة تطلق على المسافر المنقطع به في سفره؟","ابن السبيل"
أ,"بإستثناء روسيا ماهي أكبر دولة من حيث المساحة في أوروبا؟","أوكرانيا"
أ,"ما هي أول جامعة أُسست في العالم الإسلامي واسمها يبدأ بحرف الألف؟","الأزهر"
أ,"العوائد التي يحصل عليها العاملون في الشركة لقاء عملهم","الأجر"
أ,"في أي عام اندلعت الحرب العالمية الأولى؟","ألف وتسعمائة وأربعة عشر"
أ,"من هو الشخص الذي أدخل في النار ولم تضره؟ (غير سيدنا إبراهيم عليه السلام)","أبو مسلم الخولاني"
أ,"من قتل عمر بن الخطاب رضي الله عنه؟","أبو لؤلؤة المجوسي"
أ,"ما هي الخاصية التي تسمح للماء بالانتقال من الوسط الأقل تركيزاً إلى الأعلى تركيزاً؟","الأسموزية"
أ,"من هو أول البشر وخلقه الله من طين؟","آدم"
أ,"ما هي اللغة الرئيسية في إثيوبيا؟","الأمهرية"
أ,"ما هي أكثر لعبة حققت أرباحاً؟","أونر أوف كينجز"
أ,"ما هو المثل الذي قيل في المأثورات؟","أهل مكة أدرى بشعابها"
أ,"ما هو الشيء الذي يحارب التلوث الصناعي؟","الأشجار"
أ,"من هو أول من شكل المصحف الشريف؟","أبو الأسود الدؤلي"
أ,"ما هو اسم العدد الذي لا يمكن قسمته إلا على نفسه وعلى الواحد؟","الأولي"
أ,"ما هي عاصمة دولة كندا؟","أوتاوا"
أ,"من هي زوجة النبي ﷺ التي أشارت عليه بالحلق والنحر يوم الحديبية؟","أم سلمة"
أ,"من هو العالم اليوناني القديم الذي وضع قانون الطفو؟","أرخميدس"
أ,"ماهو اسم الإعلامي السعودي الذي اشتهر ببرنامجه التلفزيوني (خواطر) والذي كان يعرض في شهر رمضان المبارك","أحمد الشقيري"
أ,"ماهي السورة الكريمة الّتي سميت بأحد غزوات الرسول صلى الله عليه وسلم؟","الأحزاب"
أ,"إنسان يمكنه أن يرى العدو والحبيب بعين واحدة؟","الأعور"
أ,"من هو أوّل إمام في المذاهب الأربعة؟","أبوحنيفة"
أ,"من هو من أبرز شعراء العرب واشتهر بحب شرب الخمر؟","أبو نواس"
أ,"ما اسم فيلم يوسف شاهين الذي يُعتبر من أهم أفلام السينما العربية؟","الأرض"
أ,"صحابي جليل وزعيم الأوس في المدينة، عُرف بحكمته وصوته الجميل في القرآن الكريم..","أُسيد بن الحضير"
أ,"ما هي الأكلة الأكثر تسميناً؟","الأرز"
أ,"ما هو الشريان الرئيسي الذي يضخ الدم من القلب إلى الجسم؟","الشريان الأورطي"
أ,"ما هو اسم قارة أستراليا سابقاً؟","أوقيانوسيا"
أ,"أحد وزراء البترول والثروة المعدنية للمملكة العربية السعودية","أحمد زكي يماني"
أ,"ما هو الشريان الذي يغذي القلب ويعتبر من الشرايين الرئيسية في الجسم؟","الأورطي"
أ,"ما هي الموجات التي يتم استخدامها في أجهزة الرؤية الليلية؟","الأشعة تحت الحمراء"
أ,"ما هو الكوكب الذي يمتلك أكبر ميل محوري؟","أورانوس"
أ,"من هو الصحابي الذي يرجع نسبه إلى قبيلة زهران؟","أبو هريرة"
أ,"ما هي القارة الوحيدة التي لا تحتوي على أي صحراء؟","أوروبا"
أ,"ما هو المصطلح الطبي الذي يعني إزالة عضو من الجسم؟","استئصال"
أ,"ما معنى قسورة في جملة فرت من قسورة؟","الأسد"
أ,"ما هي القارة الثامنة؟","أنتاركتيكا"
أ,"من هو زوج زينب ابنة الرسول رضي الله عنها؟","أبو العاص بن الربيع"
أ,"شجرة يستخرج منها السواك","الأراك"
أ,"ما هو اسم الجهاز الذي تقاس به سرعة الرياح؟","الأنيمومتر"
أ,"رجل ليس من بني آدم وهو من البشر","آدم"
أ,"ما هي عملية زيادة القيمة أو المحتوى أو تعزيز الجودة؟","إثراء"
أ,"من هي المرأة التي تلقب بذات النطاقين؟","أسماء بنت أبي بكر"
أ,"أول من أسلم من الرجال","أبو بكر الصديق"
أ,"ما هو اسم القارة القطبية الجنوبية؟","أنتاركتيكا"
أ,"ما المصطلح الذي يطلق على النقطة التي تكون عندها أقصى درجة في شيء ما؟","أوج"
أ,"ما معنى كلمة أفاض في جملة أفاض العالم في عرض إنجازاته؟","أطال وأكثر"
أ,"كم استمر حكم داود؟","أربعون عامًا"
أ,"ماذا يسمى التفاعل عند اتحاد المادة بالأكسجين أو فقدها للهايدروجين؟","أكسدة"
أ,"ماذا تسمى الطبقة الخارجية من غشاء المخ؟","الأم الجافية"
أ,"يرى صديقه وعدوه بعين واحدة؟","الأعور"
أ,"ماذا يسمى التوقع والرجاء في حدوث الخير في المستقبل؟","أمل"
أ,"ماذا يُطلق على صوت الصفير العالي؟","أزيز"
أ,"من هو مخترع الديناميت الذي ندم على اختراعه بعد أن استعمل في الحرب؟","ألفرد نوبل"
أ,"ما هو الحيوان الذي يصوم مثل ما يصوم الإنسان؟","الأسد"
أ,"من هو صاحب الهدف الحاسم في الدوري الإنجليزي؟","أغويرو"
أ,"ما هو الفن الياباني الذي يعتمد على طي الورق؟","الأوريغامي"
أ,"ما هي أعلى قمة في المجموعة الشمسية؟","أوليمبوس"
أ,"دولة إسلامية عاصمتها طشقند؟","أوزباكستان"
أ,"ما هو ثاني أطول نهر في العالم؟","الأمازون"
أ,"في اللغة والأدب: ما هو الجميل الذي يروعك حسنه؟","أروعي"
أ,"ما هي القارة المسطحة؟","أستراليا"
أ,"ما هو الحيوان الذي يطلق عليه أسامة؟","الأسد"
أ,"أسطورة المراجعات، ملك السحبات، العدو اللدود للأبراج، فمن هو؟","أحمد جفلمب"
أ,"ما لون الكعبة؟","أسود"
أ,"ما هو الاسم القديم لمصر؟","أرض الكنانة"
أ,"ماذا قالوا: هذه بتلك والبادي...؟","أظلم."
أ,"سورة تنتهي جميع آياتها بنفس الحرف","الإخلاص"
أ,"ما هو الاسم الذي يطلق على ناقص العقل ضعيف التصرف في اللغة العربية؟","أحمق"
أ,"بماذا يسمى يوم الأحد في الجاهلية؟","أول"
أ,"من القائل ليت الذي بيني وبينك عامرٌ.. وبيني وبين العالمين خرابُ""؟""","أبو فراس الحمداني"
أ,"ما هي الرياضة التي تُعرَف باسم ""أمّ الألعاب""؟","ألعاب_القوى"
أ,"ما هو أعلى فيلم إيراداً في العالم؟","أفاتار"
أ,"سيل من الجسيمات الصغيرة المشحونة تخرج من الكاثود","الأشعة المهبطية"
أ,"أول دولة ظهر فيها الفول السوداني؟","الأرجنتين"
أ,"ما معنى أوهن؟","أضعف"
ب,"قصيدة تعد من أشهر قصائد المدح النبوي وأنشدها الصحابي كعب بن زهير ليبايعه على الإسلام","البردة"
ب,"ما هو اسم الغزوة الكبرى التي وقعت في رمضان بين المسلمين وقريش؟","بدر"
ب,"ما الأداة التي تُستخدم لتحديد الاتجاهات في الملاحة البحرية؟","بوصلة"
ب,"ما الحيوان المعروف بتزويدنا بالحليب واللحم؟","بقرة"
ب,"ماهي الغدة المسؤولة عن إفراز الأنسولين؟","البنكرياس"
ب,"الحرب التي قيل فيها إنها كادت أن تهلك العرب لولا أن جاء الإسلام؟","البسوس"
ب,"في أي سورة نزلت آخر آية في القرآن؟","البقرة"
ب,"يكثر ظهوره في الليل، ويضرب به المثل في الشؤم وقبح الصورة والصوت، وهو من الطيور","البومة"
ب,"من أهم المكونات العطرية","برغموت"
ب,"ما هو الاسم الأول للرسام بيكاسو؟","بابلو"
ب,"ما هي أول شركة أسسها إيلون ماسك؟","باي بال"
ب,"ما هو العنصر الوحيد السائل في اللافلزات؟","البروم"
ب,"ما هي أكبر دولة في قارة أمريكا الجنوبية؟","البرازيل"
ب,"ما هي العملة الرسمية للمكسيك؟","البيزو المكسيكي"
ب,"ما هو مرادف اللدائن؟","البلاستيك"
ب,"ما هي أكبر بحيرة في العالم من حيث الحجم؟","بحيرة بايكال"
ب,"ما هي أقدم حضارة استقرت في الموطن العربي؟","بلاد الرافدين"
ب,"طائر ولكن لا يطير؟","بطريق"
ب,"ما اسم الدابة التي ركبها رسول الله صلى الله عليه وسلم في حادثة الإسراء والمعراج؟","البراق"
ب,"في أي بلد نشأ أول سيرك في العالم؟","بريطانيا"
ب,"من هو اليوتيوبر السعودي الأكثر رواجاً لعام ٢٠٢٤؟","بندريتا"
ب,"ما هو الحيوان الذي يعرف بقدرته على الطيران والسباحة في نفس الوقت؟","البط"
ب,"من هو العالم الذي قام بتجارب شهيرة على الكهرباء وارتبط اسمه باكتشاف العلاقة بين البرق والكهرباء؟","بنيامين فرانكلين"
ب,"ما هي أول مدينة عربية دخلت إليها الكهرباء؟","بيروت"
ب,"ما العشب الذي يُستخدم غالبًا في صنع شاي مُهَدِّئ؟","بابونج"
ب,"من أي حيوان استوحيت شخصية كراش؟","البندقوط"
ب,"جميع دول قارة أمريكا الجنوبية تتحدث الإسبانية ما عدا دولة واحدة، ما هي؟","البرازيل"
ب,"ما الاسم الشائع للحيوان المُسمّى علميًا Mule؟","بغل"
ب,"ما اسم المكان الذي تُزرع فيه الأشجار المثمرة ويُعتنى بها؟","بستان"
ب,"يوضع لإضافة نكهة على الطعام","بهارات"
ب,"ما اسم المعركة التي وقعت عام 732م بين المسلمين والفرنجة في فرنسا؟","بلاط الشهداء"
ب,"مكون أساسي في الأكل مصدره الهند","بهار"
ب,"ما هي أخفض بقعة في العالم؟","البحر الميت"
ب,"ما اسم بطل لعبة تشابك Tangles (من تطوير أستديو سهم)","باسل"
ب,"الشاعر العباسي الذي مات تحت ضرب السياط؟","بشار بن برد"
ب,"عنصر كيميائي يطلق عليه اسم الذهب الأبيض ويستخدم في صناعة المحركات؟","البلاتين"
ب,"أي نبات أخضر يُستخدم في السلطات ويُعرف برائحته القوية؟","بقدونس"
ب,"أكبر سد في المملكة العربية السعودية؟","سد بيشة"
ب,"ما هي أكبر دولة من حيث إنتاج الفلين؟","البرتغال"
ب,"من هو أول مؤذن في الإسلام؟","بلال بن رباح"
ب,"ما هي عاصمة الأرجنتين؟","بوينس آيرس"
ب,"ما اسم شخصية توم هاردي في فيلم نهوض فارس الظلام؟","بين"
ب,"ما هو الشيء الذي تذبحه وتبكي عليه؟","البصل"
ب,"ما هو معنى اسم الخنساء؟","البقرة الوحشية"
ب,"أي فنان الرسم بالرشاش الشهير يأتي من بريستول؟","بانكسي"
ب,"ما هي عاصمة فرنسا؟","باريس"
ب,"ما هو الذهب الأبيض من المعادن؟","البلاتين"
ب,"ما هي عاصمة أذربيجان؟","باكو"
ب,"نوع من أنواع الطيور لكن لا يطير؟","بطريق"
ب,"من أول من اكتشف علم الفلك؟","البابليين"
ب,"سورة من سور القرآن الكريم يطلق عليها سنام القرآن؟","البقرة"
ب,"شخصية من جازان مرتبطة ببندريتا والمكسيكي؟","براء"
ب,"ما هي أكثر دولة مصدرة للبن في العالم؟","البرازيل"
ب,"من هو مدرب نادي الشباب؟","بيدرو كايشينيا"
ب,"محافظة في الجنوب ماهي؟","الباحة"
ب,"سلسلة أجهزة ألعاب فيديو أحدثت ثورة في عالم الترفيه، انطلق أول إصداراتها عام 1994","بلايستيشن"
ب,"من هو القائد المغولي الذي هزم دولة سلاجقة الروم في معركة كوسه داغ؟","بايجو نويان"
ب,"من أكثر لاعب صناعة للفرص في البريميرليج هذا الموسم؟","برونو"
ب,"من هو مكتشف الكهرباء؟","بنجامين فرانكلين"
ب,"ما هي اللغة الأكثر استخدامًا في تطوير الذكاء الاصطناعي؟","بايثون"
ب,"ما هي الدولة التي فازت بأكبر عدد من بطولات كأس العالم؟","البرازيل"
ب,"ما هي القبيلة التي تسكن وادي تربة؟","البقوم"
ب,"ما هي المقبرة الرئيسية لأهل المدينة المنورة منذ عهد الرسول محمد صلى الله عليه وسلم؟","البقيع"
ب,"ما الجزء من النبات الذي يحتوي على الجنين ويمكن أن ينمو ليشكل نباتًا جديدًا؟","بذرة"
ب,"ما هو النادي الذي كان يلعب له ميسي ونيمار ومبابي؟","باريس سان جيرمان"
ب,"أي عضو من أعضاء جسم الإنسان مسؤول عن إنتاج هرمون الأنسولين؟","البنكرياس"
ب,"طائر من الجوارح، يشبه العقاب في قوته وشراسته، لكنه يتميز بجسمه الطويل النحيف ورشاقته الفائقة","الباشق"
ب,"مصطلح غير رسمي يُستخدم على نطاق واسعٍ للإشارة إلى صناعة الأفلام باللغتين الهندية والأوردو في مدينة مومباي، الهند؟","بوليوود"
ب,"ما عاصمة ألمانيا؟","برلين"
ب,"ما هو الباب الذي لا يمكن فتحه؟","الباب المفتوح"
ب,"ما هو الجبن المصنوع تقليديا من حليب الحمار؟","بولي"
ب,"لقب أطلق على مريم عليها السلام؟","البتول"
ب,"ما هي القبلة الأولى في الإسلام؟","بيت المقدس"
ب,"ماهي عاصمة جمهورية البرازيل الاتحادية؟","برازيليا"
ب,"ما هي عاصمة دولة بنما؟","بنما"
ب,"من هو رجل الأعمال الذي شارك في تأسيس شركة مايكروسوفت؟","بيل غيتس"
ب,"ما هو اللون الذي اكتشف عن طريق كلب قضم حلزون الموركس من الشاطئ؟","بنفسجي"
ب,"ما هو الطائر الذي يشتهر بقدرته على الكلام وتقليد الأصوات؟","ببغاء"
ب,"مدينة وميناء تقع على نهر نوفراية وأيضا هي عاصمة تايلاند","بانكوك"
ب,"مدينة تتميز بطبيعتها الجبلية الخلابة ومناخها المعتدل، وتُشتهر بزراعة أجود أنواع الرمان.","الباحة"
ب,"من هو الحيوان الذي نفخ النار على إبراهيم؟","برص"
ب,"ما هو اسم أقرب نجم إلى كوكب الأرض بعد الشمس؟","بروكسيما سنتوري"
ب,"فاكهة حجمها كبير ولونها أحمر من الداخل ولها بذور؟","بطيخ"
ب,"من هو القائد الذي قاد معركة وادي زهران ضد العثمانيين؟","بخروش بن علاس"
ب,"ما اسم الدابة التي ركبها النبي صلى الله عليه وسلم ليلة الإسراء والمعراج؟","البراق"
ب,"ما هو اسم عاصمة لبنان؟","بيروت"
ب,"من هو أكثر منتخب فاز بكأس العالم؟","البرازيل"
ب,"أين يقع مطار الأمير نايف بن عبدالعزيز؟","بريدة"
ب,"لدي يد وطولي متران وعرضي نصف متر ولوني مختلف حسب الاختيار فمن أكون؟","الباب"
ب,"ما الطائر الليلي الذي يصطاد الفئران والحشرات؟","بوم"
ب,"ما هو العنصر الذي يتسبب بظهور اللهب الأخضر في الألعاب النارية؟","الباريوم"
ب,"هو آلة موسيقية صوتية وترية تُضرب فيها السلاسل بواسطة المطارق وتُعزف باستخدام لوحة المفاتيح؟","البيانو"
ب,"ما هي أكبر إمبراطورية في العالم؟","بريطانيا"
ب,"ما الوحدة المستخدمة لقياس الضغط؟","باسكال"
ب,"ما هو الشيء الذي لا يمكن للسيارة أن تمشي بدونه؟","البنزين"
ب,"ما اسم المسجد الشهير في مدينة إسطنبول الذي كان يُعرف بآيا صوفيا؟","البازيليكا"
ب,"أحد قراء القرآن الكريم، وإمام وخطيب المسجد الحرام في مكة المكرمة","بندر بليلة"
ب,"لونه أحمر حراسه سود وحدوده خضراء؟","بطيخ"
ب,"ما عاصمة العراق؟","بغداد"
ب,"ما هو أكثر الحيوانات عناداً؟","البغل"
ت,"ما الذي كان يطلق عليه قديماً مسامر الركب؟","التمر"
ت,"ما الاسم الطبي للانحناء الشديد في الظهر بسبب خلل في الفقرات؟","تحدّب"
ت,"مدينة وقعت فيها أكبر كارثة نووية شهدها العالم؟","تشيرنوبل"
ت,"طريقة لفصل الماء عن ملح كلوريد الصوديوم؟","التقطير"
ت,"ضائع عن الطريق ضال","تائه"
ت,"ما هو المصطلح الذي يعني انتقاد حاد وإعلان العيوب؟","تنديد"
ت,"ما هو المصطلح الذي يقصد به تقليد الشخص للصفات المحمودة والجذابة الموجودة لدى الآخرين وادعاؤه وجود هذه الصفات لديه؟","تقمص"
ت,"ما هو الاسم العلمي لمرض الزائدة الدودية؟","التهاب الزائدة الدودية"
ت,"ماذا تعني كلمة 'أوفسايد' في كرة القدم؟","تسلل"
ت,"ما هي الفاكهة التي يمكن قراءتها بالعكس دون أن يتغير اسمها؟","توت"
ت,"ما هي أطول دولة في العالم؟","تشيلي"
ت,"من أنواع الحواس؟","التذوق"
ت,"ما هو المصطلح الطبي الذي يشير إلى التهاب الكلى؟","التهاب الكلى"
ت,"صلاة تختص في شهر رمضان؟","تراويح"
ت,"مما خلق آدم؟","تراب"
ت,"ما هو معنى كلمة لغوب في القرآن الكريم؟","التعب"
ت,"كلمة تعني استعمال الحق في غير موضعه او زيادة مضرة","تعسف"
ت,"ما هي السورة التي لقبت بالفاضحة؟","التوبة"
ت,"لفظ بمعنى توسع النعمة وزيادتها","ترف"
ت,"مدينة يقع فيها جبل اللوز","تبوك"
ت,"أطول دولة من دول العالم من الشمال إلى الجنوب؟","تشيلي"
ت,"ما هو أسرع مخلوق بحري؟","التونة"
ت,"ما هو الجزء في الدماغ الذي يفرز هرمونات تتحكم في الغدة النخامية ووظائف مثل الشهية وحرارة الجسم؟","تحت المهاد"
ت,"ما هو الحيوان الذي لا يستطيع إخراج لسانه من فمه؟","التمساح"
ت,"ما المصطلح الذي يُستخدم لوصف محاولة محاكاة تصرفات أو أعمال أو أصوات شخص آخر؟","تقليد"
ت,"أول منتخب عربي حقق انتصار في كأس العالم","تونس"
ت,"ما هي السورة القرآنية التي تخلو من البسملة في بدايتها؟","التوبة"
ت,"ما هو اسم العملية التي يتم فيها تكسير الطعام لإنتاج الطاقة؟","التنفس الخلوي"
ت,"كلمة بمعنى يزول؟","تلاشى"
ت,"كائن أسطوري يظهر في العديد من الثقافات حول العالم","تنين"
ت,"ما الدولة الآسيوية التي اشتهرت تاريخيًا بصناعة النسيج والسجاد في منطقة الأناضول؟","تركيا"
ت,"ما الاسم الذي يُطلق على إعادة فعل أو قول شيء مرة بعد مرة؟","تكرار"
ت,"ما هو الاسم الذي يعني استحضار شكر النعمة؟","تذكار"
ت,"ما اسم المنهج العلمي الذي يقوم على جمع الملاحظات وصياغة الفروض واختبارها بالتجارب؟","تجريبي"
ت,"ما هو الاسم الآخر للون الأزرق الذي يبدأ بحرف التاء؟","تركوازي"
ت,"محافظة في منطقة تبوك؟","تيماء"
ت,"ما هو المصطلح الذي يطلق على أن يجلس المصلي في التشهد الأخير على مقعدته ويخرج رجله اليسرى من جهة يمينه تحت رجله اليمنى؟","التورك"
ت,"سورة في القرآن الكريم ابتدأت باسم ثمرتين","التين"
ت,"ما اسم المكان الذي شرفه رسول الله صلى الله عليه وسلم في العام التاسع للهجرة بالزيارة؟","تبوك."
ت,"ما الاسم الذي يُطلق على تحويل الأفكار أو الأشياء إلى مفاهيم غير ملموسة أو رمزية؟","تجريد"
ت,"ما هو الشيء الذي أسرع من سرعة الضوء؟","التشابك الكمي"
ت,"إفراد الله سبحانه وتعالى بما يختص به من الربوبية والألوهية والأسماء والصفات","توحيد"
ت,"ماذا نسمي صوت الحلي؟","التغتغة"
ت,"من العمليات المؤثرة في الأرض؟","تعرية"
ت,"أكمل الحكمة: (لا تكن ليناً فتعصر، ولا صلبًا ......)؟","فتكسر"
ت,"ما هو اسم الفتاة الذي يعني النخلة الصغيرة؟","تالة"
ت,"ما سبب حدوث الزلازل؟","تحرك الصفائح الأرضية"
ت,"تعتبر من أعلى هضاب العالم؟","التبت"
ت,"ما هي عملية التغيير الثقافي التي تجعل بعض الشعوب مجتمعاً فارسي؟","تفريس"
ت,"قرار إداري ينتقل به العسكري من رتبة إلى رتبة أعلى","ترقية"
ت,"ما القبيلة العربية التي يُنسَب إليها النعمان بن المنذر في العصر الجاهلي؟","تنوخ"
ت,"ما وحدة قياس المجال المغناطيسي؟","تسلا"
ت,"ما معنى كلمة تقهقر؟","تراجع"
ت,"ما اسم الكتاب الشهير الذي ألّفه ابن جرير الطبري؟","تفسير الطبري"
ت,"أكبر قناة في اليوتيوب من حيث المشتركين؟","تي سيريس"
ت,"حساء تايلندي معروف","توم يم"
ت,"ما المدينة السعودية التي تقع شمال غرب المملكة وتُعدّ من أوائل المدن التي دخلها الإسلام بعد مكة؟","تبوك"
ت,"ما هي الكلمة التي تعني الشح أو إمساك اليد شحاً ومن مرادفات البخل؟","تقتير"
ت,"ما هي الكلمة الإيطالية التي تعني المحبة؟","تيامو"
ت,"صلاة يختص بها شهر رمضان المبارك وهي؟","التراويح"
ت,"ما هو العنصر الأساسي الذي يستخدمه اللاعبون لاستكمال حياتهم أو تحسين قدراتهم في الألعاب؟","تحديث"
ت,"ما هو انتقال الشيء من حالة إلى حالة أخرى؟","تحول"
ت,"ما عاصمة تايوان؟","تايبيه"
ت,"ما هو عكس كلمة مبادرة؟","تأخير"
ت,"ما هو الطعام الذي يُعرف بلقب “ذهب الصحراء” ويُستخدم في صناعة الحلويات والمشروبات؟","التمر"
ت,"ما أعلى هضبة في العالم؟","التبت"
ت,"فاكهة أخرجت سيدنا آدم من الجنة؟","التفاح"
ت,"ما هي أسرع المخلوقات البحرية؟","سمك التونة"
ت,"ما هو الموقع الأثري في الجزائر الذي يضم آثار مدينة تيمقاد الرومانية؟","تيمقاد"
ت,"لكي أتناول قلبه ذبحت وجهه، وإذا بجلده سكين جرحني","تين شوكي"
ت,"ما المصطلح الاقتصادي الذي يدل على ارتفاع مستمر في الأسعار وانخفاض قيمة العملة؟","تضخم"
ت,"من وسائل تنمية الثروة النباتية، استنباط حالات جديدة تغطي محصولًا أو تعطي محصولًا أوفر وتكون أكثر مقاومة للإصابة بالأمراض.","تهجين"
ت,"ما هو الحيوان الوحيد الذي يحرك فكه العلوي بينما يبقى فكه السفلي ثابتاً؟","التمساح"
ت,"إثقال إحدى كفتي الميزان حتى تميل","ترجيح"
ت,"ما اسم مخترع شبكة الويب؟","تيم برنرز لي"
ت,"ما هي الكلمة التي تعني التنزه والامتناع عن طلب العطاء؟","تعفف"
ت,"ما هو المصطلح الطبي الذي يشير إلى التهاب الأذن؟","التهاب الأذن"
ت,"ما هو المصطلح الذي يشير إلى عملية تحويل الكود المصدري إلى كود قابل للتنفيذ؟","التجميع"
ت,"ماذا يسمى من قابل الصحابة ولم يقابل الرسول ﷺ؟","تابعي"
ت,"البحث في تفاصيل أي موضوع عن قرب ودقة","تقصي"
ت,"مضي مدة معينة على عدم المطالبة بالدين أو بأي حق من الحقوق","تقادم"
ت,"ما العملية الفيزيائية التي تتحول فيها المادة من الحالة الصلبة إلى الغازية مباشرة؟","تسامي"
ت,"إجراء طبي يلجأ له مرضى زيادة الوزن للتقليل من أوزانهم؟","تكميم"
ت,"ما اسم العملية التي تقوم بها النباتات لتحويل ضوء الشمس إلى طاقة؟","تمثيل ضوئي"
ت,"ما اسم المنطقة البيئية الباردة التي تمتاز بقلة الأشجار وانتشار الطحالب؟","تندرا"
ت,"أكلة وصى بها رسول الله؟","التلبينة"
ت,"طائرة حربية متعددة المهام تستعمل كمطاردة ومقاتلة وهي إنتاج مشترك من بريطانيا وألمانيا وإيطاليا","تورنادو"
ت,"من الكتب السماوية؟","التوراة"
ت,"ما هي العظمة التي تفصل القفص الصدري عن الحزام الكتفي؟","الترقوة"
ت,"هي بداية مرحله جديده، ينال منها الانسان جزائة بعد حياة حافله من العمل","تقاعد"
ت,"ما الفاكهة المذكورة في القرآن وتتميز بقشرتها الرقيقة ولبها الحلو؟","تين"
ت,"ما هو اسم العملية التي يتم فيها بيع السلع والخدمات لدول أخرى؟","التصدير"
ت,"ما معنى براءة؟","التخلص من العيب"
ت,"من علامات الساعة الصغرى","تطاول البنيان"
ت,"في السنة الماضية حصل زلزال مدمر في أي دولة حصل هذا الزلزال؟","تركيا"
ت,"ما هي السورة الوحيدة التي لا تبدأ بالبسملة في القرآن الكريم؟","التوبة"
ت,"ماذا يسمى تقسيم موضوع معقد لأجزاء صغيرة لفهمها بشكل أعمق؟","تحليل"
ت,"هي منتجات نباتية ذكية الرائحة تستعمل لإعطاء الطعام نكهة؟","توابل"
ت,"مدينة من مدن العراق؟","تكريت"
ت,"من هو الملك الفرعوني الذي اكتشفت مقبرته سليمة عام 1922؟","توت عنخ آمون"
ث,"ما الكائن الزاحف الذي يُطلَق عليه في العربية اسم ""حية"" أو ""أفعى""؟","ثعبان"
ث,"من هو الصحابي الذي اعتمر قبل النبي صلى الله عليه وسلم في عصر النبوة؟","ثمامة بن أثال"
ث,"من هو أول رجل اعتمر في الإسلام؟","ثمامة بن أثال"
ث,"ما الحيوان المعروف في الثقافة العربية بلقب ""أبو الحصين"" ويُضرَب به المثل في المكر؟","ثعلب"
ث,"ما اسم العملية المندرجة في الجبر والتي تحتوي على ثلاثة حدود جبرية في صيغة واحدة؟","ثلاثي الحدود"
ث,"شيء إذا شرب الماء مات؟","الثلج"
ث,"ما المقصود ب خشيف الريم؟","ثلج خشن"
ث,"ما المصطلح الجغرافي الذي كان يُطلَق قديمًا على المناطق الحدودية بين الدولة الإسلامية وأراضي العدو؟","ثغر"
ث,"لفظ يطلق على الإنس والجن وورد في سورة الرحمن","الثقلان"
ث,"صفة تطلق على الشخص كثير الكلام","ثرثار"
ث,"بمعنى الهلاك والفساد","ثبور"
ث,"من هي المرأة التي فقدت ولدها؟","ثكلى"
ث,"أكلة عربية شعبية عريقة، اشتهرت بأنها طعام النبي محمد ﷺ المفضل وهو خبز يابس يُفتّ ويُصب عليه مرق اللحم","الثريد"
ث,"كم جالون من الماء يشربها فيل كامل النمو تقريبا.","ثلاثون قالون."
ث,"كلمة بمعنى الاستقرار والدوام والرسوخ وعدم الزوال أو التحرك","ثبات"
ث,"ما الاسم الذي يطلق على فتحات صغيرة يُحدِثها الإنسان عمدًا بأدوات في مادة صلبة؟","ثقوب"
ث,"مدينة صغيرة موجودة في منطقة الرياض","ثادق"
ث,"صفة في اللغة لما هو مكونًا من اثنين","ثنائي"
ث,"ما الكلمة التي تعني طبقات من الناس أو الجند إذا اجتمعوا في صف واحد أو تكوين مُحدّد؟","ثُـلَّة (بمعنى جماعة مصطفّة)"
ث,"كم عدد أجزاء القرآن الكريم؟","ثلاثون"
ث,"ما الاسم الذي يُطلق على التآكل الحاصل في طبقة تحمي الأرض من الأشعة فوق البنفسجية الضارة؟","ثقب الأوزون"
ث,"ماذا تسمى المرأة التي فقدت ولدها؟","ثكلى"
ث,"ما هو فرع الفيزياء الذي يدرس العلاقة بين الحرارة والأشكال الأخرى للطاقة؟","ثرموديناميكا"
ث,"عشب من الفصيلة الزنبقية؟","ثوم"
ث,"ماذا يسمى صوت الشاة؟","ثغاء"
ث,"من أحب الأطعمة للنبي صلى الله عليه وسلم؟","الثريد"
ث,"ما هي الأجسام الفلكية ذات الجاذبية الهائلة التي لا يفلت منها حتى الضوء؟","ثقوب سوداء"
ث,"من هي أول مرضعة للرسول صلى الله عليه وسلم؟","ثويبة الأسلمية"
ث,"لفظة قرآنية تعني أبو بكر الصديق عندما كان في الغار مع الرسول صلى الله عليه وسلم؟","ثاني اثنين"
ث,"ركز العمود ونحوه في الأرض؟","ثبت"
ث,"هو نمو حميد (ليس سرطاني) لكتلة صغيرة على سطح الجلد، يحدث نتيجة الإصابة بعدوى فيروسية","ثالول"
ث,"نوع من أنواع المصارعة في إسبانيا","الثيران"
ث,"ما اسم المركز الواقع في محافظة العرضيات التابعة لمنطقة مكة المكرمة بالسعودية؟","ثريبان"
ث,"ما هي الحرب التي أدت إلى استقلال الولايات المتحدة الأمريكية؟","الثورة الأمريكية"
ث,"ما اسم القبيلة العربية التي سكنت الطائف واشتهرت في صدر الإسلام، وذُكرت في التاريخ الإسلامي؟","ثقيف"
ث,"ما هي أحد ألمع وأشهر العناقيد النجمية في السماء؟","الثريا"
ث,"ما هو المصطلح الذي يُطلق على الحركة الجماعية التي تهدف إلى إحداث تغيير جذري في النظام السياسي أو الاجتماعي القائم؟","ثورة"
ث,"ما هي صورة الفيديو التي تظهر من الخارج للمشاهد قبل مشاهدة الفيديو؟","ثمنيل"
ث,"ما هو الرقم القياسي العالمي في رمي الجلة للرجال؟","ثلاثة وعشرون متراً وستة وخمسون سنتيمتراً"
ث,"ما هو الاسم الذي جمع بين الإنس والجن في القرآن؟","الثقلان"
ث,"ما هو اسم القوم الذين سكنوا منطقة الحجر في العصور القديمة؟","ثمود"
ث,"ما الاسم الذي يُطلَق على المرأة التي سبق لها الزواج وفارقت زوجها؟","ثيّب"
ث,"ما هو الاسم الآخر للأفعى؟","ثعبان"
ث,"ما هو المرض الذي يصيب فروة شعر الإنسان؟","ثعلبة"
ث,"هو كائن يتحرك على بطنه ويتغذى على الفرائس الصغيرة وبعض أنواعه تكون خطرة؟","الثعبان"
ث,"المقابل النقدي الذي يتفق عليه البائع والمشتري نظير الحصول على سلعة أو خدمة","ثمن"
ث,"ما اسم المرأة التي أرضعت النبي صلى الله عليه وسلم قبل حليمة السعدية؟","ثويبة"
ث,"ما الاسم الذي يشير إلى حُسن المديح والدعاء، ويُقال أيضًا في حقّ الله تعالى؟","ثناء"
ث,"ما هو وصف المرأة التي سبق لها الزواج في الفقه الإسلامي؟","ثيب"
ث,"ما الاسم الذي يطلق على المرأة شديدة الغنى والترف في اللغة العربية؟","ثريّة"
ث,"من هو الإمبراطور الذي ألغى الألعاب الأولمبية؟","ثيودوسيوس"
ث,"حالة صحية عقلية تتسبب في تقلبات مزاجية مفرطة تتضمن الارتفاعات (الهوس أو الهوس الخفيف) والانخفاضات (الاكتئاب) العاطفية.","ثنائي القطب"
ث,"جريدة عراقية رسمية؟","الثورة"
ث,"ما المصطلح الذي يشير إلى مجموعة المعارف والعادات والتقاليد والفنون التي تميّز شعبًا ما؟","ثقافة"
ث,"ماذا يُطلق على الفتحات الموجودة في أوراق النباتات التي تساعد في التنفس؟","الثغور"
ث,"ماهو الحيوان المفترس الذي يضرب به المثل بمكره ودهائه وينتمي لفصيلة الكلبيات؟","الثعلب"
ث,"ما هي الكلمة التي تعني في اللغة الهلاك والخسران؟","الثبور"
ث,"من هو الصحابي الذي أطلق عليه لقب خطيب النبي صلى الله عليه وسلم؟","ثابت بن قيس"
ث,"ما هو مرادف كلمة أجر أو حسنات؟","ثواب"
ث,"ما اللفظ الذي يعني جمع ""ثنية""، وهي موضع انحدار أو منعطف جبلي؟","ثنايا"
ث,"ما اسم النبتة الصحراوية المعروفة بأنها علف للإبل والماشية؟","ثمام"
ث,"غار في مكة اختبأ فيه الرسول صلى الله عليه وسلم وصديقه أبو بكر من المشركين؟","ثور"
ث,"ما هو ابن الماء الذي يموت إذا وضع في الماء؟","الثلج"
ث,"ما هي الكمية في الفيزياء التي تربط بين طاقة الفوتون وتردده؟","ثابت بلانك"
ث,"ما اسم الغاز الذي ينتج عن تنفس الكائنات الحية واحتراق المواد العضوية، وتساهم زيادته في ظاهرة الاحتباس الحراري؟","ثاني أكسيد الكربون"
ث,"أنا مصنوع من الماء ولكن إذا وضعت فيه أذوب؟","ثلج"
ث,"بماذا يوصف الشيء الغالي ذو القيمة العالية؟","ثمين"
ث,"من هو ابن ثابت بن قرة الذي واصل الاهتمام بالطب وأبحاث والده العلمية؟","ثابت بن سنان"
ث,"محافظة في مدينة الرياض تلقب بـأم البنادق"" وتشتهر بمعالم تراثية وقصور طينية""","ثادق"
ث,"أولد من الماء وأموت فيه؟","الثلج"
ث,"نمو حميد (ليس سرطاني) لكتلة صغيرة على سطح الجلد؟","ثالول"
ث,"ما الطبق العربي التقليدي المكوَّن غالبًا من الخبز واللحم أو المرق ويُعَدّ من أشهر الأكلات التراثية؟","ثريد"
ث,"ما هو المرض الذي يصيب فروة الشعر؟","ثعلبة"
ث,"مجموعة من الأفكار والمعلومات والخبرات التي تنتشر في مجتمع ما بسبب التأييد الاجتماعي لها، ويكون أساسها التراث.","الثقافة"
ث,"من هم الذين يكثرون الكلام بلا فائدة؟","الثرثارون"
ث,"ما الكلمة التي تعني فتحة صغيرة في جدار أو باب، قد يدخل منها النور أو الهواء؟","ثغرة"
ث,"ماذا تعني كلمة 'هاتريك' في كرة القدم؟","ثلاثة أهداف"
ث,"ما هو صوت الغنم؟","ثغاء"
ث,"ما هو الرقم القياسي العالمي في الوثب الطويل للرجال؟","ثمانية أمتار وخمسة وتسعون سنتيمتراً"
ث,"ما اللفظ الذي يُطلق على الشخص الذي يتمتع بالغنى والجاه في قومه؟","ثري"
ث,"من هو مؤلف كتاب فقه اللغة؟","الثعالبي"
ث,"ما هو اسم الشاعر تأبط شراً الحقيقي؟","ثابت بن جابر"
ث,"من هو مولى الرسول صلى الله عليه وسلم؟","ثوبان"
ث,"ما الاسم الذي يدلّ على الأرض أو التراب اللّيّن إذا ابتلّ بالماء وأصبح رطبًا؟","ثرى"
ث,"ما الاسم الذي يُطلَق على الراتينج (الصمغ) الذي تفرزه بعض الأشجار ويُستخدم في البخور؟","ثمغ"
ث,"ما هو اسم سد مشهور يقع في العراق؟","الثرثار"
ث,"ما هو المصطلح الذي يشير إلى التربة الرطبة أو الطينية؟","ثرى"
ث,"يستعمل كمضاد وأيضاً للطبخ؟","الثوم"
ث,"مملكة تقع في شرق المملكة العربية السعودية","ثاج"
ث,"ماذا تسمى الأسنان الأربع الأمامية في مقدمة الفم؟","الثنايا"
ث,"من هو الصحابي الملقب بخطيب النبي صلى الله عليه وسلم؟","ثابت بن قيس"
ث,"ما هو الشيء الخارق؟","ثاقب"
ث,"مرض يصيب فروة شعر الإنسان","ثعلبة"
ث,"ماذا يطلق على الشخص كثير الكلام الفارغ؟","الثرثار"
ث,"ما هو الاستقرار أو الثقة في مواجهة التغيرات أو التحديات؟","الثبات"
ث,"ما الاسم الذي يُطلق على الجزء من النبات الذي يحتوي على البذور ويكون غالبًا صالحًا للأكل؟","ثمرة"
ث,"من هو خطيب النبي صلى الله عليه وسلم؟","ثابت بن قيس"
ث,"ما هي المدة الزمنية للمباراة الكاملة في كرة السلة؟","ثمانية وأربعون دقيقة"
ث,"ما هي الطائفة من الحيوانات الفقارية التي ترضع صغارها؟","ثدييات"
ث,"عشب يمتد على الأرض ويشتبك كاللبدة ويُستخدم لتغطية الحدائق والملاعب ويستخدم كعلف ومراعٍ للمواشي","ثيّل"
ج,"ماذا يسمى ولد الماعز؟","الجدي"
ج,"ما اسم صغير الحمار؟","الجحش"
ج,"من أسماء النار؟","جحيم"
ج,"ما هو المضيق الذي يفصل بين أوروبا وأفريقيا؟","جبل طارق"
ج,"ما هو اسم النبات الذي يستخدم في الطب الشعبي لعلاج العديد من الأمراض ويبدأ بحرف ج؟","جنزبيل"
ج,"ما اسم الجبل الذي استقرت عليه سفينة نوح بعد الطوفان؟","الجودي"
ج,"صندوق من شجر مفتاحه الحجر؟","جوز الهند"
ج,"من هو أول عالم وضع تجربة تقديرية للمعالجة بالكائنات الحيوية؟","جورج روبورسون"
ج,"من هو الأديب الذي توفي بعد أن انهارت عليه كتبه في مكتبته بسبب كثرتها وثقلها؟","الجاحظ"
ج,"ماهي الهيئة أو الجهة المسؤولة عن مراقبة البضائع والرسوم المفروضة على الاستيراد والتصدير؟","الجمارك"
ج,"ما هو المصطلح ذو الطابع الاقتصادي والأمني المكلف بمراقبة المبادلات التجارية على الحدود وجباية الضرائب على الواردات؟","جمرك"
ج,"من الذين سخرهم الله للنبي سليمان؟","الجن"
ج,"ما هو اسم أكبر تلسكوب في العالم؟","جيمس ويب"
ج,"كورنيش جدة الذي يعتبر مفخرة معمارية وسياحية، ينتهي عند موقع ترفيهي.","جزيرة الأسد."
ج,"يطلق على البئر الذي لم يبنَ بالحجارة؟","الجب"
ج,"قطع من الأرض مفصولة عن بعضها في المحيط ماذا تسمى؟","جزر"
ج,"ما هي المنطقة السعودية التي تضم جبال القهر؟","جازان"
ج,"ما يطلق على الشخص الذي يجمع ويمنع؟","جشع"
ج,"ما المصطلح المحاسبي الذي يشير إلى حصر كمية البضائع ومعرفة قيمتها؟","جرد"
ج,"ما هي الدولة التي عاصمتها تبيليسي؟","جورجيا"
ج,"شكل من أشكال منتجات الألبان المجففة","جميد"
ج,"أحد المدن السعودية تقع في المنطقة الشرقية تُعرف بأنها اكبر مدينة صناعية في العالم","الجبيل الصناعية"
ج,"عملية تغطية الحديد بطبقة رقيقة من الزنك لحمايته من الصدأ","الجلفنة"
ج,"ماذا يسمى علم الأرض؟","جيولوجيا"
ج,"هناك لاعبان كاميرونيان فقط لعبوا لمانشستر يونايتد هما أندريه أونانا ومن؟","جيمبا جيمبا"
ج,"ما اسم البلد الذي يقع في شمال إفريقيا ويشتهر بصحرائه الواسعة؟","الجزائر"
ج,"لقب يطلق على الشجاع الجريء","جسور"
ج,"حيوان لا يشرب الماء أبدًا؟","جربوع"
ج,"من هو آخر لاعب حصل على جائزة بوشكاش في الدوري الإنجليزي؟","جرناتشو"
ج,"إحدى زوجات الرسول الكريم عليه الصلاة والسلام؟","جويرية بنت الحارث"
ج,"ما الحشرة الطائرة التي تظهر بأعداد غفيرة وقد تُلحق أضرارًا بالمحاصيل الزراعية؟","جراد"
ج,"ما هو العلم الذي يدرس الأرض؟","الجيولوجيا"
ج,"ما الجهاز الذي يحوِّل الطاقة الحركية إلى طاقة كهربائية ويُعرف بالإنجليزية باسم Generator؟","جينريتور"
ج,"ما هي القطعة من الخشب أو ما يشبهها التي تثبت على الجزء المصاب من الجسم لمنع حركته؟","جبيرة"
ج,"ما هي أحدث دولة معترف بها في العالم؟","جنوب السودان"
ج,"وصف يقال للصوت المرتفع العالي؟","جهوري"
ج,"ما المصطلح الذي يُطلق على المادة الوراثية المسؤولة عن تحديد صفات الكائنات الحية ونقلها عبر الأجيال؟","الجينات"
ج,"بما تسمى الحيوانات التي تأكل العذرة أو كل ما هو مستقذر ويحرم لحمها ولبنها؟","الجلالة"
ج,"ما اسم المضيق الذي يقع بين إسبانيا والمغرب؟","جبل طارق"
ج,"عين يقع بالقرب من الهفوف به مياه ساخنة غنية بالمعادن وتستخدم مياهه لعلاج الروماتيزم وبعض الأمراض الأخرى","الجوهرية"
ج,"ما هي أصغر دولة في قارة أفريقيا؟","جيبوتي"
ج,"من هي الصحابية التي كان اسمها عاصية فغير رسول الله اسمها لاسم آخر؟","جميلة بنت ثابت"
ج,"الاقتصاد: ما هي الصفة التي تطلق على جمع الزكاة أو جمع المال؟","جباية"
ج,"مطبوعة لها إصدار يحتوي على مادة إعلامية بصياغة صحافية من أنباء متداولة وآخر الأخبار وغيرها","جريدة"
ج,"ما هي أكبر دولة عربية من حيث المساحة؟","الجزائر"
ج,"في اللغة والأدب، الكنانة التي يجعل فيها النشاب.","جعبة"
ج,"من هو أول من أذن في السماء؟","جبريل"
ج,"ما هو العلم الذي يعنى بعلم طبقات الأرض؟","جيولوجيا"
ج,"من هو مقدم برنامج من سيربح المليون؟","جورج قرداحي"
ج,"أشد مراحل العطش وهو العطش القاتل","الجواد"
ج,"ما هو الشيء الذي يقرص المعدة؟","جوع"
ج,"ما هو الشيء الذي يدور في البيت دون أن يتحرك من مكانه مطلقًا؟","الجدار"
ج,"ما هو القارض الصحراوي الصغير ذو الأرجل الخلفية الطويلة التي تمكنه من القفز لمسافات؟","جربوع"
ج,"ما هو العلم الذي يدرس طبقات الأرض وتكوينها الصخري والعمليات الطبيعية التي شكلتها عبر العصور؟","جيولوجيا"
ج,"كلمة تطلق على الشخص البارع والخبير المتمكن في مجاله؟","جهبذ"
ج,"ما هو الشيء الذي يدور حول البيت دون أن يتحرك من مكانه مطلقاً؟","الجدار"
ج,"من هو العالم الذي اخترع المحرك البخاري وساهم بشكل كبير في الثورة الصناعية؟","جيمس واط"
ج,"من هما ملكا عمان اللذان استجابا لدعوة النبي صلى الله عليه وسلم؟","جيفر وعبد"
ج,"ما هي السلسلة الجبلية اللبنانية التي تشتهر بغابات الأرز؟","جبال الباروك."
ج,"ما هي الرياضة التي يُمكن ممارستها على القمر؟","الجولف"
ج,"من هو الرحالة الذي قام باكتشاف قارة أستراليا وإظهارها للعالم؟","جيمس كوك"
ج,"من هو أقوى الحيوانات ذاكرة؟","الجمل"
ج,"ما الفاكهة الاستوائية الغنية بفيتامين C وتُزرع في المناطق الحارة؟","جوافة"
ج,"من الممثل الذي قام بدور شخصية عين الصقر في فيلم Avengers Endgame؟","جيريمي"
ج,"ما هو الاسم الذي يطلق على جمع التكسير الذي لا تتغير فيه صورة المفرد؟","جمع المذكر السالم"
ج,"من هو العالم العربي الذي اخترع أول جهاز لتحديد الاتجاهات المغناطيسية؟","الجاحظ"
ج,"ما هي المعركة البحرية التي دمر فيها الأسطول الإنجليزي الأرمادا الإسبانية؟","جرانفيل"
ج,"ما هو اسم الجبل الذي رست عليه سفينة نوح عليه السلام؟","الجودي"
ج,"ماهي الرياضة التي تتطلب مرونة عالية وحركات دقيقة على الأرض أو على أجهزة خاصة؟","الجمباز"
ج,"هي إمكانية الفرد لعمل وظيفة معينة بشكل مناسب","جدارة"
ج,"ما اسم المسجد الذي صلى فيه النبي صلى الله عليه وسلم أول صلاة جمعة بالمدينة المنورة؟","مسجد الجمعة"
ج,"قبيلة قديمة مندثرة نزلوا بمكة عند هاجر وإسماعيل عليه السلام","جرهم"
ج,"من هو الصحابي الملقب بأبي ذر؟","جندب بن جنادة"
ج,"ما هو أضخم حفل يحتفي بصناع الترفيه في العالم العربي في مجال الفن والسينما والدراما والموسيقى والرياضة؟","جوي أوورد"
ج,"في أي دولة تم تصوير النسخة الأولى من فيلم ماوكلي؟","الجزائر"
ج,"من هو الصحابي الذي قاد المسلمين المهاجرين إلى الحبشة ودافع عن الإسلام أمام النجاشي؟","جعفر بن أبي طالب"
ج,"ما اسم الجبل الذي رست عليه سفينة نوح عليه السلام بعد الطوفان؟","الجودي"
ج,"من هو مخترع التلفاز؟","جون لوجي بيرد"
ج,"ما هو الشيء الذي يحيط بالمبنى أو الغرفة ويفصل بين المساحات؟","جدار"
ج,"شرعه الله في سبيله لإعلاء كلمته، ونصرة دينه، ودحره أعدائه، وشرعه ابتلاءً واختباراً لعباده.","الجهاد"
ج,"في أي مدينة يقع مقر منظمة العمل الدولية؟","جنيف"
ج,"ما هو أخطر أنواع الجن في المنام؟","جاثوم"
ج,"ماذا يطلق على الهاوية شديدة الانحدار؟","جرف"
ج,"ما هي الدولة التي تقع فيها مدينة كيب تاون؟","جنوب أفريقيا"
ج,"ما مرادف كلمة شجاعة؟","جرأة"
ج,"ما هو الجبل الذي توقفت عليه سفينة نوح عليه السلام؟","الجودي"
ج,"ما هي الرتبة العسكرية العليا في العديد من جيوش العالم؟","جنرال"
ج,"ما الاسم الذي يُطلق على الرسم أو الزخرفة التي تُنفَّذ على جدران المباني لأغراض فنية أو تاريخية؟","جدارية"
ج,"ما هو الحاجز الذي قسم مدينة برلين الألمانية لأكثر من 28 عامًا وكان رمزًا للحرب الباردة؟","جدار برلين"
ج,"ما نوع الخلايا التي لديها القدرة على الانقسام والتخصص لتكوين أنواع مختلفة من خلايا الجسم؟","خلايا جذعية"
ج,"ما المصطلح الفلسفي الذي يشير إلى الحوار القائم على الحجة لدحض الرأي المخالف؟","جدل"
ج,"ما هي الكلمة التي تعني لئيم الخلقة والخلق؟","الجعسوس"
ج,"ما هو العمل الأدبي الذي يُعتبر ملحمة بلاد الرافدين؟","ملحمة جلجامش"
ج,"من هو أكثر من سجل في نسخة واحدة في كأس العالم؟","جوست فونتين"
ج,"ما هو اسم صغير الكلب؟","جرو"
ج,"ما العملية الزراعية التي تُجرى عند نضج الثمار لجمع المحصول؟","جني"
ج,"مرادف لكلمة أنكر","جحد"
ج,"ما الحقبة الجيولوجية التي عاشت فيها الديناصورات وانتشرت فيها الزواحف الضخمة؟","جوراسي"
ج,"ما مرادف الصبر؟","جلد"
ج,"من هو الملاكم الذي انتصر على محمد علي كلاي؟","جو فرايزر"
ح,"ماذا كان يكنى أبو جهل قبل أن يغير الرسول صلى الله عليه وسلم كنيته؟","الحكم"
ح,"أنشدك عن عود حياته في ظلام ما يشوف النور إلا في آخر حياته، موجود لخدمة مخلوق مجهول، يأكل ويشرب، يُشبع ولا يشبع؟","الحبل السري"
ح,"ما هو صوت الشجر؟","حفيف"
ح,"ما هو الركن الخامس من أركان الإسلام؟","الحج"
ح,"أين يوجد جامع خالد بن الوليد رضي الله عنه؟","حمص"
ح,"ما هو الشيء الذي تحمله ويحملك؟","حذاء"
ح,"ما هو المرض الذي ترتفع فيه درجة حرارة الجسم؟","الحمى"
ح,"ما البقولية المشهورة التي يحمل طبقٌ شاميٌّ شهير اسمها؟","حمص"
ح,"ما هو الفعل الماضي الذي يعني أن الطفل زحف؟","حبى"
ح,"ما الذي يؤخذ من أفواه البسطاء؟","الحكمة"
ح,"أين يوجد أكبر تمثال نحاسي في العالم؟","تمثال الحرية"
ح,"اللاعب الوحيد الذي يستطيع استخدام يديه في كرة القدم شرط أن تكون داخل منطقته المخصصة هو؟","حارس المرمى"
ح,"ما يُتزيَّن به من مجوهرات وأحجار ثمينة ونحوهما.","حلي"
ح,"شيء يزيد إذا أخذت منه؟","الحفرة"
ح,"من عجائب الدنيا السبع؟","حدائق بابل المعلقة"
ح,"في الكرة الطائرة يوجد لاعب متخصص في الدفاع واستقبال الكرة، ويرتدي زيًا مختلفًا عن بقية الفريق ولا يُسمح له بالضرب الهجومي.","اللاعب الحر"
ح,"ما هو العنصر الأساسي المسؤول عن تكوين خلايا الدم؟","الحديد"
ح,"ماذا يطلق على صوت حركة أوراق الشجر؟","حفيف"
ح,"اسم يطلق على مكة والمدينة المنورة ويشير إلى مكانتهما العظيمة في الإسلام","الحرمان الشريفان"
ح,"أضخم الحيوانات اللافقرية هو؟","الحبار"
ح,"صمغ منذ القدم يستخدم لعلاج التشنجات","حلتيت"
ح,"ما اسم الحجر الذي يُقبِّله الحُجّاج في ركن الكعبة المشرفة؟","حجر الأسود"
ح,"ما الذي يفصل بين الكواكب الداخلية والخارجية؟","حزام الكويكبات"
ح,"ما هو شكل مجرة درب التبانة؟","حلزوني"
ح,"كم وصل عدد الطلاب والطالبات في جامعة الملك سعود الآن؟","حوالي 28,000"
ح,"ما الركن الإسلامي الذي يؤديه المسلمون بمكة المكرمة في شهر ذي الحجة؟","حج"
ح,"ما هو المصطلح الذي يعني مخالفة اليمين أو الحلف؟","الحنث"
ح,"ما هو الموقع الأثري في السعودية الذي يضم مدائن صالح؟","الحجر"
ح,"مصطلح نحوي يطلق على أحد أقسام الكلمة؟","حرف"
ح,"هو لقب أُطلق على الفايروس الخطير الذي يضر الأجهزة الإلكترونية","حصان طروادة"
ح,"كل قول أو فعل أو تقرير نسب الى النبي صلى الله عليه وسلم ؟","حديث"
ح,"ما هو اسم قصر الملك سعود الذي امتاز باللون الأحمر؟","الحمراء"
ح,"صفة يتصف بها الشخص وهو اسم لفتاة؟","حنان"
ح,"اسم يطلق على حيوان من الثديات ويتميز بأنه رشيق ومعروف بسرعته وجماله، ويتواجد في صحاري المملكة العربية السعودية؟","حصني"
ح,"من هو صاحب سر الرسول صلى الله عليه وسلم؟","حذيفة بن اليمان"
ح,"ماذا يسمى العنصر الكيميائي الذي يرمز له بالرمز Fe""؟""","الحديد"
ح,"مدينة يمنية؟","حضرموت"
ح,"من هو الشاعر الذي لقب بـ ""شاعر النيل""؟","حافظ إبراهيم"
ح,"ما هو اسم العلم الذي يدرس الأعداد وخصائصها؟","الحساب"
ح,"ماذا يطلق على المطبوعة التي تصدر كل عام؟","حولية"
ح,"ما المدينة السعودية الواقعة في شمال المملكة وتُعرف برالي السيارات السنوي؟","حائل"
ح,"ما هو أحد أنواع القمح؟","حنطة"
ح,"من القائل: الأم مدرسة إذا أعددتها أعددت شعباً طيب الأعراق؟","حافظ إبراهيم"
ح,"من هو الصحابي الذي لقب بـ غسيل الملائكة؟","حنظلة بن أبي عامر"
ح,"ما هو المصطلح الذي يطلق على من يحفظ القرآن الكريم كاملاً؟","الحافظ"
ح,"صحابي جليل غسلته الملائكة يوم وفاته في معركة أحد، فعُرف بلقب غسيل الملائكة","حنظلة بن أبي عامر"
ح,"ما الحويصلة التي تخزّن العصارة الصفراوية في جسم الإنسان؟","حويصلة المرارة"
ح,"ما اسم أكبر كائن حي على وجه الأرض؟","الحوت الأزرق"
ح,"ما هو اسم مرضعة النبي صلى الله عليه وسلم؟","حليمة السعدية"
ح,"مساحة واسعة تغطيها الخضرة والأشجار","حديقة"
ح,"ماذا يسمى الضيق والمشقة التي لا تُحتمل عادة، ويرخص الشرع لها حال وجودها؟","الحرج"
ح,"ما هو الشيء الذي يحيط بالبطن؟","حزام"
ح,"كساء قصير واسع يحيط بالعنق ويقع على الكتفين متدليا فوق الظهر والذراعين","الحرملة"
ح,"صحابي جليل قال عنه النبي ﷺ: إِنَّ ابنِي هذا سَيِّدٌ ، يُصْلِحُ اللهُ بهِ بين فِئَتَيْنِ من المسلمينَ""""","الحسن بن علي (رضي الله عنهما)"
ح,"ما الخيوط الطبيعية الفاخرة التي تُستخدم في نسج الأقمشة الفاخرة وتنتجها دودة القز؟","حرير"
ح,"ماذا يسمى الأنبوب الطويل الّذي يتكون من أعصاب تمتدُّ من الدماغ نزولاً إلى الظهر؟","الحبل الشوكي"
ح,"عملية جني المحصول الناضج من الحقول","الحصاد"
ح,"ما اسم أول محمية طبيعية في المملكة العربية السعودية؟","حرة الحرة"
ح,"ما هو الاسم الأول للاعب السعودي الذي حقق جائزة أفضل لاعب كرة قدم في آسيا عام ٢٠٠٥؟","حمد"
ح,"ما هي العبادة التي قال عنها النبي صلى الله عليه وسلم يرجع العبد كيوم ولدته أمه؟","الحج"
ح,"ما المصطلح العربي الذي يعني الموت أو الهلاك؟","حتف"
ح,"بما يختص علم الزولوجيا؟","الحيوانات"
ح,"صحابي جليل صاحب سر رسول الله ﷺ حيث أطلعه النبي على أسماء المنافقين","حذيفة بن اليمان (رضي الله عنه)"
ح,"من هم سيدا شباب أهل الجنة؟","الحسن والحسين"
ح,"من هو الهداف التاريخيّ لنادي الاتحاد السعودي؟","حمزة إدريس"
ح,"ما هي السورة التي سميت على اسم أحد العناصر الطبيعية؟","الحديد"
ح,"حبوب من التوابل تسمى بالهيل","الحبهان"
ح,"سيدة أودعت عندها النسخة الأولى من المصحف الشريف؟","حفصة بنت عمر بن الخطاب"
ح,"ما المصطلح الذي يُطلق على القول العميق الذي يحتوي على تجربة أو درس يُستفاد منه في الحياة؟","حكمة"
ح,"ما المدينة السورية التي تُسمّى مدينة خالد بن الوليد؟","حمص"
ح,"مايطلق على الشوق العاطفي إلى ماضٍ جميل أو مكان محبوب؟","حنين"
ح,"ما هو المفهوم الذي يعني عدم الانحياز أو الميل في الموقف إلى طرف أكثر من آخر؟","الحياد"
ح,"ما هو العنصر الذي رمزه Fe؟","الحديد"
ح,"ما يزاد على أطراف الكتاب وجوانبه من شروح وتعليقات وإيضاحات ونحوها.","حاشية"
ح,"ماذا تسمى الجائزة التي تمنح لأكثر لاعب حقق أهداف في بطولة الدوري؟","الحذاء الذهبي"
ح,"ما هو المعلم الذي يُعد من عجائب الدنيا السبع القديمة ويبدأ بحرف ح؟","حدائق بابل المعلقة"
ح,"ما هو اسم الفاكهة قبل النضج؟","حصرم"
ح,"ما هي المدينة السعودية الملقبة بعروس الشمال؟","حائل"
ح,"ما المادة التي تُنتَج من ضرع الحيوانات ويُصنَع منها اللبن والجبن؟","حليب"
ح,"هي صخرة ناصعة البياض قد أنزلها الله سبحانه وتعالى إلى الأرض ولكن قد تأثرت بذنوب خلق الله حتى اسودّت من شدة معاصيهم","الحجر الأسود"
ح,"مدينة في شمال سوريا قريبا.","حلب."
ح,"هو بساط صغير منسوج من الخوص","الحصير"
ح,"اسم بمعنى أسد؟","حيدرة"
ح,"كلمة بمعنى الازدحام والاكتظاظ","حشد"
ح,"مادة تستخدم في تسريع التفاعل الكيميائي؟","التحفيز"
ح,"ما القيمة الأخلاقية التي تعني المعاملة الطيبة والسلوك الرفيع؟","حسن"
ح,"ما هو الاسم العربي لكلمة لابة؟","حمم"
ح,"من هو الصحابي الذي أراد إرسال رسالة لقريش قبل غزو الرسول لمكة؟","حاطب بن أبي بلتعة"
ح,"ما اسم زوجة حاتم الطائي؟","حليمة"
ح,"ما معنى كلمة الحنشل عند أهل البادية؟","الحرامية"
ح,"ما هو الزاحف المشهور بقدرته الفائقة على تغيير لون جلده للتخفي أو التواصل؟","الحرباء"
ح,"ما القيمة الأخلاقية التي تعني الصبر على الآخرين وعدم التسرّع في الانتقام؟","حلم"
ح,"هو شاعرٌ اشتهر بكرمه قبل فصاحته عند قومه وقد ذُكر أنه من أكرم العرب في زمانه فمن يكون؟","حاتم الطائي"
ح,"ما هو الحيوان الذي حبس نبي بأمر الله يونس عليه السلام؟","الحوت"
ح,"من أقسام الكلمة؟","الحرف"
ح,"ما هو الشيء الذي تحمله ويحملك في نفس الوقت؟","حذاء"
ح,"ما الاسم العربي للبهار المعروف بالهيل؟","حبهان"
ح,"ما هو الشيء الوحيد الذي يراه الكفيف؟","الحلم"
ح,"من هو صاحب سر الرسول؟","حذيفة بن اليمان"
ح,"ما هي الكلمة التي تعني زحف المولود الصغير؟","حَبْو"
خ,"ما هو اسم أعمق نقطة في المحيطات؟","خندق ماريانا"
خ,"شيء يكتسبه الشخص بعد الاستمرار على فعل شيء ما؟","خبرة"
خ,"ما هي الكلمة التي تستخدم للإشارة إلى الحديث الذي لا معنى له أو الذي يحتوي على معلومات مختلطة وغير صحيحة؟","خنشار"
خ,"اسم أخويها صخر ومعاوية وتعتبر من أشهر النساء؟","الخنساء"
خ,"حالة تصيب مفاصل الإنسان خصوصاً مفصل الركبة بسبب تقدم العمر أو زيادة الوزن ينتج عنها احتكاك وألم؟","الخشونة"
خ,"ما معنى الصافنات الجياد في قوله تعالى: (إِذْ عُرِضَ عَلَيْهِ بِالْعَشِيِّ الصَّافِنَاتُ الْجِيَادُ)؟","خيول"
خ,"ما الاسم الذي يُطلق على مجموعة من الإجراءات المرتبة تهدف إلى تحقيق هدف معين؟","خطة"
خ,"الإصبع الخامسة من أصابع اليد في الناحية الزندية منها","خنصر"
خ,"من هي الصحابية التي نزل في حوارها مع الرسول صلى الله عليه وسلم قرآن يُتلى؟","خولة بنت ثعلبة"
خ,"هو شكل مطبوع بحبر سائل يستخدم كبديل للتوقيع لإثبات رؤية الشخص لوثيقة أو مستند ما.","الختم"
خ,"ما معنى كلمة الإكوادور؟","خط الاستواء"
خ,"ما هي الوحدة الأساسية والوظيفية في الكائنات الحية؟","خلية"
خ,"ما هو اسم التمر في مرحلة النضج الكامل؟","خلاص"
خ,"ما هو الاسم الذي يطلق على صوت النمر؟","خرخرة"
خ,"ما هو الحيوان الذي لا يرى بعينيه لكنه يرى بأذنيه؟","الخفاش"
خ,"هو لقبٌ اكتسبه الرسول ﷺ وهي رمزية لكونه آخر الرسل الذي اُوحي اليهم من الله سبحانه وتعالى حتى قيام الساعة فما هو هذا اللقب؟","خاتم الأنبياء"
خ,"ما النبتة البريّة التي تؤكل أوراقها وتُعرَف أحيانًا باسم الملوخيا البريّة؟","خبيزة"
خ,"ما الإقليم التاريخي في آسيا الوسطى الذي اشتهر بعلمائه في العهد العباسي؟","خوارزم"
خ,"ما اللون الناتج عن مزج الأزرق والأصفر؟","الأخضر"
خ,"ما المصطلح الذي يُستخدم لوصف القدرة على الحركة السريعة دون بذل جهد كبير؟","خفة"
خ,"من درجات الصداقة في اللغة العربية وهو من تتخلل محبته الروح الصديق الخالص الصادق في علاقته","الخليل"
خ,"ما المدينة المغربية المشهورة بمناجم الفوسفات وتسمى عاصمة الفوسفات؟","خريبكة"
خ,"شيء مهم في حياتنا يفقد ذيله إذا مشى خطوات إلى الأمام؟","الخيط"
خ,"من هي المجادلة التي ذكرت في القرآن الكريم؟","خولة بنت ثعلبة"
خ,"ما هي نهاية كل شيء؟","خاتمة"
خ,"من هو القائد المسلم الذي قاد معركة اليرموك؟","خالد بن الوليد"
خ,"هو الشخص الودود خالص الوفاء ورفيق الروح؟","خليل"
خ,"ما هو الاسم الذي يطلق على المشرق والمغرب معاً؟","الخافقان"
خ,"ماذا يسمى طلب الرجل يد المرأة للزواج، وتعتبر وعداً بالنكاح ومقدمة له؟","خطبة"
خ,"كم عدد أركان الإسلام؟","خمسة"
خ,"من هو الشخص الذي كان محارباً كبيراً وبنى الهرم الأكبر؟","خوفو"
خ,"ما العشبة التي تُستعمَل زيتها كملين وتُستخدم في الطب البشري والبيطري؟","خروع"
خ,"ما اسم الحيوان الذي يبدأ بحرف الخاء ويُعتبر من الحيوانات البحرية؟","خيار البحر"
خ,"تجمع للقيح والصديد في أي جزء من الجسم مما يسبب تورم والتهاب المنطقة المحيطة به.","خراج"
خ,"من هي أول من سجدت لله بعد الرسول صلى الله عليه وسلم؟","خديجة بنت خويلد"
خ,"فرغ الإناء أو المكان لما به؟","خلى"
خ,"ما هو الشيء الذي يحوي مدنًا بلا بيوت وغابات بلا أشجار، وبحارًا بلا ماء؟","الخريطة"
خ,"من هو عالم الرياضيات الذي وضع أسس علم الجبر؟","الخوارزمي"
خ,"رداء على الرأس يضعه الإنسان للحماية من المخاطر","خوذة"
خ,"ما اسم شخصية الفنان محمد هنيدي في فيلم صعيدي في الجامعة الأمريكية؟","خلف الدهشوري خلف"
خ,"ما الحذاء التراثي المصنوع من الجلد ويُلبَس قديمًا في بعض البلاد العربية؟","خف"
خ,"ماذا تسمى نهاية الشيء، وتستخدم للإشارة إلى الفقرة الأخيرة في الكتاب التي تلخص الأفكار؟","الخاتمة"
خ,"من أول من أسلم من النساء؟","خديجة بنت خويلد"
خ,"خلق في الإنسان يكون حميداً أو رذيلاً، أو جزء قليل من الشعر؟","خصلة"
خ,"دوام وبقاء أو الحياة الأبدية؟","الخلود"
خ,"من هو الطائر الذي يمكنه الرؤية حتى لو عصبت عينيه؟","خفاش"
خ,"كلمة تشير إلى عيب أو عطب تسبب في انعدام آداء المهمة بشكل صحيح","خلل"
خ,"ما الموسم الذي يلي الصيف ويتّسم بتساقط أوراق الشجر في المناطق المعتدلة؟","خريف"
خ,"من اكتشف النفط في السعودية؟","خميس بن رمثان"
خ,"ما الفعل الذي يعني الاستسلام والخضوع مع انعدام المقاومة؟","خنوع"
خ,"ما هي أعمق نقطة في المحيطات؟","خندق ماريانا"
خ,"حبوب صغيرة تُستعمل في صناعة الأساور","خرز"
خ,"ما هو الاسم الذي يطلق على بعض شركات الطيران؟","خطوط جوية"
خ,"هو نوع من أنواع التمور، تشتهر به مناطق القصيم، الخرج والأحساء","الخلاص"
خ,"من هو قائل عبارة لا نامت أعين الجبناء؟","خالد بن الوليد"
خ,"ما البذور التي تُستخدَم في صنع الصلصات وتوابل الطعام بطعم لاذع؟","خردل"
خ,"ماذا يطلق على ماينقل ويحدّث به قولًا أو كتابة؟","خبر"
خ,"ما الأرض التي فتحها المسلمون في عهد النبي بعد معركة قصيرة مع اليهود؟","خيبر"
خ,"ما هو الاسم الذي يطلق على ذكر الأرنب؟","خزز"
خ,"ما هي الغزوة التي تسمى بغزوة الأحزاب؟","الخندق"
خ,"ما هو الحيوان الذي يبيض كالطيور ولكنه من الثدييات؟","خلد الماء"
خ,"ما هو طعام الباندا المفضل؟","خيزران"
خ,"أداة متواجدة في اللباس الرسمي لأهل عمان وأهل اليمن","خنجر"
خ,"مرادف الحياء؟","خجل"
خ,"في قصة موسى والخضر ماذا فعل الخضر عندما ركبا في السفينة؟","خرق السفينة"
خ,"اسم يرمز إلى طول العمر","خالد"
خ,"ما المصطلح الذي يُطلق على تصورات الإنسان غير المرتبطة بالواقع والتي تنبع من الإبداع أو الرغبة؟","خيال"
خ,"ما هو العنصر الكيميائي الذي رمزه يبدأ بحرف الخاء؟","الخارصين"
خ,"من أهم طرق مدينة الرياض؟","خريص"
خ,"من هي الشاعرة الصحابية التي اشتهرت برثاء أخويها صخر ومعاوية؟","خنساء"
خ,"ما هو المصطلح الذي يُستخدم لوصف خطوات حل المشكلة في علم الحاسوب؟","الخوارزميات"
خ,"ما اسم الظاهرة الطبيعية التي تحصل عندما تكون الأرض بين القمر والشمس؟","الخسوف"
خ,"ما هو الاسم العلمي لمرض الزهايمر؟","الخرف"
خ,"من الصحابي الذي قُتل بعد أسره في مكة وظل ثابتًا على دينه حتى آخر لحظة؟","خبيب بن عدي"
خ,"هو امتداد واسع في الأرض يحدثه بحر؟","خليج"
خ,"اسم يطلق على السحاب التي ليس فيها رعد ولا برق","خرساء"
خ,"ما هو المصطلح الذي يُشير إلى سلسلة من التعليمات الرياضية أو المنطقية المترابطة، والتي تُستخدم لتحليل البيانات أو حل المشكلات في مجالات الحوسبة المختلفة؟","خوارزميات"
خ,"ما هو الشيء الذي أشغل سليمان عليه السلام عن ذكر الله؟","الخيل"
خ,"ما هو الحيوان الوحيد من الثدييات قادر على الطيران؟","الخفاش"
خ,"كلمة قاموسية معناها الختال؟","خداع"
خ,"من هو الصحابي الملقب بسيف الله المسلول؟","خالد بن الوليد"
خ,"انعقاد اللسان عن الكلام؟","خرس"
خ,"من هو الملك الفرعوني الذي قام ببناء تمثال أبي الهول؟","خفرع"
خ,"ما أول وزارة أمر الملك عبدالعزيز طيب الله ثراه بتأسيسها في عام 1349 للهجرة؟","وزارة الخارجية"
خ,"ما هي المتلازمة الأكثر شيوعاً بين كبار السن؟","خرف"
خ,"ما اسم الحيوان الذي يُعرَف في العربية أحيانًا بوصفه ""وحيد القرن""؟","خرتيت"
خ,"ما هو الاسم الذي يطلق على قديم الخمر وعتيقه في اللغة؟","خندريس"
خ,"من أين تحصل الأسماك في البحار على الأوكسجين؟","الخياشيم"
خ,"ما هو اسم البن الذي تشتهر به جازان؟","خولاني"
خ,"ما الولاية الجزائرية الواقعة في جبال الأوراس وتشتهر ببرودتها شتاءً؟","خنشلة"
خ,"هو خط عرض تتعامد عليه أشعة الشمس مرتين في السنة .. فما هو ؟","خط الاستواء"
خ,"من هو القائد الذي هزم هرقل في موقعة اليرموك؟","خالد بن الوليد"
خ,"من هو الصحابي الذي لُقّب بـ ""سيف الله المسلول""؟","خالد بن الوليد"
خ,"من هو الصحابي الذي سماه الرسول محمد صلى الله عليه وسلم بسيف الله المسلول؟","خالد بن الوليد"
خ,"أين نجد البحر الذي لا يحتوي على قطرة مياه؟","الخريطة"
خ,"ما هو أعمق نقطة في المحيطات؟","خندق ماريانا"
خ,"من هي أول من آمن من النساء؟","خديجة بنت خويلد"
خ,"ما هي وحدة البناء الأساسية في جسم الإنسان؟","الخلية"
خ,"ما هو اسم بيت الأرنب؟","خرق"
خ,"ما هو صوت البقرة؟","خوار"
د,"ما هي عاصمة البن الخولاني السعودي؟","محافظة الدائر بني مالك"
د,"ما اسم الواحة والبلدة السعودية الهامة التي جرى فيها التحكيم بعد معركة صفين؟","دومة الجندل."
د,"أكمل المثل الشعبي: كل عود فيه ...","دخان"
د,"من الزواحف المنقرضة؟","ديناصور"
د,"ما هو الشيء الذي ليس له بداية وليس له نهاية؟","الدائرة"
د,"من هو النبي الذي أنزل عليه الزبور؟","داود عليه السلام"
د,"ما هو ليل شديد الظلمة؟","ديجور"
د,"من هو النبي الذي كانت تسبح معه الجبال؟","داوود"
د,"حيوان ذكي يتميز بحاسة شم قوية تعوضه عن ضعف البصر؟","الدب القطبي"
د,"حيوان بحري يصنف من الثدييات","دلفين"
د,"ما الحيوان القارت الذي يستطيع أكل العسل ويتسلق الأشجار ويعدّ من الثدييات؟","دب"
د,"من هو الصحابي الذي كان جبريل ينزل على هيئته؟","دحية بن خليفة الكلبي"
د,"ما هي أقدم عاصمة عربية؟","دمشق"
د,"من هو النبي الذي سخر الله له الجبال؟","داود"
د,"ماذا يطلق على الصوت الشديد والّذي ينتج عن انفجار أو رعد أو نحوه؟","دوي"
د,"ما عاصمة تنزانيا الرسمية التي كانت قديمًا تُسمَّى ""مزامبيا""؟","دار السلام"
د,"ما الثديي المائي الذي يتنفس من فتحة أعلى رأسه ويتميّز بذكائه العالي؟","دلفين"
د,"أين تم اكتشاف أول بئر نفط في السعودية؟","بئر الدمام"
د,"ماذا تسمى العين الواسعة شديدة البياض أو السواد؟","دعجاء"
د,"ما الشكل الهندسي الذي لا يحتوي على زوايا؟","دائرة"
د,"من هو الشخص النبيل الذي يحكم الدوقية وتاريخياً هو أقل رتبة من الملك؟","دوق"
د,"ماهي عاصمة أيرلندا؟","دبلن"
د,"من هو مخترع أول فأرة كمبيوتر؟","دوغلاس إنجلبارت"
د,"ما هو الهرمون المسؤول عن السعادة؟","الدوبامين"
د,"ما أكثر الكائنات الحية عدداً فوق كوكبنا؟","ديدان"
د,"تعد من طرق التكاثر في النبات ومن أشهر أمثلتها البطاطس فماذا تسمى؟","الدرنات"
د,"قوات مشتركة مؤلفة من جيوش دول الخليج تهدف إلى حماية أمن واستقرار دول المجلس","درع الجزيرة"
د,"من هو الملقب بـ أبو اليقظان؟","الديك"
د,"أكلة حلوة تشتهر بفتحة دائرية في المنتصف؟","دونات"
د,"من هو آخر نبي يُدفَن؟","دانيال"
د,"كتلة من سائل أو غاز تتحرك بحركة دائرية وتكثر في الأنهار والبحار تبدأ بحرف الدال","دوامة"
د,"من اللاعب الإنجليزي الذي لعب مع ريال مدريد؟","ديفيد بيكهام"
د,"ما المصطلح الإسلامي الذي يعني تبليغ رسالة الإسلام للناس كافة؟","دعوة"
د,"ما هي العاصمة التي تلقب بالفيحاء أو مدينة الياسمين؟","دمشق"
د,"ما هو تعريف الصلاة في اللغة؟","الدعاء"
د,"هي لعبة فيديو قصصية تتناول أحداث المستقبل بعد احتلال العالم من قبل الروبوتات وكيف تطورت هذه الأجهزة حتى أصبحت تبدو كما يبدو شكل الإنسان وتشعر بما يشعر به الإنسان تماماً","ديترويت"
د,"من هو أكثر ممثل حقق جائزة الأوسكار؟","دانيال دي لويس"
د,"من مرادفات كلمة (مرض)","داء"
د,"ما هو صوت النمل؟","دبيب"
د,"ما هو العضو الذي يقع في الرأس ويتحكم في جميع وظائف الجسم؟","الدماغ"
د,"من أذكى المخلوقات البحرية؟","دلفين"
د,"ما هي عاصمة أيرلندا؟","دبلن"
د,"ما هو الاسم العلمي لمرض السل؟","الدرن"
د,"ماذا تسمى عملية تحويل جلد الحيوان بعد سلخه إلى منتج مفيد؟","الدباغة"
د,"يخرج من العلبة ويمشي على السير وياكل ويشرب وان غدا مايدلي يأذن ويدعي طالب الخير للخير لكن معنا مانشوفه يصلي","الديك"
د,"من هو النبي الذي قتل جالوت؟","داوود"
د,"من هو اللاعب الذي لعب بجانب كريستيانو رونالدو، ميسي، نيمار، راموس، وأشرف حكيمي؟","دي ماريا"
د,"ما هي المركبة الضخمة التي تتمتع بقدرات عالية على المناورة والمشي على أصعب التضاريس وتستخدم في الحروب والمعارك؟","دبابة"
د,"ما الحشرة التي تنتج الحرير الطبيعي وتشتهر في صناعة الأقمشة الفاخرة؟","دودة القز"
د,"حيوان ينام وعيونه مفتوحة؟","الدلفين"
د,"ما هي الجوهرة والدرة الثمينة، كما أنها حبة اللؤلؤ؟","الدانه"
د,"ما اسم الكتاب الذي ألفه ابن خلدون ويُعتبر من أهم كتب التاريخ؟","دواوين التاريخ"
د,"هو عالم طبيعي وأحيائي وجيولوجي بريطاني وأهم نظرياته الانتخاب الطبيعي؟","داروين"
د,"ما هو العضو الذي يُعتبر مركز التحكم في الجهاز العصبي في جسم الإنسان؟","الدماغ"
د,"ما هو أغلى أنواع العطور العربية؟","دهن العود."
د,"ما الناقل العصبي الذي يلعب دورًا مهمًا في الشعور بالمكافأة والتحفيز في الدماغ؟","دوبامين"
د,"ما هو أقدم علم في العالم؟","الدنمارك"
د,"ما معنى كلمة “عَبرة” في اللغة العربية؟","دمعة"
د,"من هو قائد الجيش الثوري في ون بيس؟","دراجون"
د,"شخص من أهل البادية وظيفته مرافقة المسافرين والقوافل وإرشادهم إلى الطريق الصحيح","دليل"
د,"ما هو الطائر الذي يكنى بأبي اليقظان؟","الديك"
د,"ما اسم المركز العلمي الذي أسسه العباسيون في بغداد وكان منارة للترجمة والبحث العلمي؟","دار الحكمة"
د,"متجر لبيع الأشياء.","دكان"
د,"ما هو المصطلح الذي يشير إلى برنامج ضار ينسخ نفسه وينتشر عبر الشبكات؟","دودة الكمبيوتر"
د,"ما هي أول عملة في تاريخ الإسلام؟","دينار"
د,"ما هو اسم عبقور في النسخة اليابانية؟","دورايمون"
د,"ما الظاهرة الجوية التي تنشأ عند التقاء تيارات هوائية مختلفة السرعة والاتجاه فتشكِّل التفافًا دوّاميًا؟","دوامة"
د,"ماذا تسمى المرحلة التعليمية التي تشمل الماجستير والدكتوراه؟","دراسات عليا"
د,"اسم من أسماء السطل","الدلو"
د,"ما هو المصطلح الذي يطلق على صعوبات القراءة؟","ديسلكسيا"
د,"ما هو اسم صوت النحل؟","الدوي"
د,"من هو الصحابي الذي كان جبريل عليه السلام يتشكل أحيانًا في صورته أمام النبي محمد ﷺ؟","دحية الكلبي"
د,"يطلق على القادسية لقب فارس الخبر وعلى الاتفاق فارس ال...؟","الدهناء"
د,"ما هو نوع الحيوان الذي يمكنه النوم بينما إحدى عيونه مفتوحة؟","الدرفيل"
د,"نبي الله تعالى كان حسن الصوت وكانت الجبال والطيور تسبح بتسبيحه وهو والد نبي الله سليمان عليه السلام","داوود"
د,"ما الوصف الذي يُطلق على الشيء الذي لا ينقطع أو لا يتغير مع الزمن؟","دائم"
د,"ما الاسم الذي يُطلق على نظام الحكم الذي يقوم على مشاركة الشعب في اتخاذ القرار؟","ديموقراطية"
د,"ما هو العضو الذي يتحكم في التفكير والذاكرة؟","الدماغ"
د,"ماذا يطلق على الأسد القوي الشجاع؟","درغام"
د,"ما هو الحيوان الموجود في شعار نادي أتلتيكو مدريد الإسباني؟","دب"
د,"هو الشخص الذي يحل محل الممثل في مشاهد معينة، مثل مشاهد الحركات الخطرة وغيرها","الدوبلير"
د,"من هو مدرب مارسيليا؟","دي زربي"
د,"محافظة سعودية تتبع منطقة الرياض","الدلم"
د,"ما هو المكان الذي اجتمعت فيه قريش ليلة الهجرة للتآمر على الإسلام؟","دار الندوة"
د,"ما هي أقدم مدن العالم التي لا تزال مأهولة بالسكان؟","دمشق"
د,"ما الحيوان الثديي الذي يعيش في القطب الشمالي ويتميز بمعطفه الأبيض؟","دب قطبي"
د,"شيء نستخدمه للكتابة؟","دفتر"
د,"هذا الجزء من جسم الإنسان يكون أكثر نشاطًا خلال النوم فما هو؟","دماغ الإنسان"
د,"حشرة مشهورة باللون الأحمر مع نقط سوداء؟","دعسوقة"
د,"عين شديدة السواد ماذا تسمى؟","دعجاء"
د,"ما الصفة التي تعني لين الطبع وحُسن المعاملة ورِقّة الخُلُق؟","دماثة"
د,"ما هو الشيء الذي يحمل الماء ولا يتبلل؟","الدلو"
د,"من هو الشخص الذي حقق كأس العالم كلاعب وكمدرب؟","ديديه ديشامب"
د,"ماذا تسمى العين الواسعة شديدة البياض والسواد ؟","دعجاء"
د,"ما المكان الذي اجتمعت فيه قريش ليلة الهجرة للتآمر على النبي صلى الله عليه وسلم؟","دار الندوة"
د,"ما هو اسم أكبر تنانين دانيريس في مسلسل صراع العروش؟","دروغون"
د,"ما هو المصطلح العلمي الذي يعني دراسة السكان وإحصائياتهم؟","ديموغرافيا"
د,"ما هو اسم الأمين العام الثاني للأمم المتحدة؟","داغ هامرشولد"
د,"نبات شائع يُستخرج من بذوره زيت لقلي الطعام؟","دوار الشمس"
د,"ما الاسم الذي يُطلق على القصيدة التي تنتهي أبياتها بحرف الدال؟","دالية"
ذ,"في أي شهر هجري يؤدي المسلمون فريضة الحج؟","ذو الحجة"
ذ,"حشرة ذكرت في القران الكريم ؟","ذبابة"
ذ,"من هو الشاعر الأموي الذي اشتهر بوصف الصحراء والحيوانات، وله ديوان شعر معروف؟","ذو الرمة"
ذ,"ما المصطلح الذي يُستخدم للدلالة على النقد السلبي أو الكلام الذي يعبّر عن عدم الرضا؟","ذم"
ذ,"ما اسم السيف الشهير الذي انتقل لعلي بن أبي طالب واشتهر في المعارك الإسلامية؟","ذو الفقار"
ذ,"ما هو المصطلح الاقتصادي الذي يُطلق على النفط لأهميته الاقتصادية؟","الذهب الأسود"
ذ,"ما هو نوع الذهب الذي يتميز بلونه الوردي الجذاب نتيجة خلطه بالنحاس؟","ذهب وردي"
ذ,"حالة من الخوف الشديد أو الرعب المفاجئ","ذُعر"
ذ,"ما هو الكائن الأسطوري أو الحيوان الذي يمتلك رأسين؟","ذو الرأسين"
ذ,"ما هو نوع الذرة الذي يستخدم عادة في صناعة الفشار وفي تغذية الحيوانات؟","ذرة صفراء"
ذ,"ما اسم المعركة الشهيرة التي انتصر فيها العرب على الفرس قبل الإسلام؟","ذي قار"
ذ,"ماهو ميقات أهل العراق ومن جاء عن طريقهم؟","ذات عرق"
ذ,"من الشخصية القرآنية التي ارتحلت بين المشرق والمغرب وأقامت سدًّا أمام يأجوج ومأجوج؟","ذو القرنين"
ذ,"ما هو الجسيم الصغير جدًا الذي يتكون من جزيئات متناهية الصغر معلقة في الهواء؟","ذرة الغبار"
ذ,"ما الشعيرة الإسلامية التي تشمل النطق بالتسمية وإراقة دم الحيوان بشكل مشروع؟","ذكاة"
ذ,"ما المصطلح الفقهي للذبح الشرعي بإراقة الدم مع ذكر اسم الله؟","ذكاة"
ذ,"ما هو نوع الذاكرة في الحاسوب التي يمكن الوصول إلى أي جزء منها مباشرة وتفقد محتوياتها عند إيقاف تشغيل الجهاز؟","ذاكرة عشوائية"
ذ,"ما هو الجزء الذي يتكون من الغازات والغبار الذي يتبخر من نواة المذنب ويشكل هالة حوله؟","ذنب المذنب"
ذ,"ما هو نوع الذكاء الذي يميز القدرات المعرفية للإنسان، مثل التفكير والإبداع والوعي الذاتي؟","ذكاء بشري"
ذ,"ما هي أعلى نقطة يمكن الوصول إليها أو أقصى درجة في شيء ما؟","ذروة"
ذ,"كلمة بمعنى انتشر وشاع الخبر","ذاع"
ذ,"القدرة على فهم الآخرين وقراءة إشاراتهم اللفظية وغير اللفظية والتعامل معهم حسب اختلافاتهم","الذكاء الاجتماعي"
ذ,"ما الصفة العقلية التي تدلّ على سرعة البديهة وحسن الفهم؟","ذكاء"
ذ,"ما هو اللقب الذي اشتهر به الملك الحميري سيف بن ذي يزن؟","ذو يزن"
ذ,"ما هي القدرة على استرجاع المعلومات والخبرات التي اكتسبها الشخص عبر الزمن؟","ذاكرة الكاتب"
ذ,"ما هو الاهتزاز المنتظم الذي ينتج صوتًا ويستخدم في تكوين الألحان الموسيقية؟","ذبذبة موسيقية"
ذ,"ما هي الموجات التي تنتقل عبر وسط مادي وتُحدث إحساسًا بالسمع عند وصولها إلى الأذن؟","ذبذبات صوتية"
ذ,"ما يطلق على الانكسار والخضوع و الهوان؟","الذل"
ذ,"ما هي القدرة على فهم وإدارة المشاعر الخاصة بالفرد ومشاعر الآخرين؟","ذكاء عاطفي"
ذ,"ماذا يسمى الحيوان الذي تم تذكيته بالطريقة الشرعية؟","ذبيحة"
ذ,"ما هو الاسم الذي يطلق على الحيوان الذي يتغذى على بقايا الحيوانات الميتة؟","ذباب الجيفة"
ذ,"ما هي الظاهرة الطبيعية التي تحدث نتيجة ارتفاع درجات الحرارة وتؤدي إلى تحول المادة الصلبة إلى سائلة؟","ذوبان الجليد"
ذ,"ما هو المصطلح الطبي الذي يشير إلى اضطراب عقلي يتميز بفقدان الاتصال بالواقع، وقد يشمل الهلوسة والأوهام؟","ذهان"
ذ,"من هو أحد ملوك حمير اليمنيين القدماء الذي اشتهر بقوته وشجاعته؟","ذو الكلاع"
ذ,"ما هي الذرة التي تُعد أساس الحياة العضوية وتدخل في تركيب جميع الكائنات الحية؟","ذرة الكربون"
ذ,"ما هو العنصر الذي رمزه Au؟","الذهب"
ذ,"ما هي القدرة الحسية التي تمكن الإنسان من التمييز بين النكهات المختلفة للطعام والشراب؟","ذوق"
ذ,"ما هو الجزء الخلفي من الطائرة الذي يساعد في التحكم في اتجاهها واستقرارها؟","ذيل الطائرة"
ذ,"ما هو فرع علوم الحاسوب الذي يهتم بمحاكاة السلوك الذكي للإنسان؟","الذكاء الاصطناعي"
ذ,"ما الكلمة العربية التي تعني السُّم القاتل الذي يذهب بالحياة فورًا؟","ذعاف"
ذ,"ما هي الحالة النفسية من الخضوع والانكسار التي تنتج عن الهزيمة؟","ذلة"
ذ,"أحد أسماء القرآن الكريم وُرد ذكره في سورة آل عمران","الذكر الحكيم"
ذ,"ما هو المصطلح المحاسبي للمبالغ المستحقة للشركة لدى الغير؟","ذمم مدينة"
ذ,"ما هو مصطلح يطلق على العملات الورقية التي كانت تستخدم كبديل للذهب في المعاملات التجارية؟","ذهب الورق"
ذ,"ما هو أكثر المعادن قابلية للتمدد؟","الذهب"
ذ,"ما هو الطرف العلوي من جسم الإنسان، والذي يمتد من الكتف إلى اليد؟","ذراع"
ذ,"ما هو المعدن الثمين الذي يستخدم في صناعة المجوهرات ويتميز بلونه الفضي اللامع؟","ذهب أبيض"
ذ,"ما هو المصطلح الطبي الذي يصف ألمًا حادًا في الصدر، غالبًا ما يكون بسبب نقص تدفق الدم إلى عضلة القلب؟","ذبحة"
ذ,"ما هو الشعور النفسي الشديد الذي يتميز بالخوف والقلق المفاجئ وغير المبرر؟","ذعر"
ذ,"ما هي القدرة العقلية التي تسمح بتخزين واسترجاع المعلومات والخبرات؟","ذاكرة"
ذ,"ما المعدن الثمين الذي صُنِعَت منه العملات والحُليّ عبر التاريخ؟","ذهب"
ذ,"ما هو اسم العملة القديمة التي كانت تستخدم في بعض الدول العربية والإسلامية، وكانت تصنع من الذهب؟","ذهبان"
ذ,"ما الطرف الخلفي في جسم الحيوان الذي يستخدمه للتوازن أو التعبير عن الحالة؟","ذيل"
ذ,"حيوان مفترس يعيش في البرية ويشتهر بالعيش في جماعات ويضرب به المثل بالشجاعة","ذئب"
ذ,"ما هي الذرة التي تُعد مكونًا رئيسيًا للغلاف الجوي للأرض وتدخل في تركيب البروتينات؟","ذرة النيتروجين"
ذ,"ما هو الجزء الممتد من نهاية جسم الحيوان، والذي قد يستخدم للتوازن أو التعبير؟","ذيل"
ذ,"ما هو نوع الذاكرة غير المتطايرة التي تستخدم لتخزين البيانات في الأجهزة الإلكترونية مثل الهواتف والكاميرات؟","ذاكرة فلاش"
ذ,"ما هو المفهوم الذي يشير إلى القدرة المعرفية التي تنشأ من تعاون وتفاعل مجموعة من الأفراد أو الكائنات؟","ذكاء جماعي"
ذ,"ما هو الفعل الذي يعني ذكر المساوئ أو العيوب في شخص ما؟","ذم"
ذ,"من النبي الذي ورد اسمه في القرآن الكريم وحمل لقب ""الكفل""؟","ذو الكفل"
ذ,"حالة من الشرود والحيرة والاضطراب الذهني المؤقت ناتجة عن صدمة تؤدي إلى عدم القدرة على التركيز","ذهول"
ذ,"ما هو أول فيلم أنتج في السعودية؟","الذباب"
ذ,"من هو الحيوان الذي لا يلد ولا يبيض؟","الحيوان الذكر"
ذ,"ما الشيء الذي يبقى في النفس من أحداث الماضي ويُوقظ الحنين؟","ذكرى"
ذ,"ما المصطلح الذي يعني الغياب المفاجئ للإدراك وفقدان التركيز؟","ذهول"
ذ,"ما هو ميقات أهل المدينة ومن في وجهتهم؟","ذو الحليفة."
ذ,"ما الفعل الذي يعني قطع رأس حيوان أو إنسان بسلاح حاد؟","ذبح"
ذ,"ما هو الاسم الذي يطلق على أصغر جسيم من التراب؟","ذرة تراب"
ذ,"ما هو الجزء الذي يمتد من مؤخرة جسم بعض الحيوانات ويستخدم للتوازن أو التواصل؟","ذنب"
ذ,"ما هو الاسم الذي يُطلق على تسريحة الشعر التي تُجمع فيها خصلات الشعر الطويلة في مؤخرة الرأس؟","ذيل الحصان"
ذ,"ماذا يسمى من لديه فصاحة اللسان وبلاغة الكلام؟","ذلق اللسان"
ذ,"من هو الملك الصالح الذي ورد ذكره في القرآن الكريم، والذي جاب الأرض ووصل إلى مشارقها ومغاربها؟","ذو القرنين"
ذ,"ما اسم الغزوة التي شهدت أول صلاة خوف في الإسلام؟","ذات الرقاع"
ذ,"ما هو المكون الأساسي في الحاسوب الذي يُستخدم لتخزين البيانات والبرامج مؤقتًا أو دائمًا؟","ذاكرة الحاسوب"
ذ,"مناسبة سنوية لإحياء حدث أو تاريخ مهم؟","ذكرى"
ذ,"ما هو نوع الذاكرة في الحاسوب التي تحتوي على بيانات مبرمجة مسبقًا ولا يمكن تعديلها بسهولة؟","ذاكرة قراءة فقط"
ذ,"عبادة تقوم على تسبيح الله وتحميده وترديد أسمائه","الذِكر"
ذ,"ماهو لقب الصحابي الذي تزوج من اثنتين من بنات الرسول صلى الله عليه وسلم؟","ذو النورين"
ذ,"ما هي الحالة النفسية التي تنتج عن الصدمة والمفاجأة الشديدة؟","ذهول"
ذ,"ما هو المعدن الثمين الذي اشتهر الفراعنة باستخدامه في صناعة الحلي والتحف الجنائزية؟","ذهب الفراعنة"
ذ,"ما هو المصطلح الطبي الذي يصف ألمًا شديدًا في الصدر ناتجًا عن نقص الأكسجين الواصل لعضلة القلب؟","ذبحة صدرية"
ذ,"ما المعدن الذي يُعَدُّ رمزًا للغنى ويُستَخدم في صناعة الحُلي والعملات؟","ذهب"
ذ,"ما هو نوع الذئاب الذي يتواجد بشكل رئيسي في شبه الجزيرة الإيطالية؟","ذئب إيطالي"
ذ,"ما هو النظام السياسي الذي يمنح منطقة معينة استقلالية إدارية ضمن الدولة؟","ذاتية الحكم"
ذ,"ما هو الحيوان الذي يُعرف بوفائه الشديد لقطيعه، ويعيش في مجموعات منظمة، ويُصدر عواءً مميزًا؟","ذئب"
ذ,"ما الكلمة العربية التي تُطلَق على جوهر الإنسان وحقيقته الداخلية؟","ذات"
ذ,"وحدة قياس طولية ذكرت في القرآن الكريم، وهو أيضًا جزء من الجسم","ذراع"
ذ,"ما هو العنصر الكيميائي الذي رمزه “Au”؟","الذهب"
ذ,"ما هو نوع الذهب الذي يُشترى بهدف الاحتفاظ به وتحقيق الربح على المدى البعيد؟","ذهب استثماري"
ذ,"ما الحرف التاسع من حروف الهجاء في اللغة العربية؟","ذال"
ذ,"ما هو المصطلح الذي يصف أعلى مستوى من الأداء أو الإنجاز يمكن أن يصل إليه فرد أو فريق؟","ذروة الأداء"
ذ,"ما هو المعدن الثمين المعروف بلونه الأصفر الزاهي ويستخدم كعملة ومجوهرات؟","ذهب أصفر"
ذ,"ماذا تسمى عملية الذبح بالطريقة الشرعية؟","ذكاة"
ذ,"ما الغزوة التي وقعت في السنة السابعة للهجرة ضد بعض قبائل نجد؟","ذات الرقاع"
ذ,"ما المفردة العربية التي تعني القطع الصغيرة جدًّا من أي مادة متفتتة؟","ذرات"
ذ,"ما الشعور الذي ينتاب الإنسان عند حدوث خوف مفاجئ أو صدمة؟","ذعر"
ذ,"ما الحبوب الصفراء التي تُستخدم في صنع الدقيق والزيوت وتُعَدّ غذاءً مهمًّا عالميًّا؟","ذرة"
ذ,"بمعنى سال دمعه؟","ذرف"
ذ,"ما المصدر من الفعل ""ذهَبَ"" الذي يدل على الانصراف أو الرحيل؟","ذهاب"
ذ,"ما هي أصغر وحدة بنائية للمادة، والتي تتكون من نواة وإلكترونات؟","ذرة"
ر,"ما المادة المعدنية الثقيلة التي تُستخدم غالباً في صناعة الطلقات النارية؟","رصاص"
ر,"من هو أول لاعب عربي فاز بدوري أبطال أوروبا؟","رابح ماجر"
ر,"بما أهلك الله عاداً قوم هود عليه السلام؟","ريح صرصر عاتية"
ر,"أكمل المثل الشعبي: المنحوس منحوس ولو علقوا … ؟","على راسه فانوس"
ر,"غرض من أغراض الشعر؟","رثاء"
ر,"ما هو الشهر الذي أنزل فيه القرآن الكريم؟","رمضان"
ر,"ماذا يطلق على رياضة ركوب الأمواج؟","الركمجة"
ر,"في أي مدينة توجد الأعتاب الإسبانية أو الدرج الإسباني؟","روما"
ر,"شيء تفرزه الزهرة؟","الرحيق"
ر,"شراب طهور ورد ذكره في القرآن الكريم وصفاً لما يسقاه الأبرار في الجنة","رحيق"
ر,"ما هو الجهاز الذي يُستخدم لتوجيه حركة البيانات في الشبكات؟","الراوتر"
ر,"ما هي عاصمة المملكة العربية السعودية؟","الرياض"
ر,"ما هي عاصمة المغرب؟","الرباط"
ر,"ما هي السورة التي تسمى بـ (عروس القرآن)؟","الرحمن"
ر,"مهنة قديمة أمتهنها كثير من الأنبياء؟","راعي"
ر,"ما اسم الفاكهة التي ذكرت في سورة الرحمن؟","رمان"
ر,"ما المصطلح الذي يدل على كمية بخار الماء الموجودة في الهواء؟","رطوبة"
ر,"عنصر غازي مشع يتشكل خلال تحلل الراديوم استعمل في الماضي في المعالجة الإشعاعية ماهو؟","رادون"
ر,"ما هو أغلى المعادن سعراً في العالم؟","الراديوم"
ر,"ما الاسم الذي يُطلق على التمر في مرحلته المبكرة قبل أن يجف؟","رطب"
ر,"ما هي التقنية المستخدمة لكشف الأجسام وتحديد موقعها وسرعتها باستخدام الموجات اللاسلكية؟","رادار"
ر,"من هو الملك الذي أطلق الحملة الصليبية الثالثة؟","ريتشارد"
ر,"ما هي وحدة قياس الزلازل؟","ريختر"
ر,"ماهو المصطلح الإسلامي الّذي يشير إلى فعل الشخص للعبادة من أجل أن يراه الناس؟","الرياء"
ر,"من هو الصحابي الذي دخل على رستم قائد الفرس وقال مقولته الشهيرة عن الإسلام؟","ربعي بن عامر"
ر,"من أول شعب جعل الأفعى شعاراً للدواء؟","الرومان"
ر,"ما هو الاسم الشائع للذاكرة غير المتطايرة في الحاسوب؟","الروم"
ر,"نبات عطري عشبي حولي يستخدم في الزينة والطعام والعلاج؟","الريحان"
ر,"أين يقع قلب الربيان؟","رأسه"
ر,"ما السورة الملقبة بعروس القرآن؟","الرحمن"
ر,"من هو الحارس المشهور بركلة العقرب؟","رينيه هيغيتا"
ر,"ماذا تسمى العلامات المميزة التي تظهر على الأختام أو على الدروع أو على الأعلام؟","الرنوك"
ر,"نادي لعب فيه اللاعب غريزمان يبدأ بحرف الراء؟","ريال سوسيداد"
ر,"ما هي أرعب لعبة في العالم؟","ريزيدنت إيفل"
ر,"ماذا يسمى قطيع الخيول؟","رعيل"
ر,"ما هو المشي السريع مع هز الكتفين؟","الرمل"
ر,"ما هي أكبر صحراء رملية في العالم؟","الربع الخالي"
ر,"ما هي عاصمة إيطاليا؟","روما"
ر,"من هي ابنة الرسول صلى الله عليه وسلم التي تزوجها عثمان بن عفان؟","رقية"
ر,"المنزلة التي تحدد مسؤوليات وصلاحيات الفرد في سياق تنظيمي أو اجتماعي","رُتبة"
ر,"ما هو أكبر وادي في السعودية؟","الرمة"
ر,"ماذا يسمى الجماعة الذين يكونون من ثلاثة إلى سبعة أو من سبعة إلى عشرة؟","الرهط"
ر,"من الذين احتلوا مصر قبل الميلاد؟","الرومان"
ر,"ما هو الحيوان الذي يمتلك أقوى لكمة في العالم؟","الروبيان"
ر,"ما هو أصغر نهر في العالم؟","رو"
ر,"ما اسم عاصمة آيسلندا؟","ريكيافيك"
ر,"ماذا تسمى الأنهار الفرعية التي تصب في نهر رئيسي وتزيده بالمياه؟","روافد"
ر,"أداة من أدوات الحرب، وهو عبارة عن عصا خشبية أو معدنية في نهايتها قطعة معدنية مدببة الشكل؟","رمح"
ر,"سلاح تقليدي قديم؟","رمح"
ر,"مقياس قوة الزلازل","ريختر"
ر,"ما هو اسم الرياح التي تهب بقوة على خط الاستواء؟","رياح تجارية"
ر,"مصارع يُلقب باسم زعيم القبيلة ورأس الطاولة","رومان رينز"
ر,"ماذا يسمى نهاية الشارع في الكويت؟","راس العاير"
ر,"من هو اللّاعب الّذي لعب للهلال والاتحاد وسجّل هدفًا ضدهما؟","ريفاس"
ر,"ناقة يتنقل بها الراعي وتتبعها الإبل تسمى","رحول"
ر,"ما معنى كلمة مقمحون في القرآن الكريم؟","رافعو الرؤوس غاضو الأبصار"
ر,"شىء تفرزه الزهرة ؟","رحيق"
ر,"ما هو اسم أم النبي يوسف عليه السلام؟","راحيل بنت لابان"
ر,"ما هي إحدى الرياضات التي أوصى بها عثمان بن عفان رضي الله عنه؟","الرماية"
ر,"ما هو الاضطراب الذي يتمثل في خوف شديد وغير منطقي من المواقف الاجتماعية التي قد تتضمن تفاعلاً مع الآخرين أو تعرضاً لتقييمهم؟","الرهاب الاجتماعي"
ر,"ما هي أصعب مسألة رياضيات في العالم؟","فرضية ريمان"
ر,"من المدن التي مر بها الرسول صلى الله عليه وسلم في هجرته؟","رابغ"
ر,"شهر من الأشهر الهجرية، وهو الشهر الأصم في الجاهلية لأنه كان لا يسمع فيه حركة قتال ويلقب بالشهر الأسد؟","رجب"
ر,"دولة تقع بين آسيا وأوروبا؟","روسيا"
ر,"هو حالة من التوقف أو التأخر في النشاط أو الحركة، ويستخدم بشكل خاص في المجالات الاقتصادية","الركود"
ر,"في أي علوم كان يبحث العالم فيثاغورس؟","رياضيات"
ر,"نوع من الشعر يتم فيه إظهار محاسن ومناقب الموتى، وإظهار مشاعر الاشتياق لهم ولذكراهم.","الرثاء"
ر,"أنا مدينة يُطلق عليّ اسم “مدينة التلال السبع” وأشتهر بمعالم تاريخية عظيمة. فمن أكون؟","روما"
ر,"تسمية تطلق على أحد الإبل، التي في الغالب ما تكون قائدةً للقطيع، بالإضافة إلى قربها من الراعي؛ ليتنقل بها، وتسانده في الرعي في الصحارى","رحول"
ر,"نوع من أنواع السحب التي تتميز بوجودها عند ارتفاعات منخفضة على شكل عنقودي متراكم","ركام"
ر,"جهاز يستخدم الموجات اللاسلكية ذات التردد فوق العالي لاكتشاف أشياء غير منظورة","رادار"
ر,"ما هي الدولة الأكبر مساحةً في العالم؟","روسيا"
ر,"ما هي العملة المستخدمة في إندونيسيا؟","روبية"
ر,"ما هي أكبر دولة من حيث المساحة؟","روسيا"
ر,"لماذا سميت مدينة الرياض بهذا الاسم؟","لكثرة الرياض والحدائق والبساتين فيها"
ر,"ما هو أطول وادٍ في السعودية؟","الرمة"
ر,"ماذا يعني مصطلح ""إلغاء حماية النائب من الملاحقة القضائية"" في البرلمانات؟","رفع الحصانة"
ر,"أين تقع المدينة التي لا تشرق عليها الشمس أبداً؟","روسيا"
ر,"ما هو الأجر المدفوع لقاء عمل معين وفي وقت محدد؟","راتب."
ر,"ما اسم أكبر صحراء في السعودية؟","الربع الخالي"
ر,"العضو الرئيسي في الجسم المسؤول عن إدخال الأكسجين إلى الدم والتخلص من ثاني أكسيد الكربون","الرئة"
ر,"ما هو المصطلح الفقهي الذي يشير إلى السماح بترك الصيام لعذر شرعي؟","رخصة الفطر"
ر,"ما الكلمة التي تُستخدم للدلالة على الزاوية أو الجزء الثابت من البناء أو الشيء؟","ركن"
ر,"أصغر عظمة في جسم الإنسان هي عظمة؟","الركاب"
ر,"ما هو أكثر الأمراض انتشارًا حول العالم؟","الربو"
ر,"ما هي الحركة الإعرابية الأصلية للفاعل في اللغة العربية؟","الرفع"
ر,"ما هو الطبق الإيطالي الشهير الذي يتكون من الأرز المطبوخ بالمرقة والجبن؟","الريزوتو"
ر,"ما هو المسلسل السعودي الذي يحكي قصة حقيقية لعصابة في المملكة العربية السعودية؟","رشاش"
ر,"ما اسم النبتة العطرية المعروفة باسم إكليل الجبل بالإنجليزية؟","روزماري"
ر,"ما هو الاسم الآخر لجبل عرفات؟","الرحمة"
ر,"ما هي العملة الرسمية للجمهورية اليمنية؟","ريال يمني"
ر,"شق من شقوق المخ","رولاندو"
ر,"ما هي الهيئة المسؤولة عن تنظيم منافسات الدوري السعودي؟","رابطة الدوري السعودي للمحترفين"
ر,"ما اسم النظام القانوني الذي كان يستخدم في الإمبراطورية الرومانية؟","القانون الروماني"
ر,"من هو النادي الذي فاز بكأس ليبرتادوريس أكثر من مرة؟","ريفر بليت"
ر,"من هو الرئيس الأمريكي الذي تولى الرئاسة من عام ١٨٧٧ إلى عام ١٨٨١؟","رذرفورد هايز"
ر,"ما هي أصغر عظمة في جسم الإنسان؟","الركاب"
ر,"ما الاسم الذي يُطلق على قطعة الخبز المستديرة أو المستطيلة؟","رغيف"
ر,"سورة تقع بين سورتي يوسف وإبراهيم؟","الرعد"
ر,"ما هي عاصمة لاتفيا الواقعة على بحر البلطيق؟","ريغا"
ز,"ما اسم الكوكب المعروف بأنّه توأم الأرض ويُعتبر ألمع الكواكب؟","زهرة"
ز,"ما هو ثاني أقرب كوكب إلى الشمس؟","الزهرة"
ز,"هو نوع من أنواع القطط يتواجد في أفريقيا وجنوب أوروبا وآسيا ويستخرج منه المسك وأغلى أنواع القهوة","قط الزباد"
ز,"من هو الصحابي الذي كان يقاتل بسيفين؟","الزبير بن العوام"
ز,"قطعة من السلاح الناري ذات شكل مقوس غالباً، يضغط عليها بالأصبع قبل الرمي","زناد"
ز,"ما هو الحيوان الأبكم الذي لا يسمع له صوت؟","الزرافة"
ز,"ما هو المعدن الوحيد الذي مظهره الطبيعي هو السائل؟","الزئبق"
ز,"هو ماء مبارك ؟","زمزم"
ز,"من هو الصحابي الوحيد الذي ذكر اسمه في القرآن الكريم؟","زيد بن حارثة"
ز,"شجرة يأكل منها أهل النار","زقوم"
ز,"وعاء يحفظ فيه الماء ليصبح باردًا","الزير"
ز,"ما المادة الشفافة الصلبة التي تُصنع من السيليكا وتُستخدم للنوافذ؟","زجاج"
ز,"ما هو الحجر الكريم الشفاف شديد الخضرة الذي يبدأ بحرف الزاي؟","الزمرد"
ز,"من هو الصحابي الذي ذكر اسمه في القرآن الكريم صريحاً؟","زيد بن حارثة"
ز,"عنب مجفف غني بالطاقة والألياف والمعادن","زبيب"
ز,"ما الحيوان المعروف بطول عنقه ويعيش في المناطق العشبية بإفريقيا؟","زرافة"
ز,"من هو الحيوان الذي يتحمل العطش أكثر من الجمل؟","زرافة"
ز,"المعدن الوحيد الذي يوجد في حالة سائلة ؟","زئبق"
ز,"من أشهر الموانئ التي كان يقصدها التجار الخليجيون.","زنجبار."
ز,"ما هو طعام أهل النار؟","الزقوم"
ز,"ما اسم امرأة عزيز مصر التي راودت يوسف عليه السلام عن نفسه؟","زليخة"
ز,"من هو مؤسس اتحاد دولة الإمارات العربية المتحدة؟","زايد بن سلطان"
ز,"نبات يعتبر أغلى التوابل في العالم ويتميز بصبغة صفراء ورائحة عطرية نفاذة ويضيف نكهة للطعام","زعفران"
ز,"ما هو المصطلح الذي يطلق على إظهار الإسلام وإخفاء الكفر؟","زندقة"
ز,"مصطلح بمعنى الميل والإنحراف عن الحق","زيغ"
ز,"نوع حمام كان يستعمل لنقل الرسائل","الزاجل"
ز,"عملية جراحية متقدمة لاستنبات أعضاء بشرية عن طريق استبدال العضو التالف بآخر سليم","زراعة الأعضاء"
ز,"نبات أشتهر قديمًا بعلاج سوء الهضم والغثيان ويتميز بنكهة لاذعة ويشتهر بشربه مع الشاي","زنجبيل"
ز,"ما هو المصطلح الذي يطلق على هيجان الريح وتصاعدها إلى السماء؟","الزوبعة"
ز,"ما اسم المادة الدهنية التي تُستخرج من ثمار الزيتون؟","زيت"
ز,"من الصحابي الذي ذكر في القرآن؟","زيد بن حارثة"
ز,"ما هي الشجرة المباركة التي ذكرت في القرآن؟","الزيتون"
ز,"من الذي كفل السيدة مريم؟","زكريا عليه السلام"
ز,"ما اسم الحلقة المعدنية التي توضع في أنف بعض الحيوانات كالجِمال للتحكم فيها؟","زمام"
ز,"رغوة بيضاء تتكون على سطح مياه البحر والشواطئ نتيجة اختلاط مياه البحر بالأملاح","زَبد البحر"
ز,"مولود من النار وإذا تم إلقائه على الأرض انهار؟","زجاج"
ز,"ما الدولة الإفريقية التي كانت تُعرَف في الماضي باسم روديسيا الجنوبية؟","زيمبابوي"
ز,"ما هو اسم المعدن السائل الذي يستخدم في موازين الحرارة؟","الزئبق"
ز,"أطول حيوان بري ثديي في العالم ويعيش في مناطق السافانا والغابات المفتوحة بأفريقيا","الزرافة"
ز,"ما هو الاسم الآخر لمرض الأنفلونزا؟","الزكام"
ز,"دولة أفريقية تقع في جنوب قارة أفريقيا تسمى؟","زامبيا"
ز,"من الرجل الذي يبعث أمة وحده يوم القيامة؟","زيد بن عمرو بن نفيل"
ز,"ما هو الوسيط الأشهر المستخدم في الألوان الزيتية لجعلها تتدفق بسهولة؟","زيت بذر الكتان"
ز,"ماهو الكوكب الوحيد في المجموعة الشمسية الذي يومه أطول من سنته؟","الزهرة"
ز,"ما الحالة المناخية الشديدة التي تتميز برياح هوجاء قد تكون محملة بالرمال؟","زوبعة"
ز,"من هو الصحابي الوحيد الذي ذكر اسمه صراحة في القرآن الكريم؟","زيد بن حارثة"
ز,"ما اسم الطائر الصغير الذكي الذي يُعرف في العربية بالزرزور؟","زرزور"
ز,"شيء لا يمكنه التحرك لكنه يغير كل شيء حوله؟","الزمن"
ز,"ما هو الكوكب الذي يلقب بتوأم الأرض؟","الزهرة"
ز,"اسم بنت من بنات الرسول؟","زهراء"
ز,"ما هو الشيء الذي يمر من أمامك ولكن لا يتحرك؟","الزمن"
ز,"ما اسم اللون الأحمر الزاهي الذي يُستخرج قديمًا كصبغة طبيعية؟","زنجفر"
ز,"من هي الصحابية التي كانت تلقب بأم المساكين؟","زينب بنت خزيمة"
ز,"ما هو الاحتفال الذي يُقام بمناسبة عقد القران والزواج؟","زفاف"
ز,"ما هو الحيوان الذي يمتلك أعلى ضغط دم؟","الزرافة"
ز,"كلمة تعني المنع أو النهي بشدة، ويُستخدم أيضًا بمعنى التوبيخ أو الصياح للردع","زجر"
ز,"ما هو البعد الرابع في النظرية النسبية لأينشتاين؟","الزمن"
ز,"ماذا يطلق على إخراج الهواء من الرئتين بعد استنشاقه؟","زفير"
ز,"هو ممر ضيق أو شارع نحيل بين المباني، ويكون مخصص للمشاة عادة","الزقاق"
ز,"ما الاسم الذي يُطلَق على إثارة القلاقل وعدم الاستقرار في بلد ما؟","زعزعة"
ز,"من هو العالِم والفنّان الموسيقي الذي أدخل الألحان الشرقية إلى الأندلس؟","زرياب"
ز,"ما اسم النبات الذي يُستخدم في تحضير الشاي وله رائحة مميزة؟","زعتر"
ز,"درجة علمية عالية ؟","زمالة"
ز,"ما الأحجار الكريمة الخضراء التي تُستعمل في صناعة المجوهرات؟","زمرد"
ز,"ما هو الكوكب الأعلى حرارة في المجموعة الشمسية؟","الزهرة"
ز,"ما اسم نوع الشعر الشعبي المُغنّى والذي يتميز بالارتجال وغالبًا ما يُستخدم في المهرجانات؟","زجل"
ز,"كوكب ملقب بتوأم الأرض؟","الزهرة"
ز,"ما هو الحيوان الذي لا يصدر أي صوت؟","الزرافة"
ز,"في اللغة هو تحريك الشيء بقوة وشدة يسمى؟","زعزعة"
ز,"ما الاسم الذي يُطلَق على الحركة المفاجئة والقوية في القشرة الأرضية؟","زلزال"
ز,"ما اسم المدينة التي هي عاصمة كرواتيا؟","زغرب"
ز,"ما الحيوان الذي يمتلك أعلى ضغط للدم؟","الزرافة"
ز,"ما اسم أنثى التمساح؟","زبعرى"
ز,"بلد عاصمتها هراري","زيمبابوي"
ز,"من هو الصحابي الوحيد الذي ذُكر اسمه صراحةً في القرآن الكريم؟","زيد بن حارثة"
ز,"ما النبات العطري ذو الجذور الحارة الذي يُستخدم في الطهي والشراب؟","زنجبيل"
ز,"ما هو اللفظ الذي يوصف به شدة البرد القارس الذي يحرق الجسد من شدة برودته؟","زمهرير"
ز,"ما هو الحيوان الصامت الذي ليس لديه أي صوت؟","الزرافة"
ز,"ما اسم الكتاب الذي أنزله الله تعالى على النبي داود عليه السلام؟","الزبور"
ز,"ما هو مفرد مركبة بحرية صغيرة؟","زورق"
ز,"ما هو المسلسل العربي الأكثر مشاهدة بالتاريخ؟","الزير سالم"
ز,"درجة علمية عالية؟","زمالة"
ز,"من يلتقي بك لغرض معين؟","زائر"
ز,"ما هو اهتزاز الأرض وارتجاجها؟","زلزال"
ز,"شدة البرد القارس وقد ذكره الله سبحانه وتعالى بعنوان عذاب في النار؟","الزمهرير"
ز,"ما اسم أنثى القرش؟","زيفا"
ز,"ماذا يسمى بياض البيض؟","الزلال"
ز,"ما الاسم الذي يُطلق على الحبات المجففة من العنب؟","زبيب"
ز,"تسمية تطلق على سورتي البقرة وآل عمران؟","الزهراوان"
ز,"ما معنى كلمة بترول؟","زيت الصخر"
ز,"شجرة ذكرت في القرآن الكريم","زيتون"
ز,"ما هو الشيء الذي نزرعه في الأرض وله أوراق خضراء؟","الزرع"
ز,"ما هي الحالة التي تتسم بالكبر والفخر والإعجاب بالنفس؟","زهو"
ز,"معدن انتقالي سائل ذو لون فضي؟","زئبق"
ز,"من هو الصحابي الملقب بأبي طلحة الأنصاري؟","زيد بن سهل"
ز,"ما اسم التابل الشهير بلونه الأحمر ويُستخرج من مياسم زهرة خاصة؟","زعفران"
ز,"ما هو الاسم الذي يطلق على صوت الأسد؟","زئير"
ز,"كلمة بمعنى ثمن رخيص جداً","زهيد"
ز,"من هي المهندسة المعمارية العراقية التي فازت بجائزة بريتزكر عام 2004؟","زها حديد"
ز,"ما هو الحيوان الأكثر تحملاً للعطش؟","الزرافة"
س,"ما هو مرادف كلمة طريق؟","سبيل"
س,"شيء إذا أكلت نصفه يفيدك وإذا أكلت كله تموت؟","سمسم"
س,"الاصبع بين الابهام والوسطى","سبابة"
س,"ماهي الدولة التي تمتلك أكبر عدد من الجزر في العالم؟","السويد"
س,"ما هو اللباس في النار الذي جاء وصفه في القرآن؟","سرابيل"
س,"ما هو المصطلح الذي يُستخدم لوصف تصرفات الإنسان وردود أفعاله في مواقف مختلفة؟","السلوك"
س,"ما هو اسم أقدم لغة مكتوبة في العالم؟","السومرية"
س,"من هي ثاني أمهات المؤمنين التي تزوجها النبي صلى الله عليه وسلم بعد خديجة رضي الله عنها؟","سودة بنت زمعة."
س,"جزيرة ممنوع الموت والولادة فيها","سفالبارد"
س,"ما هو أسرع كائن بحري في العالم؟","سمكة الشراع"
س,"من هو الصحابي الذي اهتز بموته عرش الرحمن؟","سعد بن معاذ"
س,"أكثر مسلسل مشاهدة على نيتفليكس في عام 2019؟","سترينجر ثينغز"
س,"ما هو الشيء الذي إذا أكلته كله تستفيد، وإذا أكلت نصفه تموت؟","السمسم"
س,"عقرب من أنواع العقارب لا يمكن أن يلدغ أحد مطلقًا؟","عقرب الساعة"
س,"ما هي أكبر دولة عربية قبل تقسيمها؟","السودان"
س,"ما هو اسم من أسماء فرس النبي؟","السرعوف"
س,"حجر حجنجر حجارة لا، يبيض يفقس دجاجة لا؟","السلحفاة"
س,"من كبار علماء اللغة العربية؟","سيبويه"
س,"ما هو الاسم الذي يطلق على المحاربين القدماء في اليابان؟","ساموراي"
س,"ما هو المشروب الذي يُحضَّر بمزج الفواكه مع الثلج أو الحليب؟","سموذي"
س,"ما الحلوى الشامية التي تُصنع من السمسم والسكر أو عسل الجلوكوز؟","سمسمية"
س,"ما اسم الرئيس الإيطالي؟","سيرجيو ماتاريلا"
س,"سمي قصر الحكم في الدرعية بقصر","سلوى"
س,"أسلوب من الأساليب اللغوية المتّبعة في الحكايات والقصص والروايات والمسرحيات؟","سرد"
س,"دولة تقع في إقليم البلقان جنوب أوروبا","سلوفينيا"
س,"ما هو الحيوان البحري المفترس ذو الأسنان الحادة ويُعد من أكبر المفترسات البحرية؟","سمك القرش"
س,"من أشهر متاجر ألعاب البي سي حالياً؟","ستيم"
س,"من آخر من توفي من العشرة المبشرين بالجنة؟","سعد بن أبي وقاص"
س,"كاتب سعودي في تاريخ الأديان والحضارات؟","سلطان الموسى"
س,"ما معنى اسم مهند؟","السيف"
س,"من هي أول شهيدة في الإسلام؟","سمية بنت خياط"
س,"كيف توفى الخليفة الأموي عمر بن عبدالعزيز؟","بالسم"
س,"ما هي الدولة الأولى في تحلية مياه البحر في العالم؟","السعودية"
س,"ما هو المصطلح الذي يطلق على تسجيل نقطة في كرة السلة؟","سلة"
س,"ماذا يسمى توافق آخر الأحرف في الشعر؟","سجع"
س,"ما اسم الغرزة الأساسية التي يتم استخدامها غالباً في بداية أعمال الكروشيه؟","سلسلة"
س,"ما هي الشركة التي اشتهرت بإنتاج أجهزة الألعاب بلاي ستيشن؟","سوني"
س,"ما هي أول حضارة استخدمت الكتابة المسمارية؟","السومرية"
س,"ما هو الشيء الذي يبكي بلا عين ويمشي بلا قدم؟","السحاب"
س,"ماذا يطلق على الجماعة من النساء ؟","سرب"
س,"من هو أشهر سلطان عثماني؟","سليمان القانوني"
س,"ماذا يدعى الشخص الذي يستخدم السيف كأداة رئيسية في القتالات؟","السياف"
س,"ما اسم الجزء من النبات الذي يحمل الأوراق والأزهار ويدعمها؟","ساق"
س,"من قادة الجيوش الإسلامية الذين انطلقوا لمحاربة المرتدين على عهد الصديق رضي الله عنه","سويد بن مقرن"
س,"ما هو العنصر الذي يستعمل في صناعة الماسحات الضوئية؟","السيليكون"
س,"أين يقع بئر سيسرا؟","سكاكا"
س,"ما مرادف كلمة خوصة؟","سكينة"
س,"من أسماء يوم القيامة؟","ساعة"
س,"ما هي أفضل الصدقات؟","سقي الماء"
س,"ما هو الشيء الذي إذا أكلته كاملاً تستفيد منه ولكن إذا أكلت نصفه ستموت؟","السمسم"
س,"ما هو الالتهاب الذي يصيب الأنسجة المحيطة بالمخ والنخاع الشوكي؟","التهاب السحايا"
س,"ماذا يسمى الكلام الي تتوافق نهايات الجمل في الحرف الأخير، مما يجعل الكلام يطرب الأذن ويزيد التركيز","السجع"
س,"من هو الشخص الذي قاد ثورة ضد الإمبراطورية الرومانية؟","سبارتاكوس"
س,"من هو الصحابي الذي أشار على النبي صلى الله عليه وسلم بحفر الخندق في غزوة الأحزاب؟","سلمان الفارسي"
س,"ابن نبي الله نوح الذي تنسب إليه شعوب عديدة منها العرب والآشوريون والعبرانيون؟","سام"
س,"من هو نجم العرب والسعودية الذي كان هدفه في مرمى بلجيكا أحد أجمل عشرة أهداف في مونديال 1994؟","سعيد العويران."
س,"ما الاسم الذي يُطلَق على نوم بعض الحيوانات لفترة طويلة في فصل الشتاء؟","سبات شتوي"
س,"نص مكتوب و مفصل يصور مشاهد و احداث و حوارات عمل فني أو يصف مساراً متوقعاً لأحداث مستقبلية","سيناريو"
س,"طائر ذكر في القرآن؟","السلوى"
س,"ما هو الحيوان الزاحف البطيء ذو الصدفة الصلبة؟","سلحفاة"
س,"وسيلة لجمع وتخزين المياه","سد"
س,"ما هو نوع من الطيور الذي يستطيع الطيران لمسافات طويلة؟","سنونو"
س,"من هي لاعبة التنس الأمريكية التي فازت بـ 23 لقباً فردياً في البطولات الكبرى؟","سيرينا ويليامز"
س,"مصطلح يطلق على الريح الحارة الجافة","سَموم"
س,"أكثر دولة في العالم فيها أهرامات؟","السودان"
س,"ما المقدار الفيزيائي الذي يقاس بوحدة متر في الثانية؟","السرعة"
س,"من أول من رمى سهمًا في سبيل الله؟","سعد بن أبي وقاص"
س,"من هو الصحابي الذي اهتز عرش الرحمن حين موته؟","سعد بن معاذ"
س,"مدينة في سوريا سميت المزرعة؟","السويداء"
س,"هو أسلوب بلاغي يكون فيه الحرف الأخير مكررًا في جمل مختلفة، ويكون في النصوص الأدبية؟","السجع"
س,"ما اسم الخليط المعدني الذي يضمّ معدنين أو أكثر لزيادة الصلابة؟","سبيكة"
س,"ما هو الشيء الذي إذا أخرجته يعيش وإذا أرجعته يموت؟","السمك"
س,"ما هو الاسم الذي معناه الخالي من العيوب؟","سليمان"
س,"ما هو مرادف كلمة فرح؟","سرور"
س,"ما هي الدولة التي تمتلك أكبر عدد من الجزر في العالم؟","السويد"
س,"ما هو الاسم الآخر للغيمة؟","سحابة"
س,"ما هي مجموعة الحجارة المرصوصة فوق بعضها البعض لتشكل جداراً كبيراً؟","سور"
س,"يُطلق هذا المسمى على من يتولى مهمة الإشراف على الكعبة وفتح بابها وإغلاقه","السدنة"
س,"ما هي أخفض منطقة في السعودية؟","سبخة الحمر"
س,"أحد أعمدة النحاة العرب، له كتاب يعتبر أصل علم النحو.","سيبويه."
س,"من أول من كتب بسم الله الرحمن الرحيم؟","سليمان عليه السلام"
س,"ما هو الاسم الذي يطلق على القطيع أو الجماعة من الطيور أو الحيوانات التي تسير جنب إلى جنب؟","سرب"
س,"من هو آخر صحابي توفي من العشرة المبشرين بالجنة؟","سعد بن أبي وقاص"
س,"من هو أول من وضع قواعد اللغة العربية؟","سيبويه"
س,"من هو النبي الذي علمه الله لغة الطير والحيوان؟","سليمان عليه السلام"
س,"من الصحابي الذي اهتز لموته عرش الرحمن؟","سعد بن معاذ"
س,"ما هي أطول قمة في السعودية؟","السودة"
س,"من هو أول نبي قال البسملة؟","سليمان"
س,"هرمون الدوبامين مسؤول عن شعور معين في جسم الإنسان، ما هو؟","السعادة"
س,"ما هو التجمّع الغازي في الفضاء الذي قد يتكوّن منه نجم؟","سديم"
س,"ما هي الصفات التي تميز فرداً عن آخر؟","سمات"
س,"ما هو أطول معلم أثري في العالم؟","سور هادريان الأثري"
س,"ما هي المدينة النمساوية التي وُلد فيها الموسيقار موزارت؟","سالزبورغ"
س,"ما الحيوان الوحيد الذي لم يركب سفينة نوح؟","السمك"
س,"صحابية كان لقبها الكريمة بنت الكريم؟","سفانة بنت حاتم الطائي"
س,"من هو الرسام الإسباني الذي اشتهر بلوحاته السريالية مثل ""إصرار الذاكرة""؟","سلفادور دالي"
س,"مرض تبدأ أعراضه بعطش شديد، كثرة التبول، تعب، وفقدان وزن","السكري"
س,"ما هي الدولة التي تمتلك أكبر عدد من الجزر؟","السويد"
س,"ما اسم الشجرة العملاقة التي تنمو في كاليفورنيا وتُعد من أضخم الأشجار؟","سيكويا"
س,"هي أداة من أدوات الطبخ الثقيلة التي تتميز بالمتانة والقدرة على التحمل","الساطور"
ش,"ماذا يسمى صغير الأسد؟","شبل"
ش,"من هي الشخصية التي وُلدت في يوم وفاة أبي حنيفة؟","الشافعي"
ش,"هي الفتوة والحداثة ؟","شباب"
ش,"ما هو الذنب الأعظم في الإسلام الّذي لا يغفره الله تعالى؟","الشرك الأكبر"
ش,"ولد الظبية ؟","شادن"
ش,"ما اسم الأوعية الدموية التي تنقل الدم من القلب إلى باقي الجسم؟","الشرايين"
ش,"ماذا يسمى الذي يقاسم ويشارك في اللغة العربية الفصحى؟","شاطر"
ش,"ما اسم نادي كرة القدم السعودي من مدينة الخرج ولعب في الدوري السعودي للمحترفين؟","الشعلة"
ش,"ما هي المدينة السياحية المصرية المطلة على البحر الأحمر والمشهورة بشعابها المرجانية؟","شرم الشيخ"
ش,"في مجال القانون، إثبات شخص لواقعة معينة أدركها مباشرة أو لديه معرفة مباشرة عنها.","شهادة"
ش,"طاسة ترنطاسة وفي البحر غطاسة؟","الشمس"
ش,"وثيقة تثبت وقوع أمر معين أو تؤهل صاحبها في مجال معين","شهادة"
ش,"مدينة لديها أطول شبكة مترو أنفاق في العالم؟","شنغهاي"
ش,"غشاء واقٍ من خيوط دقيقة، تنسجه بعض الحيوانات لتحتمي به في طور من أطوار حياتها","شرنقة"
ش,"ما هو النجم الذي يعد مركز مجموعتنا الشمسية ومصدر حرارتها؟","شمس"
ش,"سند صرف نقدي؟","شيك"
ش,"ما الاضطراب العقلي الذي يُعرَف بانفصال الفكر عن الواقع؟","شيزوفرينيا"
ش,"من هو الملك الذي أسس الإمبراطورية الرومانية المقدسة؟","شارلمان"
ش,"من هي أخت رسول الله صلى الله عليه وسلم في الرضاعة؟","شيماء"
ش,"أحد الأئمة الأعلام وصاحب مذهب فقهي؟","الشافعي"
ش,"موسم من مواسم البرد وفيه هبوب الرياح الباردة التي لا تستقر على جهة معينة وفيه مبكية الحصني","الشبط"
ش,"مهرجان سنوي يقام في مدينة العلا","شتاء طنطورة"
ش,"الشكل أو الفعل الذي يتمكن بواسطته شخص ما أن يمتلك سلعة أو خدمة لقاء؟","شراء"
ش,"زوائد جلدية صغيرة، تكون داكنة اللون عادة","شامة"
ش,"التوسط للغير لجلب منفعة أو دفع مضرة","الشفاعة"
ش,"ما هو نوع الطيور المعروف بصوته العذب ويُطلق عليه أيضًا الطائر الأسود؟","الشحرور"
ش,"مرحلة عمرية تشهد تغيرات جسدية وعقلية وتتميز بالنشاط والقوة واكتمال النضج تلي مرحلة المراهقة","الشباب"
ش,"آخر مراحل عمر الإنسان أو أرذل العمر أو آخر العمر يطلق عليه؟","شيخوخة"
ش,"من هو أخو عنترة بن شداد في الرضاعة الذي ذُكر في بعض الروايات؟","شيبوب"
ش,"ما هو مرادف كلمة بسالة؟","شجاعة"
ش,"ما هو المصطلح الذي يعني الإقدام على المكاره والمهالك عند الحاجة وثبات الجأش عند المخاوف والاستهانة بالموت؟","الشجاعة"
ش,"ما هي أقدم مستوطنة بشرية في قارة آسيا؟","الشويحطية"
ش,"ما هو الفيلم الهندي الذي يعتبر من كلاسيكيات السينما الهندية وشارك فيه أميتاب باتشان؟","شولاي"
ش,"ما هو الشهر الذي يسبق شهر رمضان في التقويم الهجري؟","شعبان"
ش,"هي لعبة، أصلها هندي قدّمها حكمائهم كتحدي لكسرى الأول لتعجيزه بحل لغزها وكشف طريقة لعبها.","شطرنج"
ش,"من هو عدو السنافر؟","شرشبيل"
ش,"ما هو الحيوان الذي يمتلك رأسين؟","الشيطان الشوكي"
ش,"ما هو الاسم الحقيقي للرحالة ابن بطوطة؟","شمس الدين"
ش,"ما هو اسم ابن الغزال الذي كبر وأصبح قادراً على الترحال؟","شادن"
ش,"خاصية للأجسام التي ينفذ منها الضوء؟","شفافة"
ش,"ما الأداة اليدوية المعدنية التي تُستخدَم في طرق المسامير؟","شاكوش"
ش,"ما هو الشهر الثاني من شهور السنة الميلادية حسب الأسماء العربية الفصحى؟","شباط"
ش,"أداة من أدوات المائدة لها ثلاث أو أربع أسنان؟","الشوكة"
ش,"حالةٌ يتصرَّفُ فيها حَشْدٌ من النّاسِ بطريقةٍ عَنيفةٍ وغيرِ مُنضَبِطَةٍ","شغب"
ش,"نسيج رقيق من القطن تُضمَّد به الجروح؟","شاش"
ش,"ما هو المصطلح الذي يشير إلى مجموعة من الأجهزة المتصلة ببعضها البعض في منطقة جغرافية واسعة؟","الشبكة الواسعة"
ش,"مهنة تبدأ بحرف الشين","شرطي"
ش,"ما هو مقياس انتقال الطاقة عند تأثير قوة على جسم وتحريكه مسافة ما ووحدة قياسه الجول؟","شغل"
ش,"ما المصطلح الجغرافي الذي يشير إلى امتداد من الأرض بمحاذاة البحر؟","شريط ساحلي"
ش,"هي صفة تدل على أن الشخص حزين ومهموم؟","الشجن"
ش,"مجموعة أنابيب ومشعل للتخلص من الغازات الزائدة غير المرغوبة في آبار الزيت والغاز أو معامل التكرير؟","شعلة"
ش,"من الألعاب القديمة وتعد من ألعاب الذكاء؟","شطرنج"
ش,"دولة في القوقاز تتبع رسميا لإدارة روسيا","الشيشان"
ش,"بيت لا يتواجد به أبواب أو شبابيك مطلقًا؟","بيت الشعر"
ش,"ما اسم العملة الرسمية المستخدمة في دولة الاحتلال الإسرائيلي؟","شيكل"
ش,"ما هو أصعب شهر على الفقراء والمساكين؟","شعبان"
ش,"ما الحيوان الذي يشبه الإنسان نسبيًّا ويعيش في الغابات الإفريقية؟","شمبانزي"
ش,"يستخدم لتدفئة القدمين","شراب"
ش,"ما هي أضعف حاسة عند الطيور؟","الشم"
ش,"هي مداولة الرأي بين أصحاب الشأن للخروج بالأنسب لهم فيه؟","الشورى"
ش,"النجم المركزي لمجموعة النظام الشمسي يسمى؟","الشمس"
ش,"الشهر الخامس في السنة السريانية ؟","شباط"
ش,"من الطيور حسن الصوت؟","شحرور"
ش,"ما هو عكس كلمة ضيق؟","شاسع"
ش,"من هو كاتب لامية العرب؟","الشنفرى"
ش,"ما هو الموقع الأثري في اليمن الذي يشتهر بمبانيه الطينية الشاهقة؟","شبام"
ش,"قطعة من شيء أو مجموعة صغيرة من الناس.","شظية"
ش,"ما اسم قطعة القماش الطويلة التي تُلفّ حول الخصر في بعض الأزياء الفلكلورية؟","شملة"
ش,"طعام يتكون من قطع اللحم المتبل المشوي على أسياخ مع الخضار","شيش كباب"
ش,"ما هو اسم المدينة السعودية الواقعة في منطقة الرياض، والتي تشتهر بتاريخها العريق وموقعها القديم على طريق القوافل؟","شقراء"
ش,"ما المصطلح الذي يصف اضطرابًا عنيفًا وفوضويًا يقوم به حشد من الناس؟","شغب"
ش,"ماهو اسم الخلق النبيل الذي يجمع بين الشجاعة والمروءة والنخوة والكرم؟","الشهامة"
ش,"ما هو الشيء الذي يوضع على ظهر الجمل للركوب عليه؟","الشداد"
ش,"ما هو الجهاز الإلكتروني الذي يعرض المحتوى المرئي كالصور والأفلام؟","شاشة"
ش,"ما الصفة التي تُطلق على من لا يحب الإنفاق ويحتفظ بماله بشكل مفرط؟","شحيح"
ش,"أين يوجد سكر المالتوز؟","الشعير"
ش,"ما النظام السياسي الذي يرفض الملكية الخاصة ويقوم على إدارة جماعية لوسائل الإنتاج؟","شيوعية"
ش,"هو اسم علم مذكر من أصل عربي، ومعناه هو ابن الأسد إذا كبر وأدرك الصيد","شبل"
ش,"إحدى الجمهوريات القوقازية التي قامت بعد انهيار الاتحاد السوفييتي","الشيشان"
ش,"ما الظاهرة الضوئية التي تحدث عند احتراق ودخول نيزك صغير إلى الغلاف الجوي للأرض؟","شهاب"
ش,"كل نبتة جديدة مستوفاة الجذور يمكن نقلها وغرسها في مستقرها.","شتلة"
ش,"شهر قمري أطلق عليه هذا الاسم لتشعب القبائل فيه للإغارات","شعبان"
ش,"ماذا يطلق على البخيل الحريص على المال؟","شحيح"
ش,"مدينة سعودية تشتهر بزراعة الفلفل الحار","شقراء"
ش,"ما هو الاسم الذي يطلق في كوريا الجنوبية بمعنى المحارب الشجاع الذي لا يهاب أحداً؟","شمشون"
ش,"ما هي القطع الصغيرة المتطايرة من قنبلة ما؟","شظايا"
ش,"ما هي المعركة التي انتصر فيها الملك عبدالعزيز على الأتراك وكان موقعها في قصور آل عقيل بجانب الرس؟","شنانة"
ش,"ماذا تسمى الغلاف أو الغشاء الذي تنسجه بعض الحشرات؟","شرنقة"
ش,"ما هو أول نادي تأسس في العالم؟","شيفيلد"
ش,"ما هو مشروب صيني المنشأ؟","شاي"
ش,"كلمة تطلق على المكان الخالي والمتاح","شاغر"
ش,"ما اسم الطبقة الحساسة للضوء في مؤخرة العين التي تحول الضوء إلى إشارات عصبية؟","شبكية"
ش,"ما هو تخصص الطب الذي يختص بالتحقيق في حالات الوفيات والإصابات التي تحصل في ظروف غامضة مجهولة وغير طبيعية؟","الطب الشرعي"
ش,"ما هو الفيلم الذي غنت فيه شادية أغنيتها المشهورة 'يا عيني على الولد'؟","شيء من الخوف"
ش,"ما هو الذي يتطاير من النار أو الضوء الحادث؟","شرار"
ش,"بمعنى إظهار التعاطف للآخرين","الشفقة"
ش,"من هو اللاعب الوحيد عبر التاريخ الذي لعب لريال مدريد وبرشلونة وأتلتيكو مدريد؟","شوستر"
ش,"في علم النفس: ما هي مجموعة الخصائص الجسمية والوجدانية والنزوعية والمعرفية التي يتميز بها الفرد عن غيره؟","شخصية"
ش,"ما هو اسم جد النبي صلى الله عليه وسلم عبد المطلب؟","شيبة الحمد"
ش,"العلامة التي تميز دولة أو جماعة من قول أو نقش أو غيرهما؟","الشعار"
ص,"من هو أول من سجل براءة اختراع؟","صمويل هوبكنز"
ص,"ما هي الدولة العربية التي تقع على امتداد خط الاستواء العالمي؟","الصومال"
ص,"من هو النبي الذي أُرسل إلى قوم ثمود؟","صالح"
ص,"ما هو صوت اصطدام وارتطام وقرع عنيف؟","صليل"
ص,"من هو الصحابي الذي لقب بـ 'باحث عن الحقيقة' واتجه إلى الروم؟","صهيب الرومي"
ص,"ما هو الصندوق الأسود؟","صندوق خاص بالطائرات للطوارئ"
ص,"ما الاسم الذي يُطلَق على الشخص المختص بإعداد الأدوية والمستحضرات العلاجية ؟","صيدلي"
ص,"ما هي اللغة الأكثر تحدثاً في العالم؟","الصينية"
ص,"ما هو الشيء الذي يتكلم جميع اللغات الموجودة في الحياة بشكل عام؟","صدى الصوت"
ص,"ما هي الدولة التي استخدمت النقود الورقية لأول مرة؟","الصين"
ص,"ما أقدم دولة تنتج البخور واللبان في العالم؟","الصومال"
ص,"ماذا يطلق على صوت الخيل؟","صهيل"
ص,"ما هو الاسم الآخر لملح الطعام؟","صوديوم"
ص,"من هو مخترع التلغراف؟","صمويل مورس"
ص,"أسطورة دفاع وقائد المنتخب السعودي في الثمانينات، ولقبه الامبراطور؟","صالح النعيمة"
ص,"ما هو مرادف الصوت العالي؟","صاخب"
ص,"أداة تستخدم لصيد الأسماك","صنارة"
ص,"مقدمة كل شىء ؟","صدر"
ص,"ما هي المعركة التي انتصر فيها المسلمون على البيزنطيين في شمال أفريقيا؟","صفيطلة"
ص,"ما هو المكيال الذي ورد ذكره في قصة يوسف عليه السلام وجُعل في رحل أخيه؟","صواع الملك"
ص,"ما هو المصطلح الذي يُطلق على الصوت الحاد الناتج عن احتكاك جسمين خشنين ببعضهما؟","صرير"
ص,"نوع من أنواع الأخشاب غالية الثمن","الصندل"
ص,"ما اسم المعدة التي يتم بواسطتها نقل الماء والسوائل؟","صهريج"
ص,"كسر أو تشقق يقع في صخور القشرة الأرضية.","صدع"
ص,"ما هي الغدة المسؤولة عن النوم؟","الغدة الصنوبرية"
ص,"ما هو الشيء الذي يذهب ولا يعود، وعندما تراه لا تستطيع الإمساك به؟","الصوت"
ص,"ما لون البقرة التي ذكرت في القرآن؟","صفراء"
ص,"عنصر كيميائي من المجموعة الأولى في الجدول الدوري ويتفاعل بشدة مع بقية العناصر","الصوديوم"
ص,"صوت تصادم أو ارتطام المعادن ببعضها البعض؟","صلصلة"
ص,"ما المصطلح الذي يشير إلى قوة مقاومة المادة ضد الكسر أو الثني؟","صلابة"
ص,"إلى ماذا يرمز شعار فريق فالكونز؟","الصقر"
ص,"من آداب الإسلام وتكون بزيارة الأقارب والإحسان إليهم؟","صلة الرحم"
ص,"صحابية جليلة اشتهرت بشجاعتها وفروسيتها وشِعرها، وكانت أول امرأة تقتل رجلاً من المشركين (يهودياً) دفاعاً عن نساء المسلمين","صفية بنت عبد المطلب (رضي الله عنها)"
ص,"ما هي أكبر صحراء في العالم التي تمتد عبر العديد من الدول العربية؟","الصحراء الكبرى"
ص,"من هو القائد المسلم الذي استولى على القدس؟","صلاح الدين الأيوبي"
ص,"شجر خشبه طيب الرائحة؟","صندل"
ص,"ما معنى كلمة الفلق؟","الصبح"
ص,"ما معنى كلمة ناطع عند أهل الكويت؟","صافي"
ص,"ما هو الشيء الذي يتحدث بكل لغات العالم؟","الصدى"
ص,"هي عملية وضع المعدن المنصهر في قالب","الصب"
ص,"ما هو الشيء الذي يتكلم كل لغات العالم؟","الصدى"
ص,"ما هو الشيء الذي إذا ذكر بطل ذكره؟","الصمت"
ص,"ما هي المادة التي تنبثق من البراكين؟","الصهاره"
ص,"ما الوثائق التي كانت تبيعها الكنيسة في العصور الوسطى بدعوى تخفيف العقاب عن الخطايا؟","صكوك الغفران"
ص,"ماذا يطلق على صوت السيوف في الحروب؟","صليل"
ص,"المنطقة الصحراوية الواسعة شمال شرق شبه الجزيرة العربية، يقع جزء كبير منها في السعودية؟","الصمان"
ص,"من هو القائد المسلم الذي حرر القدس من الصليبيين بعد معركة حطين في القرن السادس الهجري؟","صلاح الدين الأيوبي"
ص,"ماذا يطلق على صوت السيوف؟","صرير"
ص,"ماهي المادة اللزجة التي تفرزها بعض الأشجار، وخاصة الصنوبريات؟","صمغ"
ص,"شحنة كهربائية تنتج عند تضارب الإلكترونات في السماء؟","الصاعقة"
ص,"ما هي الدولة التي يُنسب إليها اختراع الآيس كريم؟","الصين"
ص,"ما هو الوصف الذي يطلق على الناطق بالحق ويبدأ بحرف الصاد؟","صادق."
ص,"ما هو أول النهار؟","صباح"
ص,"ما هي وجهة هواة الإبل في عمق الصحراء في السعودية؟","الصياهد"
ص,"ما الحالة التي يتصلّب فيها الجسد بعد الموت وتُعرَف طبيًّا؟","صمل الموتي"
ص,"أين صعد الرسول صلى الله عليه وسلم عند الجهر بالدعوة ليدعو قبائل قريش؟","جبل الصفا"
ص,"وصف للجلبة والضجيج واختلاط الأصوات المرتفعة","صخب"
ص,"ما اسم الغدد المسؤولة عن إفراز الهرمونات في جسم الإنسان؟","الغدد الصماء"
ص,"في الزراعة هي عملية يتم إتخاذها لتخليص الأرض من الماء الزائد عن حاجة النبات","الصرف"
ص,"عندما تحدثهم لا يسمعونك وعندما يحدثونك لا تسمعهم؟","الصم والبكم"
ص,"عدم القطيعة بين الأقارب، والحث على زيارتهم","صلة الرحم"
ص,"أشهر أنواع التمور في السعودية؟","الصقعي"
ص,"من اداب الإسلام وتكون بزيارة الأقارب والإحسان إليهم؟","صلة الرحم."
ص,"ما الكتاب الذي دوّن فيه الإمام البخاري أحاديث الرسول صلى الله عليه وسلم؟","صحيح البخاري"
ص,"ما هو الشيء الذي إذا فعلته كان حراماً وإذا تركته كان حراماً؟","الصلاة بدون وضوء"
ص,"ما هو الصوت العالي المُزعج الذي يحدث عند تدفّق الماء أو غيره؟","صخب"
ص,"ما المدينة التونسية الساحلية التي تُعَدُّ مركزًا صناعيًّا وميناءً مهمًّا؟","صفاقس"
ص,"ما هو العلم الذي يدرس بنية الكلمة وتصريفها؟","الصرف"
ص,"مطابقة الكلام للواقع ؟","صدق"
ص,"الدولة الأفريقية التي تحتل منطقة القرن الأفريقي وتشتهر بساحلها الطويل؟","الصومال"
ص,"هيئة أنشأتها المملكة في عام 1394 لتقديم قروض ميسرة؟","صندوق التنمية الصناعي"
ص,"ما هي أكثر دولة إنتاجاً للذهب؟","الصين"
ص,"ما المادة الشمعية التي تفرزها الأذن لحمايتها من الجراثيم والأتربة؟","صمغ الأذن"
ص,"بماذا لقب النبي محمد صلى الله عليه وسلم؟","الصادق الأمين"
ص,"في فيلم شمس المعارف من هو الذي أدى دور الأستاذ عرابي؟","صهيب قدس"
ص,"ما النشاط الاقتصادي القائم على تحويل المواد الخام إلى منتجات باستخدام الآلات؟","الصناعة"
ص,"ما هو اللقب الذي اشتهر به النبي صلى الله عليه وسلم قبل البعثة؟","الصادق الأمين"
ص,"يحدث نتيجة نشاط كهربائي غير طبيعي للدماغ؟","صرع"
ص,"ما هي الصلاة التي يمكن أن تصليها بدون وضوء؟","الصلاة على النبي"
ص,"ما هو حاصل ضرب أي عدد في الصفر؟","صفر"
ص,"من هو قائد جيش المسلمين في معركة حطين؟","صلاح الدين الايوبي"
ص,"ما هو صوت السيوف؟","صليل"
ص,"كلمة تدل على قوة الإرادة والثبات في مواجهة الصعوبات؟","الصمود"
ص,"ما الاسم الذي يُطلَق على السطح الخشبي المستوي المستخدم في تقديم الطعام؟","صينية"
ص,"دولة عربية يمر بها خط الاستواء؟","الصومال"
ص,"ما هو الشيء الذي له وجود لكنه لا يُرى وإذا نُطق اسمه اختفى؟","الصمت"
ص,"مادة كيميائية تعمل على التصاق الأشياء بعضها مع بعض؟","صمغ"
ص,"من أشهر سيوف العرب؟","الصمصامة"
ص,"ما هو الشيء الذي خلقه الله ونكره؟","صوت الحمير"
ص,"وثيقة قانونية تُستخدم كأداة للإثبات أو كوسيلة للتعبير عن التزام مالي أو حقوق قانونية معينة","صك"
ص,"مدينة عربية إذا حذفت منها حرف أصبحت ركن من أركان الإسلام؟","صلالة"
ص,"ماذا يطلق على صوت الفأر؟","صرير"
ص,"الحاكم الكويتي الذي كان يلقب بأمير الإنسانية؟","صباح الأحمد"
ص,"في اللغة، لازم ورافق وعاشر.","صاحب"
ص,"ما هو الرمز العالمي للصيدلة؟","الصيدلة"
ص,"ما هو الركن الرابع من أركان الإسلام؟","الصوم"
ص,"المصطلح الذي يصف الحركة السياسية التي دعت إلى إقامة دولة قومية لليهود في فلسطين؟","صهيونية"
ص,"اسم نبي","صالح"
ص,"طبقة حُبَيْبِيَّة هَشَّة تعلو الحديد ونحوه من المعادن عند تعرضه للهواء","صدأ"
ص,"ما هو الركن الذي يعتبر صلة بين العبد وربه؟","الصلاة"
ض,"هو بخار الماء الكثيف ويغشى الأرض كالدخان","الضباب"
ض,"من هو الذي قدماه في الأرض ورأسه بين النجوم؟","الضابط"
ض,"ما الكلمة العربية التي تعني حزمة مختلطة من الأعشاب أو النباتات؟","ضغث"
ض,"ما هي إحدى تسريحات الشعر القديمة التي تتكون من خصل متداخلة؟","ضفيرة"
ض,"هو الكفيل أو الملتزم في المعاملات المالية؟","ضامن"
ض,"من هو الصحابي الجليل الملقب بالشيطان عاري الصدر؟","ضرار بن الأزور"
ض,"حيوان صحراوي مهدد بالإنقراض يتميز بجسد غليظ وذيل شوكي قوي يستخدمه للدفاع عن نفسه ويعيش في الجحور","الضب"
ض,"ما المصطلح الذي يشير إلى الأصوات العالية المزعجة والمشتتة؟","ضوضاء"
ض,"من معجزات النبي موسى؟","ضفادع"
ض,"ما هو الجزء من اليوم الذي يأتي بعد شروق الشمس؟","ضحى"
ض,"هي إحدى شخصيات مسلسل شارع الأعشى؟","ضاري"
ض,"مدينة سعودية اشتهرت قديماً بكونها ميناء آمن لسفن التجارة والصيد في شمال البحر الأحمر وبوفرة مائها العذب","ضباء"
ض,"ما الحالة التي يفقد فيها الإنسان السيطرة أو يتبدّد ماله وهدفه؟","ضياع"
ض,"ما الكلمة التي تعبِّر عن القسوة والقوة الشديدة في الاعتداء أو الهجوم؟","ضراوة"
ض,"ما المفهوم القانوني أو الاجتماعي الذي يضمن حقوق المحتاجين ويحميهم؟","ضمان"
ض,"ما هو أطول مسلسل درامي في التاريخ؟","الضوء المرشد"
ض,"ما اسم البرنامج الحكومي الذي يقدّم دعمًا ماليًا للفئات المحتاجة؟","الضمان الاجتماعي"
ض,"من هو الصحابي الذي لقبته الروم بـ الشيطان عاري الصدر"" بعد أن أرعبهم؟""","ضرار بن الأزور"
ض,"إذا لم ترحب به مرة لن يأتيك مرة أخرى","الضيف"
ض,"كل ما يضمد به العضو الجريح أو الكسير من عصابة؟","الضماد"
ض,"رجل يعد مسؤولاً عن عدد من الجنود","ضابط"
ض,"ماذا يطلق على حواف النهر؟","ضفاف"
ض,"جهاز نفسي يقوم بتقييم نفسه بنفسه لما يصدر منك من أفعال؟","ضمير"
ض,"ما المصطلح الطبي الذي يدلّ على انكماش النسيج أو تقلُّص حجمه مع الزمن؟","ضمور"
ض,"من العمليات الرياضية؟","ضرب"
ض,"فاكهة تبدأ بحرف الضاد","ضرم"
ض,"ماذا تسمى عملية استقبال للزائر وإكرامه وإيوائه وتقديم الطعام والشراب له","ضيافة"
ض,"ماذا يطلق على العزيز وخاصة الولد؟","الضنى"
ض,"محافظة سعودية تقع على ساحل البحر الأحمر اشتهرت قديما بكونها ميناء آمن لسفن التجارة والصيد","ضباء"
ض,"بماذا أمر الله نبيه أيوب -عليه السلام- أن يضرب به زوجته ضربًا غير مبرح لئلا يحنث بيمينه؟","ضغث"
ض,"ما هو الشيء الذي إذا وضعناه في الماء لا يبتل؟","الضوء"
ض,"غيوم أو سحب قريبة من سطح الأرض تعيق الرؤية","الضباب"
ض,"بمعنى الأذى الذي يصيب الآخرين؟","ضرر"
ض,"حالة مرضية حادة تنشأ عند التعرض لأشعة الشمس الحارة لفترة طويلة وقد تهدد حياة المصاب بها.","ضربة الشمس"
ض,"ما هو الشيء الذي قدمه على الأرض ورأسه بين النجوم؟","ضابط"
ض,"ماذا تسمى أنثى الضبع؟","ضبعانة"
ض,"ما هو وصف الشيء القليل الذي لا عمق فيه؟","ضحل"
ض,"ماذا يسمى الذي أصابه العمى بعد إبصار؟","ضرير"
ض,"ما هو الحيوان الذي يستطيع أن يتنفس من جلده؟","ضفدع"
ض,"من أسماء الأسد في اللغة العربية","ضرغام"
ض,"بمعنى المتمكن من الشيء المتعمق في عمله والماهر به","ضليع"
ض,"من ضربات موسى لفرعون المذكورة في الكتب السماوية، وهي كائنات برمائية صغيرة","الضفادع"
ض,"طاقة متجددة باستمرار","ضوء الشمس"
ض,"وصف للنور الواضح والقوي ويستخدم مجازاً لوصف البيان والوضوح","ضياء"
ض,"ما الحيوان المسمى بأم عامر؟","الضبع"
ض,"بناية معمارية تُبنى على قبر أحد الأشخاص تخليداً لذكراه؟","ضريح"
ض,"ما التعبير الوجهي أو الصوتي الذي يدل على الفرح والسرور؟","ضحكة"
ض,"ما الكلمة التي تدل على التوسل والدعاء لله بإخلاص وتضرّع؟","ضراعة"
ض,"ما هي الكلمة التي تعني شدة البخل في اللغة العربية؟","الضن"
ض,"ما هو الشيء الذي يستطيع اختراق الزجاج دون أن يكسره؟","الضوء"
ض,"ما القوة الداخلية التي تدفع الإنسان للتمييز بين الصواب والخطأ وتؤنبه عند ارتكابه للذنوب؟","الضمير"
ض,"نادي سعودي","ضمك"
ض,"ما هو اسم الصحابي الذي لقب بـ “ضِرار بن الأزور” وكان من القادة العسكريين البارزين في معركة مؤتة؟","ضرار بن الأزور"
ض,"ما الكلمة التي تدل على ضيق الحال وشدة العيش وقلة الموارد؟","ضنك"
ض,"من أعمام الرسول صلى الله عليه وسلم؟","ضرار"
ض,"من هو التابعي الذي رُوِي أنه أخذ تفسير القرآن عن ابن عباس ويُدعى ضحّاك بن…؟","ضحاك بن مزاحم"
ض,"ماذا نستمده من أشعة الشمس على الأرض؟","ضوء"
ض,"ما الوصف الذي يطلق على الشيء القليل جدًا أو الصغير الحجم؟","ضئيل"
ض,"ما معنى كلمة خور؟","ضعف"
ض,"ما الشيء الذي رجلاه على الأرض ورأسه فوق النجوم؟","الضابط"
ض,"ما هو مرادف كلمة أعمى؟","ضرير"
ض,"نسيج في جسم الإنسان","الضام"
ض,"كلمة مرادفة للحقد؟","ضغينة"
ض,"ما الكلمة التي تدلّ على الحقد الشديد وكتمان العداوة؟","ضغينة"
ض,"ما هو بخار الماء الكثيف الذي يغشى الأرض كالدخان ويحجب الرؤية؟","الضباب"
ض,"ما هو الذي ينكسر عند مروره من وسط إلى آخر؟","الضوء"
ض,"الانحراف عن دين الله ؟","ضلال"
ض,"ماذا تسمى المنطقة السكنية الواقعة على أطراف مدينة كبيرة وتعتبر امتداداً لها؟","ضاحية"
ض,"ما الاسم الذي يُطلَق على المناطق السكنية الواقعة خارج مركز المدينة؟","ضاحية"
ض,"ماذا يُطلَق على جانب النهر أو الشاطئ الذي تلامسه المياه؟","ضفة"
ض,"كلما زاد قل ما تراه؟","الضباب"
ض,"ما الكلمة التي تشير إلى تقدير خاطئ أو إساءة فهم للحقائق والأحداث؟","ضلالات"
ض,"أكمل حديث رسول الله صلى الله عليه وسلم: لا... ولا...","ضرر ولا ضرار"
ض,"رجلاه على الأرض ورأسه فوق النجوم فما هو؟","الضابط"
ض,"ما هو الشيء الذي يملأ الغرفة دون أن يشغل مساحة؟","الضوء"
ض,"ما المصطلح الذي يُطلق على الأغنام المستأنسة التي تُربى للاستفادة من لحومها وصوفها وحليبها؟","الضأن"
ض,"ما اسم المسجد الذي أمر النبي بهدمه لكونه بني نفاقًا وتفريقًا بين المؤمنين؟","الضرار"
ض,"ما الوثيقة أو العهد الذي يتعهد فيه الطرف الملتزم بوفاء الالتزامات؟","ضمانة"
ض,"جزء من اليوم؟","ضحى"
ض,"ما هو نوع من الأغنام التي تعيش في بعض المناطق الباردة والجبال؟","ضأن"
ض,"كلمة بمعنى خلاف الشيء وعكسه","ضد"
ض,"ما الحالة الجوية التي تقل فيها الرؤية بسبب تكاثف بخار الماء في الهواء؟","ضباب"
ض,"كل ما يُربَط به الجرح أو الكسر.","ضماد"
ض,"ما هو بخار الماء الذي يتحول في داخله إلى قطرات مائية؟","ضباب"
ض,"ما الكلمة العربية التي تعني الابتعاد عن الصواب والوقوع في الخطأ؟","ضلال"
ض,"ما هو الالتزام بالشيء وحفظه بحزم؟","ضوابط"
ض,"قليل لا عمق فيه ؟","ضحل"
ض,"مرادف أزمة؟","ضائقة"
ض,"من معجزات موسى عليه السلام لفرعون؟","الضفادع"
ض,"ما هو اسم الأسد الذي يبدأ بحرف الضاد؟","ضرغام"
ض,"ما هو الوقت الذي يبدأ من ارتفاع الشمس إلى قبيل الظهر؟","ضحى"
ض,"سوناتة بيانو للموسيقار لودفيج فان بيتهوفن على سلم دو مرتفع الصغير","ضوء القمر"
ض,"ما هو التزام الهدوء بعد التعرض لموقف ما؟","ضبط النفس"
ض,"ما الاسم الذي يُطلَق على السن الكبير الذي يظهر في مؤخرة الفم وقد يسبِّب آلامًا؟","ضرس العقل"
ض,"ماذا يطلق على الرجل الذي فقد بصره؟","الضرير"
ض,"من الحيوانات الصحراوية؟","ضب"
ض,"ما الاسم الذي يطلق على من يقع فريسة للظلم أو الأذى؟","ضحية"
ض,"مصطلح عامي يطلق على الشخص المتين","ضرنط"
ض,"كلمة تصف الماء القليل القريب من القاع، وتصف كل شيء سطحي ليس له عمق","ضحل"
ض,"ما هو الشيء الذي لا يملك كثافة؟","الضوء"
ط,"ماهي عاصمة دولة ليبيا؟","طرابلس"
ط,"ما الآلة الوترية التقليدية التي تُستخدَم في بعض المناطق العربية والإفريقية؟","طنبور"
ط,"ما التقسيم الاجتماعي أو الاقتصادي الذي يصنف الناس في مجموعات هرمية بناءً على الثروة أو المهنة أو المكانة؟","طبقية"
ط,"ما معنى كلمة تبتغي؟","تطلب"
ط,"ما اسم السلالة التي حكمت مصر بعد الفتح الإسلامي وقبل الفاطميين؟","الطولونية"
ط,"الدور من البناية أو الدور؟","طابق"
ط,"ما الغطاء التقليدي للرأس الذي اشتهر في بلدان الشام ومصر قديمًا؟","طربوش"
ط,"عميد الأدب العربي؟","طه حسين"
ط,"ما اسم الطائر الصغير ذي الألوان الزاهية الذي يشتهر بصيد الأسماك؟","طائر الرفراف"
ط,"ما هو الطائر البري الصغير المعروف بلحمه الشهي ويصطاد عادة؟","طائر الحجل"
ط,"ما هو العضو الموجود في جسم الإنسان الذي يقوم بتنقية الدم وإنتاج العصارة الصفراوية؟","الطحال"
ط,"ما هي الآلة الموسيقية الإيقاعية الصغيرة التي تشبه الطبل وتستخدم في الموسيقى العربية؟","طبلة"
ط,"ماذا نسمي مجموعة الألوان التي تنتج عن تحليل الضوء الأبيض؟","طيف"
ط,"ما معنى كلمة صامط؟","طعام قليل الملح"
ط,"ما الحركة الأفغانية التي ظهرت في التسعينيات وسيطرت على أجزاء واسعة من أفغانستان؟","طالبان"
ط,"مدينة تاريخية قريبة من مكة المكرمة ال ….. ؟","الطائف"
ط,"ماذا يسمى صوت الذباب والباعوض؟","طنين"
ط,"ما هي المركبة الجوية التي تستخدم محركات نفاثة أو مراوح للدفع؟","طائرة"
ط,"ما هو العضو الحيوي الذي يعمل على محاربة العدوى وتنقية الدم وتخزين خلاياه؟","الطحال"
ط,"ما هي إحدى الطبقات الرئيسية التي تحيط بكوكب الأرض وتحتوي على الهواء الذي نتنفسه؟","طبقة الغلاف الجوي"
ط,"ما هي عاصمة جمهورية أوزبكستان التركستانية؟","طاشكند."
ط,"ما هو الطائر المائي الذي يشتهر بقدرته على الغوص العميق بحثًا عن الطعام؟","طائر الغطاس"
ط,"في المعلومات العامة، كتاب شهير لمحمد بن سلام الجمحي يعتبر مصدرا هاما لمراتب الشعراء.","طبقات الشعراء"
ط,"ما اسم الملك الذي ورد ذكره في القرآن واختاره الله لبني إسرائيل رغم اعتراضهم على فقره؟","طالوت"
ط,"ما الحيوان الجبلي المعروف بقرونه المعقوفة ويعيش في جبال عُمان والإمارات؟","طهر عربي"
ط,"ما الوعاء المعدني الصغير الذي يُستخدَم للشرب أو الكيل في المطابخ العربية؟","طاسة"
ط,"من هو الشاعر الجاهلي صاحب إحدى المعلّقات ويُدعى طرفة بن…؟","طرفة بن العبد"
ط,"ما هي المادة المسحوقة التي تصنع من حبوب القمح أو غيرها من الحبوب وتستخدم في صناعة الخبز؟","طحين"
ط,"العلاقة التي يستفيد منها مخلوق حي بينما يتضرر مخلوق حي آخر؟","التطفل"
ط,"ما المصطلح الذي يصف التصرف بتهور دون التفكير بالعواقب؟","طيش"
ط,"ما اسم أول قائد مسلم عبر المضيق الذي سمي باسمه لفتح الأندلس؟","طارق بن زياد"
ط,"اسم يطلق على كل ماعُبد من دون الله وهو راضٍ بذلك","الطاغوت"
ط,"ما هي الطبقة الواقية في الغلاف الجوي التي تحمي الأرض من الأشعة فوق البنفسجية الضارة؟","طبقة الأوزون"
ط,"ماذا يسمى الشيء الذي يتم إرساله عبر البريد ويحتوي على محتويات مغلقة؟","طرد بريدي"
ط,"ما هو النبات العطري الذي يستخدم في الطهي ويسمى أيضًا الشيح الرومي؟","طرخون"
ط,"ما هو الشيء الذي يوضع حول رقبة الحيوانات أو البشر كزينة أو للتحكم؟","طوق"
ط,"ما هي الشبكة القديمة من الطرق التجارية التي ربطت الشرق بالغرب لنقل البضائع الثمينة؟","طرق الحرير"
ط,"ما المنسك في الحج أو العمرة الذي يلتف فيه المسلمون حول الكعبة المشرفة؟","طواف"
ط,"ما هو المصطلح الذي يُطلق على الممارسات أو المعتقدات الخرافية التي تتضمن استخدام رموز أو كلمات يُعتقد أن لها قوى للحماية أو التأثير؟","طلاسم"
ط,"ما الكلمة التي تدلّ على كل ما يؤكل ويشرب لحفظ الحياة والنمو؟","طعام"
ط,"احدى قطع الاسطول البحري لها قدرة على المناورة والقتال ومجهزة بالمدافع وتتميز بخفتها وسرعتها","الطراد"
ط,"ما هو الطائر الأسود الذي يشتهر بذكائه وصوته المميز؟","طائر الغراب"
ط,"عضو داخل جسم الإنسان؟","الطحال"
ط,"ما هي عاصمة اليابان؟","طوكيو"
ط,"ما الطائر الذي يزهو بذيله الملوّن الزخرفي ويُعرَف بجماله؟","طاووس"
ط,"ما هو أكبر طائر في العالم من حيث الحجم ولا يستطيع الطيران؟","طائر النعام"
ط,"ما الاسم الذي يُطلَق على الجهاز الطبي التعويضي الذي يحلّ محل أحد الأطراف؟","طرف صناعي"
ط,"ما هي المدينة المصرية التي تقع على خليج السويس وتشتهر بمينائها؟","طور سيناء"
ط,"ما هو الطائر الذي لا يستطيع الطيران وموطنه الأصلي نيوزيلندا؟","طائر الكيوي"
ط,"من هو أحد العشرة المبشرين بالجنة، وأحد السابقين إلى الإسلام؟","طلحة بن عبيد الله"
ط,"ماذا نسمي الأساليب أو الوسائل المختلفة التي يمكن استخدامها لتحقيق هدف ما؟","طرق"
ط,"ما هو اسم العملية الحسابية التي تعكس عملية الجمع؟","الطرح"
ط,"ماهي المحافظة الّتي يقام فيها سنويًا مهرجان ولي العهد للهجن؟","الطائف"
ط,"ما هي الآلة الموسيقية الإيقاعية التي تتكون من غشاء مشدود على إطار وتضرب باليد أو بالعصا؟","طبل"
ط,"ماذا يطلق على الصف المنتظم من الناس والأشياء للإنتظار؟","طابور"
ط,"ما هو الطائر الذي يُستخدم في سباقات الزاجل ويُعرف بقدرته على العودة إلى موطنه؟","طائر الحمام"
ط,"ما هي المدينة المغربية التي تقع على مضيق جبل طارق؟","طنجة"
ط,"ما هي المدينة التي تقع أقصى شمال السعودية؟","طريف"
ط,"ما هو الطائر الذي يعيش في المناطق القطبية ويتميز بقدرته على السباحة بمهارة؟","طائر البطريق"
ط,"ما هو مصدر الطاقة المتجددة التي تستمد من أشعة الشمس؟","طاقة شمسية"
ط,"قوة مستمدة من أشعة الشمس قادرة على توليد الحرارة مباشرة وإحداث التفاعلات الكيميائية وإنتاج الكهرباء","الطاقة الشمسية"
ط,"ما هي المادة اللينة التي تستخدم في صناعة الفخار والطوب؟","طين"
ط,"ما السورة القرآنية التي تبدأ بالحروف المقطّعة (طه)؟","طه"
ط,"ما معنى كلمة قوت؟","طعام"
ط,"ما المهنة التي تشخّص الأمراض وتصف الأدوية للمرضى؟","طبيب"
ط,"ما هو الطبق المغربي الشهير الذي يطهى في إناء فخاري مخروطي الشكل؟","طاجين"
ط,"ماذا تسمى الحكاية الخفيفة التي تهدف إلى إضحاك الناس؟","طرفة"
ط,"ما الفعل الذي يقوم به الطائر عند رفرفة جناحيه وارتفاعه عن الأرض؟","طيران"
ط,"ما هو الكائن الحي البسيط الذي ينمو في الماء ويقوم بعملية التمثيل الضوئي؟","طحلب"
ط,"ما هو الجهاز الذي يُستخدم لطباعة المستندات والصور؟","الطابعة"
ط,"ما هو مصدر الطاقة المتجددة الذي يستغل حركة الهواء لتوليد الكهرباء؟","طاقة الرياح"
ط,"من دعاء الرسول صلى الله عليه وسلم: ""اللهم مصرف القلوب صرف قلوبنا على...""؟","طاعتك"
ط,"من القائل: ""وظلم ذوي القربى أشد مضاضة على النفس من وقع الحسام المهندي""؟","طرفة بن العبد."
ط,"ما هو التغير المفاجئ والدائم في تسلسل الحمض النووي للكائن الحي؟","طفرة جينية"
ط,"ما هي اللعبة التي تصنع من الورق والخيوط وتطير في الهواء بفعل الرياح؟","طائرة ورقية"
ط,"ما يؤخذ من الأسماك الصغيرة ويقطع لحمه لإغواء الأسماك الأخرى","طعم"
ط,"ما عكس كلمة صالح؟","طالح"
ط,"ماهي العبادة التي كان يفعلها الناس منذ سيدنا إبراهيم عليه السلام ويستحب فيها الدعاء وذكر الله؟","الطواف"
ط,"ما هو الجهاز الطائر الذي يمكن التحكم به عن بعد ولا يحتاج إلى قائد بشري على متنه؟","طائرة بدون طيار"
ط,"ما هو الطائر الجارح الذي يُعرف بقوته وبصره الحاد؟","طائر العقاب"
ط,"ما هي المدينة الإسبانية التاريخية التي كانت عاصمة مملكة القوط الغربيين قبل الفتح الإسلامي، واشتهرت بمركز الترجمة في العصور الوسطى؟","طليطلة"
ط,"ما عاصمة دولة إيران وأكبر مدنها من حيث السكان؟","طهران"
ط,"ما المسار المُمهّد لسير السيارات والمركبات ويصل المدن والأحياء ببعضها؟","طريق"
ط,"ما هو الطائر الذي يتميز بمنقار كبير وملون بشكل لافت للنظر؟","طائر الطوقان"
ط,"شخص نقي، بريء، خالٍ من العيوب.","طاهر"
ط,"ما نوع الفن الذي يستخدم فيه الفنانون الألوان المخلوطة بالزيت لإنشاء لوحاتهم؟","طلاء زيتي"
ط,"ما المصطلح العسكري الذي يشير إلى القوات التي تتقدم في مقدمة الجيش لاستكشاف العدو وتأمين الطريق؟","طلائع"
ط,"ما هي المدينة الساحلية السورية التي تقع على البحر الأبيض المتوسط؟","طرطوس"
ط,"ما يطلق على صوت الذباب والنحل؟","طنين"
ط,"ماهو التعصب والولاء بشكل مفرط لجماعة معينة بناءً على روابط عقدية مما يؤدي إلى الانقسام داخل المجتمع الواحد؟","الطائفية"
ط,"ما هي الأداة التي تستخدم لرش الدهانات أو السوائل الأخرى؟","طرطوشة"
ط,"مسلسل تلفزيوني رمضاني كوميدي سعودي من بطولة عبدالله السدحان وناصر القصبي","طاش ما طاش"
ط,"وادٍ مقدّس في سيناء، كلّم الله فيه نبيَّه موسى عليه السلام","ُطوى"
ط,"ما الكلمة التي تعبر عن حالة غير متوقعة وتتطلب حلًا سريعًا؟","طارئة"
ط,"ما الذي يمر من خلال المدن والحقول ولكنه لا يتحرك أبدًا؟","الطريق"
ط,"ما هي المهنة التي تتضمن تشخيص وعلاج الأمراض والإصابات؟","طبيب"
ط,"ما القطعة الغنائية في التراث العربي وتُؤدّى بمصاحبة آلات شرقية؟","طقطوقة"
ط,"ماذا يسمى الشخص الذي يتظاهر بالمعرفة أو الأهمية وهو في الواقع ليس كذلك؟","طرطور"
ط,"من أهم مدن وموانئ لبنان الشقيقة؟","طرابلس"
ط,"ما هو الاسم الذي يُطلق على الممالك الإسلامية الصغيرة التي ظهرت في الأندلس بعد سقوط الخلافة الأموية في قرطبة؟","طوائف"
ظ,"أكمل الآية قال تعالى: { وَالَّذِينَ آمَنُوا وَعَمِلُوا الصَّالِحَاتِ سَنُدْخِلُهُمْ جَنَّاتٍ تَجْرِي مِنْ تَحْتِهَا الْأَنْهَارُ خَالِدِينَ فِيهَا أَبَدًا لَهُمْ فِيهَا أَزْوَاجٌ مُطَهَّرَةٌ وَنُدْخِلُهُمْ ظِلًّا _________ }","ظليلا"
ظ,"كلما زاد، قل ما تراه، فما هو؟","الظلام"
ظ,"ما هو الشعور بالعطش الشديد نتيجة لنقص السوائل في الجسم؟","الظمأ"
ظ,"أكمل الآية، قال تعالى: { لَا يُحِبُّ اللَّهُ الْجَهْرَ بِالسُّوءِ مِنَ الْقَوْلِ إِلَّا مَنْ _______ وَكَانَ اللَّهُ سَمِيعًا عَلِيمًا }","ظُلِمَ"
ظ,"يطلق على أقدام البهائم كالغنم والبقر والظبى","ظلف"
ظ,"مركز في كرة القدم؟","ظهير"
ظ,"كلمة بمعنى مُتهم أو من نسب إليه ذنب أو جريمة","ظنين"
ظ,"كلمة بمعنى النصر؟","الظفر"
ظ,"ما المصطلح الفقهيّ الجاهليّ الذي يُشبِّه الزوجة بالمحرّمات فيحرِّمها على نفسه؟","ظهار"
ظ,"صوت فيه غنة ينتج من انشقاق الشفة العليا أو انكسار في الثنايا","ظأظأه"
ظ,"ما هو المصطلح الذي يعني الغلبة والفوز والقهر؟","الظفر"
ظ,"المنطقة الخلفية في جسم الإنسان، والتي ترتفع من أعلى الأرداف إلى مؤخرة العنق؟","الظهر"
ظ,"المنطقة المظلمة التي يسببها جسم ما عندما يحجب الضوء من الوصول إلى سطح ما؟","ظل"
ظ,"ما هي القضية التي تعالجها سورة المجادلة؟","الظهار"
ظ,"ما هي الأحوال والملابسات المحيطة بحدث معين؟","ظروف"
ظ,"ما الصفة التي تُطلَق على من يشعر بعطشٍ شديد؟","ظمآن"
ظ,"ما هو عكس النهار؟","ظلام"
ظ,"ما الصفة التي تنطبق على من يقسو ويتعدّى على الآخرين بغير حق؟","ظالم"
ظ,"ما الصفة المبالغ فيها لِمَن يفرط في الجور والتعدّي؟","ظلوم"
ظ,"شيء يوضع فيه الرسالة","ظرف"
ظ,"ما الاسم الدالّ على التوقع والترجيح بلا يقين؟","ظن"
ظ,"ما هو الشيء الذي يدخل الماء ولا يتبلل؟","الظل"
ظ,"اسم حيوان صغير يُصدر رائحة كريهة للدفاع عن نفسه؟","ظربان"
ظ,"ما الكلمة التي تقال على الدواب عند السير والارتحال؟","ظعن"
ظ,"ما الاسم الذي يُطلق على الغلاف الورقي الذي توضع بداخله الرسائل البريدية لإرسالها؟","ظرف رسالة"
ظ,"هو حيوان صغير قوي البنية ذو أرجل قصيرة ورأس صغير؟","الظربان"
ظ,"من المذاهب الفقهية التي تأخذ بظواهر النصوص الشرعية؟","الظاهرية"
ظ,"ما الحالة التي تدل على غياب الضوء وانتشار العتمة؟","ظلام"
ظ,"يظهر مع بداية النهار، ويختفي في وسطه، ثم يعود حتى الغروب. وهو ظاهر ما دامت العين مبصرة.","الظل"
ظ,"ما الكلمة العربيّة التي تعبِّر عن العطش الشديد؟","ظمأ"
ظ,"ما المصطلح الذي يُطلق على وقت انتصاف النهار عندما تكون الشمس في أعلى موضع لها؟","ظهيرة"
ظ,"ما هو الشيء الذي يمكنك وضعه في زجاجة بدون أن يدخله؟","الظل"
ظ,"ماذا يسمى حد انتصاف النهار؟","الظهيرة"
ظ,"ما هو الشيء الذي إذا وقفنا في منتصفه أصبحنا خارجه؟","الظل"
ظ,"أكمل الآية، قال تعالى: { وَأَمَّا مَنْ أُوتِيَ كِتَابَهُ وَرَاءَ .......... }","ظهره"
ظ,"ما المفهوم النحويّ الذي يشير إلى اسم يدل على زمان أو مكان؟","ظرف"
ظ,"شيء يمكن أن يظهر في السماء بعد الغروب، لكنه لا يلمس الأرض أبدًا، ما هو؟","الظل"
ظ,"أكمل الآية، قال تعالى: { وَلَوْ أَنَّ لِكُلِّ نَفْسٍ ............ مَا فِي الْأَرْضِ لَافْتَدَتْ بِهِ وَأَسَرُّوا النَّدَامَةَ لَمَّا رَأَوُا الْعَذَابَ وَقُضِيَ بَيْنَهُمْ بِالْقِسْطِ وَهُمْ لا يُظْلَمُون }","ظلمت"
ظ,"يطلق على المحيط الأطلسي قديماً بحر ماذا؟","الظلمات"
ظ,"ما معنى البنان؟","الظفر"
ظ,"أكمل الآية، قال تعالى: { وَعَلَى الَّذِينَ هَادُوا حَرَّمْنَا كُلَّ ذِي ........... وَمِنَ الْبَقَرِ وَالْغَنَمِ حَرَّمْنَا عَلَيْهِمْ شُحُومهما إِلَّا مَا حَمَلَتْ ظُهُورُهُمَا أَوِ الْحَوَايَا أَوْ مَا اخْتَلَطَ بِعَظْمٍ ذَلِكَ جَزَيْنَاهُمْ بِبَغْيِهِمْ وَإِنَّا لَصَادِقُونَ }","ظفر"
ظ,"في النحو: اسم دل على زمان الحدث أو مكانه؟","ظرف"
ظ,"ما هو اسم ذكر النعام في اللغة العربية والذي يبدأ بحرف الظاء؟","ظليم"
ظ,"ما اسم الغزال الجبليّ الرشيق المعروف بقرونه الجميلة؟","ظبي"
ظ,"ما هو الجزء الموجود في جسم الإنسان ويبدأ بحرف الظاء؟","ظهر"
ظ,"في النحو هو يدل على زمان الحدث أو مكانه؟","ظرف"
ظ,"ما المصطلح الذي يُعبِّر عن المساحة المظللة التي تُشكِّلها الأجسام عند اعتراضها لأشعة الشمس؟","ظل الشمس"
ظ,"ما المفردة التي نُطلِقها على أي حدث أو أمر يمكن رصده وملاحظته؟","ظاهرة"
ظ,"ما الجزء الصلب في طرف الأصابع ويُقصّ باستمرار؟","ظفر"
ظ,"أكمل الآية: قال تعالى: { مَثَلُهُمْ كَمَثَلِ الَّذِي اسْتَوْقَدَ نَارًا فَلَمَّا أَضَاءَتْ مَا حَوْلَهُ ذَهَبَ اللَّهُ بِنُورِهِمْ وَتَرَكَهُم في _______ لَا يُبْصِرُونَ }.","ظلمات"
ظ,"ما هي أول صلاة صلاها النبي محمد؟","صلاة الظهر"
ظ,"ما هو مرادف أطل، أناف، أهل، واتضح؟","ظهر"
ظ,"ما هو الوقت الذي تكون فيه الشمس في كبد السماء؟","الظهيرة"
ظ,"ما هو الحرف الذي لم يذكر في أسماء سور القرآن؟","الظاء"
ظ,"ما معنى كلمة حلك؟","ظلام شديد"
ظ,"شيء يكسو الناس وهو عارٍ؟","الظل"
ظ,"ما هو المصطلح الذي يطلق على العرج البسيط في المشي؟","ظلع"
ظ,"ما هو الشيء الذي لا يرى إلا في النهار أو عند توفر الضوء؟","ظل"
ظ,"آية في القرآن الكريم في سورة المجادلة تتكلم عن أحكام متعلقة بالزواج","الظهار"
ظ,"ما هي الصلاة التي تأتي بعد صلاة الفجر؟","الظهر"
ظ,"إحدى محافظات المملكة العربية السعودية، تقع في منطقة عسير؟","ظهران الجنوب"
ظ,"ما هي الناقة السوداء أو التي تغلب عليها السمرة؟","الظمياء"
ظ,"ما اسم الحيوان الصحراوي المعروف بجماله وسرعته ؟","ظَبْي"
ظ,"ما التسريحة المصنوعة من تجديل شعر الرأس في خُصلٍ ملتفّة؟","ظفيرة"
ظ,"ما هو المغلف أو الغلاف الذي توضع فيه الأوراق أو الأشياء الصغيرة؟","الظرف"
ظ,"ما الجمع الذي يُطلق على الاعتقادات أو الشكوك التي قد تكون صائبة أو خاطئة؟","ظنون"
ظ,"ما الاسم الذي أُطلِق في العربية قديمًا على المرأة في الهودج أثناء الترحال؟","ظعينة"
ظ,"ما هو المصطلح الذي يطلق على غياب الضوء أو المنطقة التي لا يصل إليها الشعاع؟","ظلام"
ظ,"نهى الله عنه وقال أن بعضه إثم؟","الظن"
ظ,"ما هي الكلمة التي تعني الغموض أو الالتباس؟","الظنون"
ظ,"ما هي أول صلاة فرضها الله سبحانه وتعالى على النبي محمد صلى الله عليه وسلم؟","الظهر"
ظ,"ما هو اللفظ الذي يطلق على حد السيف؟","ظبة"
ظ,"ما الكلمة التي تعني الواضح والبارز للعيان؟","ظاهر"
ظ,"غلاف يستخدم لحفظ الرسائل أو الأوراق","ظرف"
ظ,"نهى الله تعالى عنه وقال إن بعضه إثم","الظن"
ظ,"أكمل الآية، قال تعالى: { ...... الْفَسَادُ فِي الْبَرِّ وَالْبَحْرِ بِمَا كَسَبَتْ أَيْدِي النَّاسِ لِيُذِيقَهُمْ بَعْضَ الَّذِي عَمِلُوا لَعَلهُمْ يَرْجِعُونَ }","ظهر"
ظ,"يوجد في نهاية أرجل الحيوانات المجترة كالجمال والبقر، وهو بمنزلة الحوافر للأحصنة؟","ظلف"
ظ,"مكان مرتفع ويشتهر بكثرة الأشجار","الظهرة"
ظ,"ما اللفظة العربيّة التي تُطلَق على المرأة المُرضعة لولدٍ ليس ابنها؟","ظئر"
ظ,"ما هو الحرف الذي لم يرد في أي سورة من سور القرآن الكريم؟","ظاء"
ظ,"ما هو عكس النور؟","ظلام"
ظ,"ما الاسم الذي يُطلَق على الفترة اللاحقة لمنتصف النهار حيث تشتدّ الحرارة؟","ظهيرة"
ظ,"التهمة لها اسم صريح؟","ظنة"
ظ,"ما هو المصطلح الّذي ورد في القرآن ويعني المعين والنصير؟","ظهير"
ظ,"ما هو عكس كلمة نور؟","ظلام"
ظ,"أكمل الآية، قال تعالى: { وَلَا .......... وَلَا الْحَرُورُ }","الظل"
ظ,"ما هو الشيء الذي يخاف منه الجميع ولكن لا يؤذي أحدًا؟","الظلام"
ظ,"في أي محافظة سعودية يوجد أثر طريق الفيل الذي سلكه أبرهة الحبشي لهدم الكعبة؟","ظهران الجنوب"
ظ,"ما هو مرادف كلمة جور؟","ظلم"
ظ,"ما هو الشيء الذي إذا سرت سار معك ولا تسبقه؟","الظل"
ظ,"هو معاقبة شخص بدون أن يفعل شيء أو مكافأة شخص دون أن يفعل شيء؟","ظلم"
ظ,"ما الاسم الذي يُطلَق على أنثى الغزال الجميلة الرشيقة؟","ظبية"
ظ,"ما هو اسم أنثى الغزال؟","ظبية"
ظ,"ما هو اسم المنطقة التي كانت تُعرف باسم ظفار في التاريخ القديم؟","ظفار"
ظ,"ما هو الشيء الذي تراه في الليل لكنه يختفي في النهار؟","الظلام"
ظ,"ما هو الاسم الذي يُطلق على الحيوان الثديي الرشيق المعروف بسرعته وجماله، والذي يعيش غالبًا في المناطق الصحراوية والمراعي المفتوحة؟","ظبي"
ظ,"ما هو المصطلح الذي يُطلق على بروز صغير في جسم الإنسان يُرى أحيانًا أسفل الظفر؟","الظفرة"
ظ,"ما الصفة التي تُطلق على الرأي أو الحكم القابل للخطأ لعدم كفاية الأدلة؟","ظن"
ظ,"ما هو الاسم الذي يُطلق على الغطاء الذي يحمي الشخص من أشعة الشمس؟","الظلة"
ظ,"ما اسم المحافظة العمانية المشهورة باللبان والبخور؟","ظفار"
ع,"ما هو شريعة المتعاقدين؟","العقد"
ع,"ماذا تسمى الجماعة من الحمير؟","عانة"
ع,"من هو الصحابي الذي كان معه مفتاح الكعبة؟","عثمان بن طلحة"
ع,"دولة حاكمها يسمى السلطان","عمان"
ع,"ما هو الفيلم الأمريكي الذي فاز بجائزة الأوسكار لأفضل فيلم عام 1972 وتدور أحداثه حول المافيا؟","العراب"
ع,"لقب يمنح للشخصيات الداعمة مادياً ومعنوياً في الأندية السعودية، ويمتلكون عادة نفوذاً وتأثيراً خاصاً داخل النادي؟","عضو شرف"
ع,"مرادف لكلمة انتهاك؟","عصيان"
ع,"أول نادي عربي حقق دوري أبطال آسيا؟","العين الإماراتي"
ع,"ما هي المعركة التي تم فيها هزيمة المغول على يد المماليك؟","عين جالوت"
ع,"ما كان يطلق قديما على عرب الشمال وهم سكان الحجاز والمناطق المجاورة مثل نجوى تهامة واليمامة","عدنانيين"
ع,"يسمى الخبيث من الجن شيطان أما من اشتدت قوته منهم يسمى","عفريت"
ع,"ما هو الحمل الثقيل على النفس؟","عبء"
ع,"من العلوم المتصلة بالقرآن الكريم ألف فيه أبو عمر والشاطبي والداني؟","علم القراءات"
ع,"ما هو كل شيء ثابت في حيزه لا يمكن نقله منه دون تلف أو تغير في هيئته؟","العقار"
ع,"مجموعة من الأنسجة التي تقوم بعمل وظيفة معينة أو عدة وظائف","العضو"
ع,"شركة عطور تمتاز بعطور وايلد كولت وأرغريس","عساف"
ع,"كلمة تعني القهر والغلبة؟","عنوة"
ع,"تاجر من التجار إذا اقتلعنا عينه طار فمن هو؟","العطار"
ع,"ما هو اسم خيل الملك عبدالعزيز؟","عبية"
ع,"موضع بالقرب من بيسان هزم عنده التتار على يد السلطان قطز والقائد بيبرس؟","عين جالوت"
ع,"فجرت اتنتي عشر عينا ؟","عصا موسى عليه السلام"
ع,"من هو الصحابي الذي أسلم على يد تابعي؟","عمرو بن العاص"
ع,"عالم ومخترع وشاعر أندلسي مسلم، يعرف بأنه أول من حاول الطيران في التاريخ:","عباس بن فرناس"
ع,"ما المقصود بمجموع الأفعال والأعمال التي تنشأ في جماعة ما فتتوارثها؟","عادات"
ع,"ماذا يعني اضطراب الرؤية؟","عدم وضوح الرؤية"
ع,"اسم بمعنى العمر الطويل؟","عمر"
ع,"ما هي أسرع عضلة في جسم الإنسان؟","العين"
ع,"من هو مؤسس مدينة القيروان وجعلها قاعدة حربية ثابتة للجيش؟","عقبة بن نافع"
ع,"ما اسم العملية التي يقوم فيها الجسم بتبادل الغازات مع البيئة؟","عملية التنفس"
ع,"ما هي أول سورة قرآنية نزلت على الرسول صلى الله عليه وسلم؟","العلق"
ع,"موقع شهد معارك حرب الردة في عهد الخليفة أبي بكر الصديق هو","عقرباء"
ع,"ما هو اسم النظام العددي الذي نستخدمه في حياتنا اليومية؟","العشري"
ع,"من هو أول ما آمن من الصبيان بالنبي محمد ﷺ ؟","علي بن أبي طالب"
ع,"ما هو اسم أنثى الضبع؟","أم عامر"
ع,"ما هي المعركة التي هُزم فيها المغول لأول مرة على يد المسلمين؟","عين جالوت"
ع,"هي قواعد غير مكتوبة نشأت من اعتياد الناس على سلوك معين في تنظيم شؤونهم، مع اعتقادهم بوجوب التزامها واكتسابها قوة ملزمة بموجب القانون","العرف"
ع,"من القائل: كنت أعالج وأنمي ولا أزدري ربحاً ولا أشتري شيخاً وأجعل الرأس رأسين؟","عثمان بن عفان"
ع,"هي دولة تطل على مضيق هرمز وتطل على بحر العرب ونظام الحكم فيها ملكي","عمان"
ع,"ما هو أشهر الأسواق عند العرب؟","سوق عكاظ"
ع,"هي إحدى أبرز المعارك الفاصلة في التاريخ الإسلامي استطاع المماليك إلحاق أول هزيمة قاسية بجيش المغول","عين جالوت"
ع,"ما هي العلاقة بين المقاومة والتيار الكهربائي؟","عكسية"
ع,"جريدة النخل المستقيمة؟","عسيب"
ع,"ما هو أضعف البيوت الذي أثبت العلم أن خيوطه أقوى من الفولاذ؟","بيت العنكبوت"
ع,"صحابي جليل من أصحاب الهجرتين، كَتب مصحفًا بيده يُنسب إليه وشهد الغزوات كلها","عبدالله بن مسعود"
ع,"من الخليفة الذي عزل خالد بن الوليد وعين أبا عبيدة بن الجراح؟","عمر بن الخطاب"
ع,"ما المفهوم السياسي الذي يفصل الدين عن الدولة ومؤسساتها؟","علمانية"
ع,"هو أحد حكام الدولة الأموية ومن نسل أحد العشرة المبشرين بالجنة؟","عمر بن عبد العزيز"
ع,"ما هي أغلى مادة في صناعة العطور؟","العنبر"
ع,"ما اسم الرقصة التقليدية التي تُؤدى في بعض دول الخليج العربي؟","العرضة"
ع,"ما هو اللقا؟","العسل"
ع,"ما هو أشهر الأسواق عند العرب قديماً؟","عكاظ"
ع,"غطاء للرأس يرتديه المسلمون بشكل خاص ويصنع من قطعة قماش طويلة ملفوفة حول الرأس أو حول غطاء للرأس؟","العمامة"
ع,"هو قطعة من الزي العربي التي يرتديها الرجال في الجزيرة العربية، ويلبس فوق الشماغ أو الغترة.","العقال"
ع,"اسم يطلق على الأنثى شديدة السمنة","عركركة"
ع,"آخر معقل صليبي في الشام كان","عكا"
ع,"من هو قائد معركة بلاط الشهداء؟","عبد الرحمن الغافقي"
ع,"من هو قائل الحكم لله ثم لعبدالعزيز؟","عبدالله بن جلوي"
ع,"من هو الهداف التاريخي للدوري السعودي؟","عمر السومة"
ع,"ما معنى كلمة جدك في دعاء الاستفتاح؟","العظمة"
ع,"من هو النبي الذي ولد بدون أب؟","عيسى عليه السلام"
ع,"من أسماء الجبل","العلم"
ع,"من نائب الحرس الملكي بعهد الملك عبدالله رحمه الله؟","عبيد غثيث العنزي"
ع,"ما هي أكثر اللغات السامية تحدثاً وإحدى أكثر اللغات انتشاراً في العالم؟","اللغة العربية"
ع,"ما هي وحدة قياس سرعة السفن؟","عقدة"
ع,"ماذا يطلق على بني الرجل وقرابته لأبيه؟","العصبة"
ع,"ما يؤديه الإنسان المُكلَّف من أفعال تقرُّبا إلى الله‏، كالصلاة ونحوها.","عبادة"
ع,"ما هي عاصمة الأردن؟","عمان"
ع,"ما اسم العدد الذي يعبر عن كمية أو مدى شيء ما؟","عدد"
ع,"شجرة ليس لها ظل ولا ثمار","شجرة العائلة"
ع,"من هو قائد كتيبة الموت في معركة اليرموك وهو صاحب مقولة من يبايع على الموت؟","عكرمة بن أبي جهل"
ع,"صحابي من العشرة المبشرين بالجنة واشتهر بخبرته في التجارة","عبدالرحمن بن عوف"
ع,"رقصة شعبية تؤدى في المناسبات السعودية؟","عرضة"
ع,"ما هي أول سورة نزلت على النبي محمد صلى الله عليه وسلم؟","العلق"
ع,"ثلاثة أعمال لا تدخل الميزان يوم القيامة لعظمتها وهي الصيام والصبر و...؟","العفو"
ع,"طريق للحجاج من الكوفة إلى مكة أنشأته زبيدة زوجة هارون الرشيد في عهد الدولة؟","العباسية"
ع,"من هم القوم الذين أرسل اليهم سيدنا هود","عاد إرم"
ع,"من هو الممثل المصري الذي يُلقب بـ “الزعيم”؟","عادل إمام"
ع,"ما هو العصر الذي يسمى بالعصر الذهبي في تاريخ الأدب؟","العصر العباسي"
ع,"طبيب سعودي اشتهر بعمليات فصل التوأم السيامي","عبدالله الربيعة"
ع,"ما هو الطائر الذي يتميز بصوته المميز الذي يشبه العواء؟","العقاب"
ع,"من هو الصحابي الذي شبهه الرسول صلى الله عليه وسلم بنبي الله عيسى عليه السلام؟","عروة بن مسعود الثقفي"
ع,"قال قديما جزاء سنمار وأيضا جزاء مجير أم؟","عامر"
ع,"ماذا يسمى ذكر الضفدع؟","العلجوم"
ع,"ما هو اسم الإسعاف باللهجة البحرينية؟","عمبلوص"
ع,"أعظم المخلوقات وأولها خلقاً، استوى عليه الرحمن بعد خلق السماوات والأرض","العرش"
ع,"من أول من قام بالطيران؟","عباس بن فرناس"
ع,"ما هو أقرب الكواكب إلى الشمس في المجموعة الشمسية؟","عطارد"
ع,"من هو الصحابي الجليل الذي كان من أوائل من أسلم، وقال فيه النبي صلى الله عليه وسلم تقتله الفئة الباغية""؟""","عمار بن ياسر"
ع,"الاسم الثاني لناقة الرسول صلى الله عليه وسلم","العضباء"
ع,"ذو قدرة على الإبداع والاختراع تبلغ درجة لا يبلغها عامة الناس؟","عبقري"
ع,"من هو الصحابي الجليل الذي كان والده أبو جهل؟","عكرمة بن أبي جهل"
ع,"من هو الصديق المقرب للكابتن ماجد؟","عمر"
ع,"في التاريخ: ما هي القبيلة العربية التي نسب لها عنترة بن شداد؟","عبس"
ع,"ينص مبدأ برنولي على أن العلاقة بين ضغط المائع وسرعته؟","عكسية"
ع,"ما هي قافلة الجمال التي تكون محملة بالبضائع والسلع؟","عير"
ع,"من هو الصحابي الذي هزم وقتل هرقل قائد الروم في معركة اليرموك؟","عمر بن الخطاب"
ع,"ما هو اسم يوم الجمعة في الجاهلية؟","عروبة"
ع,"ما هي الذبيحة التي تذبح عن المولود؟","عقيقة"
ع,"من هو مطور لعبة خالة فاطمة؟","عبدالله آل حمد"
ع,"بماذا يسمى يوم الجمعة في الجاهلية؟","عروبة"
غ,"ما الجهاز الحيوي الذي يضم الغدد التي تفرز هرموناتها مباشرةً في الدم؟","غدد صماء"
غ,"ما هو الاسم الذي يطلق على ذكر السلحفاة في اللغة العربية ويبدأ بحرف الغين؟","غيلم"
غ,"شخص اشتهر بشعره وأدبه، وكان سفيرًا للملكة لدى عدة دول، وتولى مناصب وزارية. فمن هو؟","غازي القصيبي"
غ,"ما الحالة التي يفقد فيها الإنسان انتباهه وتركيزه في الأمور المهمة؟","غفلة"
غ,"ما الطائر الذي بعثه الله ليعلم ابن آدم كيفية دفن أخيه؟","الغراب"
غ,"اسم منسوب إلى الغد ويأتي أيضا بمعنى الوقت بين طلوع الشمس والفجر وهو اسم مذكر لكن تسمى به الإناث أيضا؟","غدي"
غ,"طائر معروف كانوا يتشائمون منه قديماً","الغراب"
غ,"بمعنى الظلام أو السواد الشديد ويطلق على الحصان شديد السواد","غيهب"
غ,"ماذا يسمى الانفعال النفسي الذي قد يؤدي إلى قرارات غير عقلانية قد يندم عليها الإنسان؟","الغضب"
غ,"أي دولة إفريقية تقع عاصمتها في مدينة كوناكري؟","غينيا"
غ,"ما هو الشيء الذي يكون سحيقاً وعميقاً؟","غائر"
غ,"من هو كاتب قصيدة ""أجل نحن الحجاز ونحن نجد""؟","غازي القصيبي"
غ,"ماذا يطلق على اليوم الأول من كل شهر هجري؟","غرة"
غ,"ما هو أكبر حقل نفطي في السعودية؟","الغوار"
غ,"ما هي الكلمة التي تأتي بمعنى حزن؟","غمة"
غ,"من هي المرأة التي هزمت الأتراك في ثلاث معارك؟","غالية البقمية"
غ,"هو أداة لتدخين التبغ، له أشكال وأحجام مختلفة، وسبب استخدامه لأنه يصفّي ويرشّح الدخان من النيكوتين والمواد القطرانية؟","غليون"
غ,"ما هو الاسم الذي يطلق على ذكر السلحفاة في اللغة العربية؟","غيلم"
غ,"يُطلق على الطفل الذَّكَر منذ لحظة ولادته إلى أن يشبّ؟","غلام"
غ,"ما هو الحيوان الذي يقيم محاكمات ويعاقب المجرم مثل الإنسان؟","الغراب"
غ,"هي فعل شيء من أجل الوصول لشيء آخر؟","غاية"
غ,"زيادة العوض أو نقصه قدرًا خارجًا عن المعتاد يسمى بـ؟","غبن"
غ,"ما اسم المرض الي يكون فيه موت أنسجة الجسم إما لنقص تدفق الدم إليها أو لإصابتها بعدوى بكتيرية خطيرة","غرغرينا"
غ,"كلمة بمعنى مثال أو نهج","غرار"
غ,"ما طرق معالجة الكلية؟","غسيل الكلى"
غ,"ماذا يطلق على ذكر السلحفاة؟","غليم"
غ,"ما المصطلح الشرعي لذكر المسلم أخاه بما يكره في غيابه؟","غيبة"
غ,"في اللغة والأدب، صفة للعدو إذا كان شديد العداوة.","غاشم"
غ,"ماذا يأخذ الجيش الفائز بالمعركة؟","غنائم"
غ,"ما هو الاسم الذي يطلق على المادة التي تغطي أسطح المفاصل في الجسم؟","الغضروف"
غ,"ما آخر معاقل المسلمين في الأندلس التي سقطت عام 1492م؟","غرناطة"
غ,"قطعة نسيج توضع على رأس الرجل وتتدلى إلى الكتفين","غترة"
غ,"ما الأشياء التي يحصل عليها الجيش المنتصر من الأعداء في المعارك؟","غنيمة"
غ,"ما الفن الشعري الذي يعبر فيه الشاعر عن عواطفه تجاه المحبوب؟","غزل"
غ,"مدينة باليونانية كانت موقعاً محصناً مهماً للحضارة الميسينية، وتقع في بوتيا بالبر الرئيسي لليونان؟","غلا"
غ,"مادة قاسية مرنة تكون هياكل أو أجزاء من هياكل الفقاريات","الغضروف"
غ,"ما هو الشيء الذي يبكي بدون عين ويمشي بدون قدم؟","الغيمة"
غ,"ما الانبعاج الصغير في الخدين يظهر عند الابتسام لدى بعض الأشخاص؟","غمازات"
غ,"ما ناتج أي رقم يقسم على صفر؟","غير معرف"
غ,"ماذا يسمى المجاهد في سبيل الله السائر لملاقاة العدو؟","غازي"
غ,"من أبرز الانفعالات شيوعاً في الطفولة المبكرة؟","غيرة"
غ,"إشارة سريعة بالعين الواحدة تستخدم للتلميح أو المزاح","غمزة"
غ,"بمعنى فائز أو منتصر؟","غالب"
غ,"ما معنى كلمة بناجر؟","غوايش"
غ,"خلق يحث عليه ديننا الحنيف ؟","غض البصر"
غ,"كلمة تعنى غطاء ؟","غشاء"
غ,"ما الاسم من أسماء الله الحسنى الذي يدل على كثرة المغفرة وعفو الذنوب؟","غفور"
غ,"هو نسيج ضام، شبه قاسي ومرن وظيفته الحماية من الصدمات","غضروف"
غ,"ماذا تعني كلمة حمس؟","الغضب"
غ,"كلمة مرادفة للخيانة ونقد العهد؟","غدر"
غ,"ما المدينة الأندلسية التي كانت آخر معاقل المسلمين في شبه الجزيرة الإيبيرية؟","غرناطة"
غ,"تكوين عظمي قليل الصلابة مثل ذلك الذي يوجد في الأنف وعظام المفاصل؟","غضروف"
غ,"ما الشعور السلبي الذي يجتاح المرء عند احتدام الغضب والحنق الشديد؟","غيظ"
غ,"ما هو الشيء الذي يطير بلا جناحين ويمشي بلا أرجل ويبكي بلا عيون؟","غيمة"
غ,"الوصف الذي يطلق على أقصى درجات السواد ويُشير أيضًا إلى نوع من أنواع العنب","غربيب"
غ,"ماهي الدولة التي عاصمتها أكرا؟","غانا"
غ,"نوع من أنواع النوم؟","غفوة"
غ,"عقاب مادي قد يعاقب به المرء بعد؟","غرامة"
غ,"ما الدولة الأفريقية التي عاصمتها أكرا وكانت تسمى ساحل الذهب""؟""","غانا"
غ,"ما هو الاسم الذي يطلق على بيت السيف؟","غمد"
غ,"كلمة تعنى فاز ؟","غنم"
غ,"أين كان يتعبد الرسول صلى الله عليه وسلم قبل البعثة؟","غار حراء"
غ,"ما الذي لا يمكن وضعه في الوعاء؟","غطاء الوعاء"
غ,"ما هو تجاوز الأمر المحدود؟","غلو"
غ,"ما المقصود بيوم الفرقان الذي ذكره الله في القرآن؟","غزوة بدر"
غ,"ماذا كانت تسمى كوريا الجنوبية قديماً؟","مملكة غوريو"
غ,"من الغازات السامة التي استخدمت في الحرب العالمية الأولى؟","غاز الخردل"
غ,"كلمة بمعنى الليل","غسق"
غ,"ما هي آخر إمارة وآخر معاقل المسلمين في الأندلس؟","غرناطة"
غ,"ماذا تسمى العقوبة المالية التي تفرض على المخالف للقانون؟","غرامة"
غ,"ما اسم القبيلة العربية المسيحية التي حكمت بلاد الشام قبل الإسلام وكانت موالية للروم؟","غسان"
غ,"من أسماء يوم القيامة ورد في القرآن الكريم؟","الغاشية"
غ,"ماذا يُسمى أول الليل؟","الغسق"
غ,"من هم أحد مستحقي الزكاة الثمانية المذكورين في القرآن الكريم ويقصد بهم المدينون؟","غارمين"
غ,"رياضة مائية تتضمن النزول تحت سطح الماء لاستكشاف العالم البحري","الغوص"
غ,"ما الكلمة التي تعبّر عن الإفراط والمبالغة في تقدير الأمور أو الأشخاص؟","غلو"
غ,"ما الدولة الأفريقية التي عاصمتها كوناكري؟","غينيا"
غ,"أن يتمنى نعمة عند شخص دون زوالها منه","غبطة"
غ,"كلمة بمعنى الكثرة والزيادة عن الحد المعتاد وتستخدم لوصف التدفق بكميات كبيرة","غزارة"
غ,"ما المفردة القرآنية التي تعبِّر عن الرخاء والوفرة، ووردت في سورة نوح؟","غدق"
غ,"هي مدينة تاريخية تقع في جنوب إسبانيا، وهي عاصمة منطقة الأندلس. تشتهر بتراثها الإسلامي العريق","غرناطة"
غ,"أول ظلمة الليل بعد الغروب؟","غسق"
غ,"ما هو الشيء الذي سيأتي ولن يأتي أبدًا؟","غدا"
غ,"ماذا توفر عملية البناء الضوئي للنبات؟","الغذاء"
غ,"أمعن في الفسق والضلال؟","غوى"
غ,"ما المركبة البحرية التي تستطيع السير تحت سطح الماء لفترات طويلة؟","غواصة"
غ,"ما الشعور العاطفي الذي ينشأ عندما يخشى المرء فقدان من يحب؟","غيرة"
غ,"ما هو كل منخفض من الأرض؟","الغور"
غ,"ماذا يسمى صديد أهل النار؟","غساق"
غ,"هي أحد الاتجاهات الرئيسية في الجغرافيا؟","الغرب"
غ,"الارتفاع أو مجاوزة الحد أو التفريط في التعظيم يسمى بـ؟","الغلو"
غ,"ماذا يقول لوفي قبل أن يستعمل فاكهته؟","غومو غومو نو"
غ,"عدم الحضور إلى الدوام الرسمي يدعى؟","غياب"
غ,"دولة في أمريكا اللاتينية","غويانا"
غ,"ما هو العقل الظالم والجائر؟","الغاشم"
غ,"هو موت الإنسان تحت الماء نتيجةً لعدم استنشاق الأكسجين؟","الغرق"
غ,"ما هو اسم الخطة التي تستخدم للحصول على هدف معين بطريقة غير مباشرة؟","غاية"
غ,"ما هو اسم مدرب نادي الاتحاد حالياً؟","غاياردو"
غ,"ما هو الصوت الخشن الذي يصدره بعض النائمين؟","غَطّ"
غ,"كان لهذه الشخصية دور كبير في هزيمة العثمانيين في معركة تربة","غالية البقمية"
ف,"ما هو مرادف كلمة ثغر؟","فم"
ف,"من الذي قيل عنه أنه في شعره ينحت في صخر؟","الفرزدق"
ف,"ماهي السورة الملقبة بـأم الكتاب""؟""","الفاتحة"
ف,"من هو اللاعب الذي سجل هدف المنتخب السعودي على اليابان والّذي أهل المنتخب إلى كأس العالم 2018؟","فهد المولد"
ف,"من هو الملك السعودي الذي لقب بشهيد التضامن الإسلامي؟","فيصل"
ف,"أكمل الآية: ""وإذا سألك عبادي عني..."".","فإني قريب أجيب دعوة الداعي إذا دعان."
ف,"ما هو أسرع حيوان على وجه الأرض؟","الفهد"
ف,"علم يبحث في القوانين الطبيعية وفي حالات وخصائص المادة","فيزياء"
ف,"ما الصفة التي تدل على سرعة فهم الشخص للأمور المعقدة وذكائه الحاد؟","فطنة"
ف,"ما هو الشيء الذي يزيد كلما يقل، وينقص كلما يزيد؟","الفقر"
ف,"دولة مكونة من مجموعة جزر في جنوب المحيط الهادئ","فيجي"
ف,"بمعنى شخص قصير القامة ومتين وذو وجه دائري","الفرزدق"
ف,"ما هو الاسم الذي أطلقه المسلمون على معركة نهاوند الشهيرة؟","فتح الفتوح"
ف,"ما اسم البلد الأوروبي الذي يُطلق عليه اسم بلد الألف بحيرة؟","فنلندا"
ف,"من الاوقات التى أقسم بها الله عز وجل ؟","فجر"
ف,"ما هي أطول عظمة في جسم الإنسان؟","عظمة الفخذ"
ف,"أين يوجد بحر الهدوء؟","في القمر."
ف,"ما النهرُ الأطولُ في أوروبا ويمرُّ عبر الأراضي الروسيّة؟","فولغا"
ف,"نوع من أنواع الحيوانات يقوم بحك أذنه من خلال أنفه فما هو؟","الفيل"
ف,"قطعة من الجيش تقوم بأدوار خاصة","فيلق"
ف,"نظرية يستفاد منها في حساب المثلثات والأوتار المثلثية","نظرية فيثاغورس"
ف,"ما اسم الأغنية السعودية التي أصبحت رمزًا للوطنية؟","فوق هام السحب"
ف,"ما اسم الحدث الذي دخل فيه المسلمون مدينة قريش دون قتال في السنة الثامنة للهجرة؟","فتح مكة"
ف,"ما أصل طبق السوفليه؟","فرنسا"
ف,"ما هو اللقب الذي اشتهر به الخليفة الراشد عمر بن الخطاب؟","الفاروق"
ف,"ما هو نوع الحيوان الذي يتميز بذاكرة قوية؟","فيل"
ف,"ما هي المكونات الرئيسية للطبق المكسيكي تشيلي كون كارني؟","فلفل حار ولحم"
ف,"من هو الفنان التشكيلي الذي رسم لوحة ليلة النجوم؟","فان غوخ"
ف,"ما هو اسم صوت الأفعى في اللغة العربية؟","فحيح"
ف,"من هو أول سفراء السعودية إلى مصر؟","فوزان السابق"
ف,"أصغر دولة في العالم؟","الفاتيكان"
ف,"اسم ذكر يأتي بمعنى القاضي والعادل؟","فيصل"
ف,"ما العملية التي تتضمن تصنيف وترتيب المعلومات لتسهيل الوصول إليها؟","فهرسة"
ف,"ما هو الحيوان الذي يتصف بعضة هي الأقوى بين الثدييات؟","فرس النهر"
ف,"ما هو اللون الممنوع دوليًا؟","فانتا بلاك"
ف,"أصغر دولة في العالم","الفاتيكان"
ف,"من أحرز هدف التأهل للمنتخب السعودي لكأس العالم 2018؟","فهد المولد"
ف,"من هو الموسيقار المصري الذي لقب بـ ""ملك العود""؟","فريد الأطرش"
ف,"ما هي أكبر بحيرة نهرية في العالم؟","فكتوريا"
ف,"شيء تجلس عليه ويتكون من عدة ألوان، ما هو؟","فرشة"
ف,"ما هو العضو الذي إذا قلبت اسمه يعطيك اسم عضو ثاني؟","فك"
ف,"اشتغال المرء وتدخله في ما لا يعنيه ؟","فضولي"
ف,"المهارة في تعرف بواطن الأمور من ظواهرها","الفراسة"
ف,"ما الحيوانُ البرّيُّ الأكبرُ حجمًا في إفريقيا؟","فيل"
ف,"ما هي العضلة الأكثر قوة في جسم الإنسان؟","عضلة الفك"
ف,"ما هي أول شركة سيارات وضعت حزام الأمان؟","فولفو"
ف,"من هى أصغر بنات النبي عليه الصلاة والسلام؟","فاطمة"
ف,"ما هو أقدم علم في التاريخ؟","الفلك"
ف,"ما هي الصفة التي تطلق على الشخص الذي يتميز بالذكاء وسرعة البديهة؟","فطين"
ف,"ما اسم ابنة الرسول التي توفيت بعده؟","فاطمة"
ف,"ما اسم أكبر البحيرات النهرية الموجودة بالعالم؟","فيكتوريا"
ف,"ما هو اسم أصغر دولة في العالم؟","الفاتيكان"
ف,"من هو مكتشف الحث الذاتي والمتبادل والمغناطيسي؟","فاراداي"
ف,"ما هو أسرع حيوان بري في العالم؟","الفهد"
ف,"عنصر أبيض قابل للسحب والطرق؟","فضة"
ف,"ما المركّبُ الكيميائيُّ الذي يُضافُ إلى معاجينِ الأسنانِ للوقايةِ من التسوّس؟","فلورايد"
ف,"ماهي أطول كلمة في القرآن الكريم وتتكون من 11 حرفاً؟","فأسقيناكموه"
ف,"ما هي أكبر جزيرة في المملكة العربية السعودية؟","فرسان"
ف,"من أسماء القران الكريم ال….. ؟","الفرقان"
ف,"أكثر أنواع الكوارث الطبيعية شيوعاً، وتحدث عندما تغمر المياه الأراضي التي عادةً ما تكون جافة","الفيضان"
ف,"آلة ذات يد خشبية وسن عريضة من الحديد تستعمل في الحفر والعزق والقطع.","فأس"
ف,"ما مرادف كلمة بليغ؟","فصيح"
ف,"ما الصيغةُ التي تُستعمَلُ لطلبِ الفعلِ من المخاطَب؟","فعل أمر"
ف,"ماهو العام الّذي ولد فيه النبي صلى الله عليه وسلم؟","عام الفيل"
ف,"من هو القائل: إنني لا أريد أن أخدم نفسي، بل أريد أن أخدم شعبي، وأريد أن أكون في خدمة الشعب السعودي؟","الملك فيصل بن عبدالعزيز آل سعود"
ف,"مادة كيماوية مانعة لنخر الأسنان؟","فلورايد"
ف,"ما اسم الفنانة المصرية التي لُقبت بـ “سيدة الشاشة العربية”؟","فاتن حمامة"
ف,"أنا حارس الحقول، لست بحي لكن أؤثر في المخلوقات الحية فمن أنا؟","فزاعة"
ف,"قول أو فعل يُنظر إليه على أنه فأل خير.","فأل خير"
ف,"ما اسم أكبر جزيرة في المملكة العربية السعودية؟","فرسان"
ف,"ما اسم الفريق الفائز في أول نسخة من بطولة كأس العالم للرياضات الإلكرتونية؟","فالكونز"
ف,"أيُّ مدينةٍ مغربيّةٍ قديمةٍ تُلقَّبُ بأثينا إفريقيا؟","فاس"
ف,"من أسماء الله الحسنى ؟","الفتاح"
ف,"من هو الفيزيائي الألماني الّذي اخترع ميزان لمعرفة السوائل وقسّم ميزان الحرارة على درجات عُرفت باسمه؟","فهرنهايت"
ف,"ما هو أقدم أنواع العلوم؟","الفلك"
ف,"في النحوِ العربيِّ، ما الصيغةُ التي تدلُّ على حدوثِ الفعلِ قبلَ زمنِ الكلام؟","فعل ماض"
ف,"ماذا كانت عاصمة أمريكا قبل واشنطن؟","فيلاديلفيا"
ف,"من الأنظمة الإملائية تستخدم في الكتابة؟","الفاصلة"
ف,"ما العنصرُ الكيميائيُّ الذي يُرمزُ لهُ بالحرفِ (F)؟","فلور"
ف,"ما اسم العلم الذي يُعنى بدراسة الأحكام الشرعية العملية المستنبطة من الأدلة التفصيلية؟","الفقه"
ف,"الرئيس الحالي لروسيا؟","فلاديمير بوتين"
ف,"حيوان يبقى واقفاً ساعات بعد موته","الفيل"
ف,"من هو الشاعر الذي اشتهر بعداوته الشديدة والمستمرة لجرير في الأدب العربي؟","الفرزدق"
ف,"من هو أول وزير خارجية للمملكة العربية السعودية؟","فيصل"
ف,"ما هي أصغر دولة في العالم من حيث المساحة؟","الفاتيكان"
ف,"اذكر اسم دولة تبدأ بحرف الفاء غير فرنسا وفنلندا؟","فيجي"
ف,"ما هو الفيتامين الذي يساعد على إنتاج خلايا الدم الحمراء؟","فيتامين ب12"
ف,"ما هي أقوى عظمة في جسم الإنسان؟","الفخذ"
ف,"ما هي المدينة الكندية التي كان يدرس فيها اليوتيوبر ثنيان خالد؟","فكتوريا"
ف,"ما هو النادي الإسباني الذي لعب له سالم الدوسري؟","فياريال"
ف,"ما هو السكر المسؤول عن الطعم الحلو ويوجد في الفواكه والعسل؟","الفركتوز"
ف,"ماذا يشكل الهواء في الماء؟","فقاعات"
ف,"تخمين علمي عن كيفية ارتباط المتغيرات بعضها مع بعض ويمكن اختبار صحتها بتصميم التجارب العلمية","الفرضية"
ف,"ما هي أعلى درجات الجنة؟","الفردوس"
ف,"بمعنى التراخي والضعف","فتور"
ف,"ما هو اللقب الذي أطلق على الشاعر الأموي همام بن غالب ويعني رغيف الخبز؟","فرزدق"
ف,"أيُّ علمٍ يدرسُ الأجرامَ السماويّةَ والظواهرَ الكونيّة؟","فلك"
ف,"ما هو الحيوان الذي يمتلك أطول فترة حمل؟","الفيل"
ف,"ما هي أكبر جزر المملكة في البحر الأحمر؟","فرسان."
ف,"قال حكيم: انفرد بسرك ولا تودعه حازمًا فيزل ولا جاهلًا ....","فيخون"
ق,"ما هي المدينة الوحيدة التي ذكرت في كل الكتب السماوية؟","القدس"
ق,"ما اسم المعركة التي انتصر فيها المسلمون على الفرس وفتحت الطريق لفتح العراق؟","القادسية"
ق,"ماذا يطلق على صوت الصقر؟","قعقعة"
ق,"أيُّ مدينةٍ جزائريّةٍ تُعرَفُ بجسورها المعلَّقة؟","قسنطينة"
ق,"ما معنى كلمة الطول؟","القدرة"
ق,"أين يقع المقر الرئيسي لجامعة الدول العربية؟","القاهرة"
ق,"ما هو العضو المسؤول عن ضخ الدم في الجسم؟","القلب"
ق,"ما هو الحيوان الذي يبني السدود ويعيش بالقرب من الأنهار والجداول؟","القندس"
ق,"أيُّ عمليةٍ مصرفيّةٍ يحصلُ بها الشّخصُ على مالٍ مُقابلَ ضمانٍ أو فائدة؟","قرض"
ق,"ما هي المدينة التي سقطت بيد العثمانيين عام 1453م، وكانت عاصمة الإمبراطورية البيزنطية؟","القسطنطينية"
ق,"ما المصطلحُ الذي يُطلَقُ على معجمٍ لغويٍّ يشرحُ معاني الكلمات؟","قاموس"
ق,"ما معنى كلمة الأسوة؟","القدوة"
ق,"أيُّ بحرٍ داخليٍّ كبيرٍ يقعُ شمال إيران؟","قزوين"
ق,"ما الكائنُ البحريُّ الهُلاميُّ الذي قد يُسبِّب لسعاتٍ مؤلمة؟","قنديل البحر"
ق,"لقب ديني عند النصارى؟","قسيس"
ق,"ما هو الجهاز الذي يُستخدم لتخزين البيانات على أقراص الحالة الصلبة؟","القرص الصلب الحالة الصلبة"
ق,"ماهي أول جامعة في العالم العربي والعالم وتقع في مدينة فاس في المغرب؟","جامعة القرويين"
ق,"حيوان من القوارض","قندس"
ق,"ما هو اسم الغشاء الذي يفصل بين لب التمر والنواة؟","قطمير"
ق,"ما الاسمُ الذي يُطلَقُ على عمليةِ جَنْي الثمارِ من النخيلِ عند نضجِها؟","قطاف"
ق,"ما هو اسم هذا الحيوان؟","قرد"
ق,"أكمل القاعدة الفقهية: لا ينسب إلى ساكت ...","قول"
ق,"كلمة إيطالية الأصل معناها الغزو بالبحر بقصد النهب والسلب؟","قرصنة"
ق,"ما هو اسم أكبر بحر مغلق في العالم؟","قزوين"
ق,"ما اسم المعركة الفاصلة التي قادها سعد بن أبي وقاص وانتهت بسقوط الدولة الفارسية؟","القادسية"
ق,"ماذا كانت تسمى ناقة الرسول عليه الصلاة والسلام؟","القصواء"
ق,"شيء نحتاجه إذا أردنا التوقيع؟","قلم"
ق,"من هو الشاعر الذي لقب بمجنون ليلى؟","قيس بن الملوح"
ق,"ما الاسم الذي يُطلق على الممر المائي الذي يُستخدم لمرور السفن بين المحيطات أو البحار؟","قناة"
ق,"من الحشرات تصيب فروة الرأس أو شعر الحيوانات؟","قراد"
ق,"من هو أحد ملوك الفرس الذي حكم بين 529 و 521 قبل الميلاد؟","قمبيز."
ق,"من هو الابنُ الذي قتلَ أخاهُ هابيل بحسبِ الروايةِ القرآنيّة؟","قابيل"
ق,"ما اسمُ السورةِ القرآنيّةِ رقم (50) في ترتيبِ المصحف؟","ق"
ق,"ما هو الاستنباط في المنطق؟","القدرة على التوصل إلى نتيجة"
ق,"يسمى المكان الذي يجتمع فيه الناس قبل دخول الجنة ويتقاصون فيما بينهم بـ؟","القنطرة"
ق,"هي إحدى مصطلحات علم التجويد ومعناها هو اضطراب الصوت عند النطق بالحرف الساكن حتى يسمع بنبرة قوية","القلقلة"
ق,"ما هو أول مسجد بني في الإسلام ويقع في المدينة المنورة؟","قباء"
ق,"رياضة تسبب إصابات أربطة الركبة؟","كرة القدم"
ق,"ما اسم الكلب الذي كان مع أصحاب الكهف؟","قطمير"
ق,"ما هو أول مسجد بُني في الإسلام؟","مسجد قباء"
ق,"اسم آخر للون الأحمر يبدأ بحرف القاف؟","قرمزي"
ق,"من أصحاب القراء السبع؟","قالون"
ق,"في سلسلة المنتخبات التي أقامها عزيز، ماذا كان عنوان الحلقة؟","القهوة الفرنسية"
ق,"ما اسم الجبل الشهير الذي يتواجد في الأحساء؟","جبل القارة"
ق,"ما هو الشخص البطيء النمو القصير القامة صغير الحجم؟","قزم"
ق,"في الأنمي الشهير ون بيس، من أي مادة تم صنع قبعة لوفي؟","القش"
ق,"أيُّ دولةٍ عربيّةٍ تقع على الخليج وعاصمتها الدوحة؟","قطر"
ق,"ماذا تسمى خطوة اختيار حل من بين مجموعة حلول؟","قرار"
ق,"شعور بالعصبية أو الانشغال أو الانزعاج","القلق"
ق,"ما هو قعر البحر أو أبعد نقطة غورا فيه؟","قاموس."
ق,"قبيلة عربية من مضر سكنت في مكة وقامت على الحج ومنها رسول الله؟","قريش"
ق,"ما هو الحيوان الذي يصاب بالحصبة كالإنسان؟","القرد"
ق,"ما هو الحيوان الذي يصاب بمرض الحصبة مثل الإنسان؟","القرد"
ق,"ما هو اسم الجزء العلوي من الفطر؟","قلنسوة"
ق,"ما المقصود بالقضاء والقدر؟","القضاء هو حكم الله تعالى بوقوع الأشياء على وفق ما قدرها والقدر هو علم الله مقادير الأشياء وأزمانها قبل إيجادها"
ق,"ما هي أول جامعة أُسست في العالم؟","جامعة القرويين"
ق,"ما هو المسؤول عن نقل الإشارات أو المعلومات بين المخ والمخيخ؟","قنطرة"
ق,"مدينة تونسية وهي اسم لأحد أحياء الرياض؟","القيروان"
ق,"ما هو الشيء البدائي الذي يستعمل لصيد الأشياء من مسافات بعيدة؟","القوس"
ق,"في أي مكان يكون فيه الخريف قبل الصيف والخادم قبل السيد؟","القاموس"
ق,"مثال على اللاسعات","قنديل البحر"
ق,"ما هو العضو الوحيد الذي لا يصاب بالسرطان؟","القلب"
ق,"نبات عشبي طويل القامة يشبه الخيزران، ينتج عصير حلو يُنتج منه السكر الأبيض","قصب السكر"
ق,"كلمة تعني شدة الحر في فصل الصيف","قيظ"
ق,"ما الكلمة التي فيها ثلاث همزات متتالية؟","قراءة"
ق,"ماذا يطلق على الحذاء الخشبي؟","قبقاب"
ق,"ما هو فن النقش وزخرفة الجدران في منطقة عسير؟","القط العسيري"
ق,"ما اسم الغشاء الصغير الذي يفصل بين التمر ونواته؟","قطمير"
ق,"ما هي عاصمة المستقبل للترفيه والرياضة والثقافة في المملكة العربية السعودية؟","القدية"
ق,"في اللغة والأدب، العودة إلى الخلف ببطء.","قهقرة"
ق,"ما معنى اسم الأرقم؟","القلم"
ق,"دولة عرفت بالرياضة","قطر"
ق,"إذا احتوى الجدار الخلوي لخلية بكتيريا على طبقة سميكة من الببتيدوجلايكان فإنها تتلون بعد صبغها بصبغة جرام باللون؟","قرمزي"
ق,"احتفال شعبي كويتي يوزعون فيه الحلاو","قرقيعان"
ق,"ما هو اسم العضو الذي يضخ الدم في جسم الإنسان؟","القلب"
ق,"الحيوان الذي يصاب بمرض الحصبة مثل الإنسان، حيث يعتبر مضيفاً قابلاً للعدوى والإصابة بها","القرد"
ق,"أكمل المثل: خير الكلام ما ...؟","قل ودل"
ق,"ما هو لقب سورة يس؟","قلب القرآن"
ق,"ما هي الكلمة في اللغة العربية التي تصف قعر البحر أو أبعد نقطة غوراً فيه؟","قاموس"
ق,"ما الطبقةُ الصلبةُ الخارجيّةُ التي نعيشُ عليها من كوكبِ الأرض؟","قشرة الأرض"
ق,"ما اسمُ الجامعةِ الإسلاميّةِ الأقدمِ في المغربِ وتُعَدُّ من أقدمِ جامعاتِ العالم؟","قرويين"
ق,"ما الحيوانُ الصغيرُ الشوكيُّ الذي يتكوَّرُ عند الخطر؟","قنفذ"
ق,"صحابي جليل كان من دهاة العرب وكان شديد الكرم حتى ضرب به المثل","قيس بن سعد (رضي الله عنه)"
ق,"ما هو اسم التقليد الشعبي الذي يحتفل به الأطفال في منتصف شهر رمضان في دول الخليج؟","قرقيعان"
ق,"ما نوعُ التقويمِ الذي اعتمدَهُ المسلمون ابتداءً من هجرةِ النبيّ ﷺ؟","قمري"
ق,"ما هي الوحدة التي تُستخدم لقياس شدة الضوء؟","القنديلة"
ق,"أول مسجد بُني في الإسلام، وقد ذكره الله في القرآن بأنه أُسس على التقوى","مسجد قباء"
ق,"ما هو الجهاز الذي يُستخدم لتخزين البيانات على أقراص ضوئية؟","القرص الضوئي"
ق,"ما اسمُ الجزءِ الخشبيِّ الصُّلبِ الذي يُكوِّنُ جِذعَ الشجرةِ في الداخل؟","قلب الخشب"
ق,"أحد الآيات التي أرسلها الله على قوم فرعون عقابًا لهم على استكبارهم","القمل"
ق,"ما هو اسم شخصية إبراهيم الحجاج في مسلسل رشاش؟","قحص"
ق,"منطقة بنجد بين جبل شمر ومنطقة الوشم وتعتبر تاريخياً منطقة تجارية وزراعية هامة","القصيم"
ق,"مشروع سعودي في الرياض يحمل رؤية ثاقبة وطموحة؟","القدية"
ق,"أرجله من حطب ورأسه من ذهب فما هو؟","القمح"
ق,"ما هي النقطة التي تمر عبرها المحاور الوهمية التي تدور حولها الأرض أو المغناطيس؟","قطب"
ق,"ما نوع الزاوية التي يكون قياسها 90 درجة؟","زاوية قائمة"
ق,"ماذا يلقب ملوك الروم؟","القياصرة"
ق,"ما هو أكبر نوع من أنواع أسماك القرش؟","القرش الحوت"
ق,"فئة اشتهرت في القرون الوسطى الميلادية بغزو السفن البحرية والسطو عليها؟","القراصنة"
ق,"ما هو الشيء الذي إذا قطعت رأسه طار؟","القطار"
ك,"ما هو أول حاسوب إلكتروني مبرمج؟","كولوسيوس"
ك,"مادة منبهة متواجدة في كلٍ من الشاي والقهوة؟","كافيين"
ك,"بنت تمشي مع كل الرجال لا تعرف وجه من ظهرها ولا تجيب بنات ولا عيال؟","كرة القدم"
ك,"ما هو العنصر الأساسي الذي تحتاجه النباتات لعملية البناء الضوئي؟","الكلوروفيل"
ك,"قالت العرب آخر الدواء ماذا؟","الكي"
ك,"ما هي عاصمة ماليزيا؟","كوالالمبور"
ك,"ما الخُلُق الذي يدعو الإسلامُ إليه لقمعِ الغضبِ وضبطِ النفس؟","كظم الغيظ"
ك,"عندما تتغذى الضباع على جيف الحيوانات الميتة فإنها تسمى؟","كانسة"
ك,"تل صغير من الرمال كونته الرياح في الصحراء","كثبان"
ك,"ما اسم عاصمة ماليزيا؟","كوالالمبور"
ك,"تجويف طبيعي سطحي أو جوفي في صخرة أو جبل بعضها داخلي و بعضها سطحي","الكهف"
ك,"ما عاصمة أستراليا؟","كانبرا"
ك,"ما هي الصبغة التي تعطي النباتات اللون الأخضر؟","الكلوروفيل"
ك,"ما هي السيارة التي يفضلها الشباب السعوديون وتبدأ بحرف الكاف؟","كابرس"
ك,"شركة يابانية اشتهرت بسلسلة ألعاب الرعب الشهيرة رزدنت إيفل، فما اسم الشركة؟","كابكوم"
ك,"ما اسم العالم الذي اكتشف قارة استراليا؟","كابتن كوك"
ك,"من هو ملك الفرس قديماً؟","كسرى"
ك,"شيء يلبسه الإنسان ولا يراه؟","الكفن"
ك,"ما هو الرقيم؟","كهف أصحاب الكهف"
ك,"ما هو المخبوز الذي تشتهر به دولة فرنسا؟","كرواسون"
ك,"ما عاصمة أفغانستان؟","كابول"
ك,"ما هو المكون الرئيسي للمخمر؟","كحول"
ك,"ما هو الحيوان صاحب البصمة التي تشبه بصمة البشر؟","الكوالا"
ك,"كيف يستخرج اللون الأصفر قديماً؟","الكركم"
ك,"عنصر حين يتحد مع الصوديوم يكونان ملح الطعام","الكلور"
ك,"ما هو نوع وقود الطائرات النفاثة؟","كيروسين"
ك,"ما هو الفعل الذي يتمثل بتزييف الحقائق جزئياً أو كلياً أو خلق روايات وأحداث جديدة؟","الكذب"
ك,"ما هو اسم نظام غذائي يعتمد على الدهون كمصدر رئيسي للطاقة؟","الكيتو"
ك,"ما الوحدة الأساسيّة في النظام الدوليّ لقياس الشحنة الكهربائيّة؟","كولوم"
ك,"ما هي عاصمة دولة الكويت؟","الكويت"
ك,"كل ما رُكِب إضافيًا إلى اسم ويكون بإضافة كلمة أم أو أب كأبي بكر وأم كلثوم؟","كنية"
ك,"ما هو اسم الهيئة التشريعية العليا في الولايات المتحدة الأمريكية؟","كونجرس"
ك,"لعبة تمارس في الأماكن المقفلة عاده وهي تلعب على طاوله خشبيه.","كرة الطاولة."
ك,"ما هو الحيوان الذي تسبب في صراع بين اليونان وبلغاريا؟","كلب ضال"
ك,"أقصر سورة في القرآن؟","الكوثر"
ك,"ما اسم الصبغة المسؤولة عن اللون الأخضر في النباتات؟","كلوروفيل"
ك,"ما هي الشركة التي اشتهرت بإنتاج معالجات Snapdragon؟","كوالكوم"
ك,"ما هو العضو الذي يقوم بتصفية الدم من السموم؟","الكلى"
ك,"ما هو أول بناء في الجزيرة العربية؟","الكعبة المشرفة"
ك,"ما معنى كلمة خثرود؟","كلام كثير وسخيف"
ك,"مدرج روماني عملاق يقع في وسط روما، بُني في القرن الأول الميلادي","كولوسيوم"
ك,"ما هو الطائر الذي يرمز لدولة نيوزيلندا؟","الكيوي"
ك,"ما الشيء الذي وصف في القرآن الكريم بأنه عظيم؟","كيد النساء"
ك,"منطقة في العراق يشطرها الفرات؟","الكرخ"
ك,"منطقة متنازع عليها بين الهند وباكستان","كشمير"
ك,"اسم من أسماء مكة","كوثى"
ك,"قصد ايذاء الاخرين خفية ؟","كيد"
ك,"ما العنصر الكيميائيّ الذي رمزه (Ca) ويُعَدُّ مهمًّا لصلابة العظام؟","كالسيوم"
ك,"ماذا يسمى الشخص البالغ الذي تجاوز مرحلة الشباب ووصل سن الرشد؟","كهل"
ك,"سوط يستخدم للجلد","كرباج"
ك,"ما عاصمة ماليزيا؟","كوالالمبور"
ك,"أكبر عضو في جسم الإنسان؟","الكبد"
ك,"ما اسم أعلى جبل في قارة أفريقيا؟","كليمنجارو"
ك,"ما العمل الذي يزيلُ إثمَ الحِنثِ في اليمين؟","كفارة"
ك,"يطلق على من يتحمل العقوبة بدلًا من غيره.","كبش فداء"
ك,"ما هو العضو الذي يعمل على تخزين العديد من الفيتامينات ويخزن المادة الصفراء المساعدة للهضم؟","كبد"
ك,"نادي سعودي يبدأ بحرف الكاف؟","الكوكب"
ك,"ما اسم العضو المسؤول عن إزالة السموم وإنتاج المادة الصفراء الّتي تساعد على الهضم وتفكيك الدهون؟","كبد"
ك,"مادة شبه دهنية توجد في الصفراء وفي الدم والدماغ وصفار البيض والحبوب؟","كولسترول"
ك,"ما هي القطعة التي تستخدم لتغيير اتجاه المواسير بزاوية 90 أو 45 درجة؟","الكوع"
ك,"ما هو إخفاء العلم النافع الذي نهى عنه النبي ﷺ؟","كتمان"
ك,"من هو أعظم لاعب في تاريخ كرة القدم؟","كريستيانو رونالدو"
ك,"ما هي السورة التي تنتهي جميع آياتها بتنوين الفتح؟","الكهف"
ك,"ما اسم الجبل الذي يُعتبر أعلى قمة في قارة إفريقيا؟","كليمنجارو"
ك,"ما نوع الموسيقى الشعبيّة التي اشتهرت في المناطق الريفيّة بالولايات المتحدة؟","كانتري"
ك,"ما عاصمة أوكرانيا؟","كييف"
ك,"ماذا كانت تسمى فلسطين قديما؟","أرض كنعان"
ك,"ما هو العضو الذي يُعتبر أكبر غدة في جسم الإنسان؟","الكبد"
ك,"ما هو قصد إيذاء الآخرين خفية؟","كيد"
ك,"ماذا تسمى عاصمة ماليزيا؟","كوالالمبور"
ك,"من هو أول من اكتشف أمريكا؟","كريستوفر كولومبوس"
ك,"فرع من فروع الفيزياء يدرس العلاقة بين الكهرباء والمغناطيسية","الكهرومغناطيسية"
ك,"ما هي الرياضة التي تستخدم فيها الكرة الطائرة؟","الكرة الطائرة"
ك,"ماذا تسمى الطاقة الناتجة عن حركة الإلكترونات؟","كهرباء"
ك,"ما هو العضو الذي يعمل على تنقية الدم؟","الكلية"
ك,"ما هي المادة التي تتكون منها الأظافر؟","كرياتين"
ك,"ما هي عاصمة الكويت؟","الكويت"
ك,"ما عاصمة الإكوادور؟","كيتو"
ك,"ما هي عاصمة الإكوادور؟","كيتو"
ك,"ما هي الوحدة الدولية لقياس درجة الحرارة؟","كلفن"
ك,"ما هو العضو الذي يفرز العصارة الصفراوية؟","الكبد"
ك,"مدينة دنفر الأمريكية عاصمة لأي ولاية؟","كولورادو"
ك,"هو بُهار من البهارات يوضع على المأكولات الشعبية؟","الكركم"
ك,"عنصر أساسي في المركبات العضوية؟","الكربون"
ك,"ما أقصر سورة في القرآن الكريم؟","كوثر"
ك,"ما هي أشهر بهارات تُستخدم في المطبخ الهندي؟","الكاري"
ك,"ماذا يحدث عندما تتحطم الأوعية الدموية الدقيقة تحت الجلد؟","الكدوم"
ك,"ما اسم المادة المستخدمة في صناعة الأواني الفخارية؟","الكلينكر"
ك,"غاز يستعمل في إطفاء الحرائق","كربون"
ك,"دولة تقع في شمال قارة أمريكا الشمالية","كندا"
ك,"من أسماء الفقع؟","الكمأة"
ك,"ما هي عاصمة الدنمارك؟","كوبنهاغن"
ك,"ما هو سكن الناس في العصر الحجري؟","الكهف"
ك,"بمعنى مواجهة ونضال","كفاح"
ك,"ما هي عاصمة دولة ماليزيا؟","كوالالمبور"
ك,"ما هو أكبر عضو في الجسم؟","الكبد"
ك,"من هو المغني الذي لقب بـ “قيصر الأغنية العربية”؟","كاظم الساهر"
ك,"ما هي أول لعبة نزلت على سوني فور؟","كناك"
ك,"ما الذي يعطي النبات اللون الأخضر؟","الكلوروفيل"
ك,"ما هو جذب رأس الدابة باللجام وهو راكب عليها بغرض إيقافها وتقليل سرعتها؟","كبح."
ل,"نظام من الرموز والأصوات يستخدمه البشر للتواصل","لغة"
ل,"المعلومات العامة: ما هي قطعة القماش المصمغة التي توضع على أماكن الألم في الظهر أو في أي مكان آخر؟","لصقة"
ل,"ماذا تسمى الحمم البركانية؟","لافا"
ل,"ماذا يسمى المشهد من الفيلم إذا نُظر إليه بعيداً عن بقية المشاهد؟","لقطة"
ل,"ما هو الغمز بالعين ويقصد به الاستهزاء؟","اللمز"
ل,"من هو القائد الذي قاد الثورة الروسية عام 1917؟","لينين"
ل,"ما اسم العملة الرسمية في لبنان؟","الليرة اللبنانية"
ل,"أين يقع نهر الكلب؟","لبنان"
ل,"لماذا سميت لامية العرب بهذا الاسم؟","لأن قافية البيت تنتهي بحرف اللام"
ل,"ما هو اسم بطل سلسلة ألعاب أسطورة زيلدا؟","لينك"
ل,"أي دولة تعرف ببلاد الأرز؟","لبنان"
ل,"ما هو الطبق الفرنسي الشهير الذي يتكون من اللحم المفروم والمعكرونة وصلصة البشاميل؟","اللازانيا"
ل,"ما اسم العملية الرياضية التي تعكس عملية الأس؟","لوغاريتم"
ل,"في الفقه الإسلامي ماذا يُسمى المال الضائع الذي يُعثر عليه؟","اللُقَطَة"
ل,"لهب النار الخالص الذي لا دخان فيه ؟","لظى"
ل,"بقلة زراعية قرونها خضراء تطبخ وتؤكل خضراء أو حبوباً مجففة","لوبيا"
ل,"أصوات يعبر بها كل قوم عن أغراضهم ؟","لغة"
ل,"من هي ذات الرداء الأحمر في الحكاية الخرافية الشهيرة؟","ليلى"
ل,"تقع منطقة العزيزية في دولة؟","ليبيا"
ل,"هو الإشارة بالعين ونحوها للمخاطبة والاستهزاء؟","اللمز"
ل,"هناك ناديان للعاصمة الإيطالية هما روما و؟","لاتسيو"
ل,"أكثر دولة قصفت في التاريخ","لاوس"
ل,"ما هي لغة الاستعلام المستخدمة في قواعد البيانات العلائقية؟","لغة الاستعلام الهيكلية"
ل,"في اي نادي أسباني لعب له اللاعب السعودي يحيى الشهري على سبيل الإعارة؟","ليغانيس"
ل,"تركيب صلب كروي يتشكل داخل أصداف بعض أنواع الرخويات والمحار ويصنف من الأحجار الكريمة؟","اللؤلؤ"
ل,"ما اسم الجزء الموسيقي الذي يتضمن الإيقاع والنغمة؟","لحن"
ل,"ما هي عملة دولة جورجيا؟","لاري"
ل,"ما هي الدولة المشهورة بأكلة المبكبكة؟","ليبيا"
ل,"ما معنى كلمة الحوقلة؟","لاحول ولاقوة الا بالله"
ل,"إحدى محافظات منطقة مكة المكرمة، يشبه اسمها أحد أسماء الأسد؟","الليث"
ل,"مقاومة السوائل للتدفق والانسياب","لزوجة"
ل,"مصطلح يطلق على مقاومة الانسياب وهي قوة تحول دون انسياب السائل بسهولة","اللزوجة"
ل,"نسق من الإشارات والرموز، تشكل أداة من أدوات المعرفة؟","لغة"
ل,"ما هو الشيء الذي يمر عليك مرة واحدة، لا يمكنك أن تلمسه أو تسترجعه، لكنك تشعر بوجوده بشكل دائم؟","اللحظة"
ل,"ما هو الاسم الآخر للبلاستيك؟","لدائن"
ل,"أي من شخصيات مارفل قام بتمثيلها الممثل توم هيدلستون؟","لوكي"
ل,"من اخوات ان تنصب المبتدأ وترفع الخبر تفيد للترجي ؟","لعل"
ل,"ما هو المتحف الأكبر في باريس؟","متحف اللوفر"
ل,"جهاز يستخدم لإدخال الحروف والكلمات لجهاز الكمبيوتر","لوحة المفاتيح"
ل,"صحابي ويعد من شعراء المعلقات السبع","لبيد بن ربيعة"
ل,"هو الشخص العاقل والحاذق والذكي، ومن أسرع الناس فهماً للأمور من حوله؟","اللبيب"
ل,"ما هي الدولة العربية التي لا يوجد بها صحراء؟","لبنان"
ل,"هو اسم علم مذكر من أصل عربي، ومعناه هو العاقل الحاذق الذكي الملازم للأمر لا يفتر عنه؟","لبيب"
ل,"ما اسم المستحضر الطبي الذي يحفز جهاز المناعة لمقاومة مرض معين؟","لقاح"
ل,"من اصحاب المعلقات العشرة ؟","لبيد بن ربيعة العامري"
ل,"عبارة تتردد في الحج ؟","لبيك اللهم لبيك"
ل,"واحة في إمارة أبو ظبي بدولة الإمارات العربية المتحدة","ليوا"
ل,"من هو سيد الطعام؟","اللحم"
ل,"عنصر فلزي قلوي مستخدم وبكثرة في بطاريات الأجهزة الإلكترونية؟","الليثيوم"
ل,"ما هو الاسم الآخر لمرض سرطان الدم؟","اللوكيميا"
ل,"شيء ينقض الوضوء ويفطر الصائم؟","لحم الجمل"
ل,"واحد من أكبر المعاجم العربية القديمة.","لسان العرب."
ل,"ما هو أكبر ملعب في المنطقة العربية؟","لوسيل"
ل,"كلمة تطلق على كل ما يُستطاب طعمه أو ما يُبهج النفس عند تذوقه","لذيذ"
ل,"ما ينبت من شعر على الخد والذقن؟","لحية"
ل,"من هو قائد البلاشفة؟","لينين"
ل,"ما هي عاصمة البيرو؟","ليما"
ل,"نظر إلى الشيء","لمقه"
ل,"ما هي المدينة التي تسمى بمدينة الضباب؟","لندن"
ل,"أول من صعد إلى الفضاء؟","الكلبة لايكا"
ل,"ديوان شهير وضعه الطغرائي لشاعر العصر العباسي المعروف؟","لامية العجم"
ل,"لماذا لا تمتص الأرض الدم؟","لعنة الله"
ل,"ما هو اسم شخصية البطل في لعبة “ذا ليجند أوف زيلدا”؟","لينك"
ل,"ما اسم الطائر المهاجر كبير الحجم ذو منقار وساقين طويلتين، ويرتبط في بعض الثقافات بجلب الأطفال؟","اللقلق"
ل,"ما اسم الجماعة من عدة أعضاء للنظر في قضية معينة أو لإنجاز عمل؟","لجنة"
ل,"حلوى منزلية على شكل كرات هشة وبعد قليها يتم غمرها في العسل","لقيمات"
ل,"لعبة أطفال شهيرة عبارة عن قطع بلاستيكية صغيرة على شكل مكعبات ومستطيلات، تُستخدم في البناء والتركيب لتشكيل نماذج مختلفة","ليغو"
ل,"ما اسم الأداة التي تُستخدم في الإضاءة وتبدأ بحرف ""ل""؟","لمبة"
ل,"هو فعل نفعله عندما يتسبب الشخص أمامنا بخطأ","لوم"
ل,"من أدوات الخيل؟","لجام"
ل,"رتبة عسكرية دون الفريق وفوق العميد","لواء"
ل,"حيوانات ليس لها عمود فقري؟","اللافقاريات"
ل,"نوع من الطيور","لقلق"
ل,"ما اسم المكسرات التي تُستخدم في الحلويات وتُبدأ بحرف ""ل""؟","لوز"
ل,"ما هي الدولة التي لقبت ببلد المليون حافظ لكتاب الله؟","ليبيا"
ل,"من رسم لوحة الموناليزا؟","ليوناردو دافنشي"
ل,"ما اسم الجزء الخارجي من الشجرة الذي يحميها؟","لحاء"
ل,"ما معنى الحوقلة؟","لاحول ولا قوة إلا بالله"
ل,"من هو الشاعر الذي أسلم من شعراء المعلقات السبع؟","لبيد بن ربيعة"
ل,"ما هو الاسم الذي يعني ماء الفضة؟","لجين"
ل,"من هو أجمل رجل في العالم؟","للي"
ل,"من هو الحارس الوحيد الفائز بجائزة الكرة الذهبية؟","ليف ياشين"
ل,"ماذا يسمى فاقد الأم؟","لطيم"
ل,"ما هو اسم أنثى الأسد؟","لبوة"
ل,"ما هي قصيدة الشنفرى التي أوصى عمر بن الخطاب رضي الله عنه بتعليمها للأولاد لأنها تعلم مكارم الأخلاق؟","لامية العرب"
ل,"من هو النادي الذي فاز بدوري أبطال أوروبا عام ٢٠٠٥؟","ليفربول"
ل,"بمعنى ظهر وبان له.","لاح."
ل,"اسم عَلم مؤنث بمعنى فضة أو بريق الفضة اللامع","لُجين"
ل,"ما هي الصفة الإلهية التي تعني عناية الله بعباده بطريقة خفية؟","لطف"
ل,"ما هي طبقة الشجر الخارجية؟","لحاء"
ل,"ما هي أكبر مدن أوروبا؟","لندن"
ل,"ما هو العنصر الذي يستخدم في صناعة البطاريات القابلة لإعادة الشحن؟","الليثيوم"
ل,"ما هو العنصر الكيميائي رقم 3 في الجدول الدوري؟","ليثيوم"
ل,"سمكة في حاويها والماء حولها سبحان خالقها وذوقك فيها","اللسان"
ل,"من هي الكاتبة الإنجليزية التي اشتهرت بروايات الأطفال مثل ""أليس في بلاد العجائب""؟","لويس كارول"
ل,"قال رسول الله صلى الله عليه وسلم من أحب لقاء الله أحب الله؟","لقاء"
ل,"أسود كسواد النمل وهادئ كهدوء الصخر","ليل"
ل,"ما هو اسم من أسماء الفضة؟","لجين"
ل,"رسام مشهور يبدأ اسمه بحرف اللام","ليوناردو دافنشي"
ل,"ما هو الغلاف الخارجي الصلب لساق الشجرة وجذورها وأغصانها؟","لحاء"
م,"من هو اللاعب الذي لعب في الهلال والاتحاد والوحدة والشباب؟","مختار فلاته"
م,"من أجار النبي صلى الله عليه وسلم بعد عودته من الطائف؟","المطعم بن عدي"
م,"من هو النبي الذي لقبه كليم الله؟","موسى"
م,"إحدى مشاريع رؤية 2030","المربع الجديد"
م,"من هو آخر من يموت؟","ملك الموت"
م,"ما هو مرادف كلمة مأساة؟","مصيبة"
م,"معلم سياحي موجود في أغلب الدول؟","متحف"
م,"ما معنى لفظ أعجمي؟","من مكان غير عربي"
م,"ما هو الاسم الجديد الذي تم إطلاقه على منطقة وسط الرياض ضمن المشاريع التطويرية؟","المسار"
م,"حديقة مشهورة في الرياض ولكنها مغلقة في الوقت الحالي؟","حديقة المعالم"
م,"أداة ذات ثقوب تُستخَدم لتصفية السوائل.","مصفاة"
م,"من هو اللاعب الذي سجل أسرع هدف في نهائي دوري أبطال أوروبا؟","مالديني"
م,"ما هو الكوكب الذي يعرف بالكوكب الأحمر؟","المريخ"
م,"من هو بطل مسلسل Prison Break؟","مايكل سكوفيلد"
م,"صحابي جليل، ولد في حجة الوداع ورباه علي بن أبي طالب (رضي الله عنه)","محمد بن أبي بكر الصديق (رضي الله عنهما)"
م,"ما هي الكلمة التي لا يوجد لها جمع؟","المال"
م,"صحابي جليل، خليفة أموي، خال المؤمنين، كاتب وحي رب العالمين فمن هو؟","معاوية بن أبي سفيان"
م,"إطالة النقاش لكسب الوقت","مماطلة"
م,"ما هي أول معركة بين الدولة العثمانية ودولة المماليك؟","مرج دابق"
م,"من هو النبي الذي أُرسل إلى فرعون وقومه؟","موسى"
م,"من هو مؤسس الدولة السعودية الأولى؟","الإمام محمد بن سعود بن مقرن"
م,"ما هو أكبر ملعب في العالم؟","ملعب ماراكانا في ريو دي جانيرو في البرازيل"
م,"ماذا يوجد في البحر؟","مرجان"
م,"من قام بوضع الإسناد ليتم تصنيف القرآن الكريم واختصاصه بهذا التصنيف؟","مالك بن أنس"
م,"ما هو مصنع الطاقة في خلية الإنسان؟","ميتوكندريا"
م,"ما هو الجهاز الذي يُستخدم لتوصيل أجهزة الكمبيوتر بالإنترنت؟","المودم"
م,"ماذا تسمى الكهوف أو التجويف الذي يقع تحت الأرض؟","مغارة"
م,"ما اسم جازان قديماً؟","المخلاف السليماني"
م,"ما هو الكوكب الذي يطلق عليه الكوكب الأحمر؟","المريخ"
م,"أين ظهرت الدولة الطولونية والإخشيدية؟","مصر"
م,"في عهد أي حاكم سعودي تم نشر الدعوة الإصلاحية؟","الإمام محمد بن سعود"
م,"من هو الصحابي الذي كان مبعوث الرسول عليه السلام إلى أهل المدينة؟","مصعب بن عمير"
م,"يقال للشخص الذي يحتضر بمرادف للموت وهو؟","منية"
م,"ما هي عاصمة البحرين؟","المنامة"
م,"ما اسم العدسة التي تستخدم لقصر النظر؟","مقعرة"
م,"ما اسم العضو في جسم الإنسان الذي يتحكم في وظائف الجسم الحيوية؟","المخ."
م,"أول دولة عربية اكتشف النفط فيها؟","مصر"
م,"ما اسم الأداة التي تُستخدم لتكبير الأجسام الدقيقة التي لا تُرى بالعين المجردة؟","مجهر"
م,"أول غزوة شارك فيها خالد بن الوليد بعد إسلامه وكانت في السنة الثامنة للهجرة","غزوة مؤتة"
م,"ما هو مسمى الإبل ذات اللون الأبيض؟","المغاتير"
م,"ما هو النبات الذي يُطلق عليه اسم قاتل أبيه؟","الموز"
م,"من هو أحدث بطل لدوري أبطال أوروبا؟","مانشستر سيتي"
م,"ما اسم العضلات التي لا يتحكم بها الإنسان وتوجد في بعض الأعضاء مثل المعدة والأمعاء والأوعية الدموية؟","عضلات ملساء"
م,"ما هو الاسم الشائع لوحدة المعالجة المركزية؟","المعالج"
م,"إحدى زوجات النبي؟","ميمونة بنت الحارث"
م,"يسمى عقل الكمبيوتر وهو الجزء الأساسي فيه، مسؤول عن جميع العمليات المنفذة وعن سرعة الجهاز وأداؤه بشكلٍ عام","المعالج"
م,"هو من يُظهر الإيمان ويُخفي الكفر، ويُظهر خلاف ما يُبطن، وقد توعّدهم الله بأسفل دركات النار","المنافق"
م,"ما هو الاسم الذي يطلق على الشاعر الذي عاصر الجاهلية والإسلام؟","الشاعر المخضرم"
م,"كلمة تطلق على المكان الذي ترسو فيه السفن وتحمّل وتفرغ بضائعها؟","ميناء"
م,"أنبوب عضلي ينقل الطعام من الفم إلى المعدة","المريء"
م,"ما هي اللغة الأكثر انتشاراً في الصين؟","الماندرين"
م,"في أي علم يوجد نسر وثعبان؟","المكسيك"
م,"ما الاسم الذي يُطلق على الجسد المحنّط الذي يُحفظ من التحلل باستخدام وسائل خاصة، وارتبط بالحضارة المصرية القديمة؟","مومياء"
م,"ما هو أغلى مبنى في العالم؟","المسجد الحرام"
م,"هو سلاح كان يستعمل قديماً من أجل الصيد أو من أجل الترفيه، يتكون من عمودين على شكل حرف Y حيث يركب عليهما شريطان مطاطيان تربط بينهما قطعة جلدية على شكل مستطيل يوضع بداخلها قذيفة قد تكون حجر صغير أو كرة حديدية صغيرة، ماذا يسمى هذا السلاح؟","مقلاع"
م,"ما دل على حدوث شيء في زمن التكلم أو المستقبل هو الفعل:","المضارع"
م,"ما الحاكمون بلا سمعٍ ولا بصرٍ ولا لِسانٍ فصيحٍ يعجب الناس؟","الميزان"
م,"طبق حائلي أعلنت هيئة فنون الطهي تسميته بالحلوى الوطنية؟","مقشوش"
م,"من هو أول من أنشأ أسطولاً بحرياً في الإسلام؟","معاوية بن أبي سفيان"
م,"حالُ أَو صفةُ مَنْ يُسْأَلُ عن أَمْرٍ تقع عليه تبعَتُه؟","مسؤولية"
م,"من هو مخترع الراديو ؟","ماركوني"
م,"ماذا يسمى كل مايشغل حيز وله كتلة؟","المادة"
م,"ما هو الوصف الذي يطلق على الرجل المحارب الذي عبأ نفسه بالأسلحة والذخيرة؟","مدجج"
م,"آلة لتحويل طاقة معينة إلى حركة ميكانيكية؟","محرك"
م,"أين نشأت مدرسة المغازي؟","المدينة المنورة"
م,"ما هي أول دولة أفريقية تأهلت لكأس العالم؟","مصر"
م,"مرادف لكلمة متوفر","متاح"
م,"ما هي عاصمة الإسلام في عهد الرسول صلى الله عليه وسلم؟","المدينة المنورة"
م,"من هو النبي الذي ألقي في اليم وهو طفل؟","موسى"
م,"ما هي عاصمة الصومال؟","مقديشو"
م,"أي فيلم فاز بجائزة الأوسكار لأفضل فيلم أجنبي وكان من إنتاج مصري؟","المصير"
م,"لماذا سمي المصران الأعور بهذا الاسم؟","لأنه مغلق من الأسفل"
م,"ماذا يسمى صفار البيض؟","المح"
م,"في أي سورة من سور القرآن الكريم تم ذِكر صفة الوضوء؟","سورة المائدة"
م,"ما هي أول غزوة غزاها المسلمون خارج حدود الجزيرة العربية؟","مؤتة"
م,"نوع من الخط القديم بالعراق ينقش فوق ألواح الطين والحجر ماهو؟","مسمارية"
م,"ما هي الدولة الوحيدة التي ذكرت في القرآن الكريم؟","مصر"
م,"ما سورة الدين؟","الماعون"
م,"ما اسم عاصمة.","مسقط."
م,"ما اسم الاتفاقية التي أنهت الحرب العالمية الأولى؟","معاهدة فرساي"
م,"ما هو حال الطقس في مدة زمنية طويلة؟","المناخ"
م,"ما هو اسم الكوكب الذي يلقب بالكوكب الأحمر؟","المريخ"
م,"أكلة شعبية سعودية تشتهر بها منطقة نجد","مرقوق"
م,"مجرى الطعام والشراب من الحلقوم إلى المعدة","المريء"
م,"ما هو صغير الحصان؟","المهر"
م,"من هو الشاعر الذي ادعى النبوة في عصر الدولة العباسية؟","المتنبي"
م,"ما هو الذي لا ينتفع به إلا إذا أشعلنا في عينيه؟","الموقد"
م,"أي فريق في كرة القدم يُعرف بـ ""الشياطين الحمر""؟","مانشستر يونايتد"
م,"من الذي كاد أن يكون رسولاً؟","المعلم"
م,"ما هو الاسم العربي لما يعطيه الرجل لزوجته؟","مهر"
م,"ما هو أطول سباق جري؟","ماراثون"
م,"ما هي الساعة الشمسية التي استخدمها العرب قديماً لقياس الوقت؟","مزولة"
م,"من هو العالم الذي يدرس ويدون عن التاريخ؟","المؤرخ"
م,"ما معنى المتفيهق؟","المتكبر"
م,"بمعنى المداومة على الشيء؟","مواظبة"
م,"ما هي أول شركة صنعت سيارة في العالم؟","مرسيدس بنز"
م,"ما هو المتلفف في ثيابه المتدثر بها؟","المزمل"
م,"تعتبر البتراء واحدة من عجائب الدنيا السبع ولها مسمى آخر غير البتراء فما هو؟","المدينة الوردية"
م,"ما هو المرض الذي ينتج من خلال كثرة التعرض للدغة البعوض؟","ملاريا"
م,"هي أمر خارق للعادة يجريه الله على أيدي أنبياء؟","المعجزة"
ن,"ما هو النادي الذي يُعرف بـ”العالمي”؟","نادي النصر"
ن,"خلق منها ابليس ؟","نار"
ن,"ما هو المصطلح الذي يشير إلى الكلمة التي تصف الاسم وتوضح معناه؟","النعت"
ن,"ماذا يسمى صوت الضفدع؟","النقيق"
ن,"تولّد الطاقة النووية عند انشطار ذرة اليورانيوم لدى اصطدامها بـ؟","نيوترون"
ن,"خلق الله تعالى الملائكة من؟","نور"
ن,"ما اسم جسم مضيء يظهر في السماء ليلاً؟","النجم"
ن,"ما هو المسطح المائي الملقب برئة وقلب الأرض؟","نهر الأمازون"
ن,"ما هو أطول نهر في العالم؟","النيل"
ن,"ما هو الشيء الذي يركض ولكن ليس لديه أرجل؟","النهر"
ن,"من هو الأديب المصري الحائز على جائزة نوبل في الأدب؟","نجيب محفوظ"
ن,"ما معنى كلمة الوسن؟","النعاس"
ن,"ماذا كانت تسمى مدينة نيويورك قديمًا؟","نيو أمستردام"
ن,"بناء عظيم الارتفاع وهو طراز حديث للعمارة","ناطحات السحاب"
ن,"ما اسم الإمام أبو حنيفة صاحب المذهب الحنفي؟","النعمان بن ثابت"
ن,"ما هي الدولة التي يطلق عليها بلد شمس منتصف الليل وليس فيها نهار في بعض فصولها؟","النرويج"
ن,"من هو أول من هبط على سطح القمر؟","نيل أرمسترونغ"
ن,"ما هو الشيء الذي نراه ولكن لا نستطيع لمسه؟","النور"
ن,"من الذي قال عنه الرسول صلى الله عليه وسلم: ""لا يدخل الجنة""؟","نمام."
ن,"ماذا يسمى صوت القرد؟","نهيت"
ن,"ما هو نادي طفولة ميسي؟","نيولز أولد بويز"
ن,"ما هو عكس النعمة؟","نقمة"
ن,"إذا تحطمت طائرة على الحدود بين الولايات المتحدة وكندا، فأين يدفن الناجون؟","الناجون لا يدفنون"
ن,"يأتي معك أينما ذهبت، لا تراه إلا عند استخدامه، لكنه يغير طريقة رؤيتك للعالم، فما هو؟","النظارة"
ن,"أول من وضع الحركات على القرآن الكريم","نصر بن عاصم الليثي"
ن,"ما هو الحيوان الذي لا يموت حين تقطعه؟","نجم البحر"
ن,"حاكم مسلم صُنع له منبر ووضع في المسجد الأقصى واحترق في حريق الأقصى عام ١٩٦٩؟","نور الدين زنكي"
ن,"من هي الصحابية التي شاركت في غزوة أحد وكانت من ضمن الذين يحرسون الرسول صلى الله عليه وسلم ويدافعون عنه؟","نسيبة بنت كعب"
ن,"لقب يطلق على ملوك الحبشة قديمًا؟","النجاشي"
ن,"ما هي عاصمة كينيا؟","نيروبي"
ن,"من النبي الذي عصاه ابنه؟","نوح"
ن,"ما هو الحيوان الذي إذا قُطعت إحدى أذرعته تنمو مرة أخرى؟","نجمة البحر"
ن,"ما هو علم دراسة النقود؟","النميات"
ن,"ما المقصود بالقتال؟","نزاع"
ن,"ما هو الحيوان الذي يضع أكبر بيضة؟","النعامة"
ن,"ما معنى اليعبوب؟","نهر شديد الجريان"
ن,"ما اسم الحيوان الذي يُعتبر رمزًا للقوة في بعض الثقافات؟","نمر."
ن,"ما هو اسم المعدن الذي يوصل الكهرباء بشكل جيد؟","النحاس"
ن,"ممر تحت الأرض؟","نفق"
ن,"من هو الطاغية الذي قتلته بعوضة؟","النمرود"
ن,"هي من الطيور التي لا تطير وتعد بيضتها أكبر بيضة لكائن حي حاليًا، وأطلق عليها الكثير من الأمثال","نعامة"
ن,"ما هو الحيوان الذي لا يموت من أي ارتفاع؟","النمل"
ن,"ما يفرض للزوجة على زوجها من مال؟","نفقة"
ن,"ظاهرة طبيعية تحدث أحيانًا يفقد فيها الإنسان القدرة على استرجاع المعلومات والخبرات والمهارات","النسيان"
ن,"ما هو العنصر الأكثر وفرة في الغلاف الجوي؟","نيتروجين"
ن,"ما اسم فرس الحارث بن عباد، أحد فرسان الجاهلية وشعرائها؟","النعامة"
ن,"من هو الأديب المصري الحائز على جائزة نوبل في الأدب، وصاحب ثلاثية بين القصرين"" و""قصر الشوق"" و""السكرية""؟""","نجيب محفوظ"
ن,"أداة استعملها النصارى قديماً للإعلان عن صلاتهم؟","الناقوس"
ن,"ما المصطلح الذي يشير إلى الفئة المتميزة من مجموعة ما؟","نخبة"
ن,"حيوان بلا دم","نجم البحر"
ن,"ما اسم الشخصية الأساسية في لعبة أنشارتد؟","ناثان دريك"
ن,"مادة تكون السيجارة؟","النيكوتين"
ن,"ما هو الحيوان الذي لا ينام أبداً؟","النمل"
ن,"ما هو المشروب الذي يُستخرج من الفواكه المخمرة؟","نبيذ"
ن,"ما هي السورة التي تنتهي جميع آياتها بحرف السين؟","الناس"
ن,"ما معجزة نبي الله صالح؟","الناقة"
ن,"تعد ثاني موانئ إيطاليا تقع في سفح منحدرات؟","نابولي"
ن,"سورة في القرآن ذكر فيها اسم البسملة مرتين","النمل"
ن,"كلمة وردت في القرآن الكريم بمعنى التعب والمشقة والعناء","النَصب"
ن,"من أين يتم تصنيع الدم في جسم الإنسان؟","نخاع العظم"
ن,"أسطورة التنس الإسباني وصاحب الرقم القياسي في بطولات فرنسا المفتوحة","نادال"
ن,"ما هي السورة التي تسمى بسورة النعم؟","النحل"
ن,"صوت يستخدمه الغراب كوسيلة للتواصل مع أفراد السرب أو للتعبير عن المزاج؟","نعيق"
ن,"قائد عسكري، وأول إمبراطور لفرنسا","نابليون"
ن,"ما هي عملية أخذ كمية من دم شخص واحد ونقلها إلى آخر؟","نقل الدم."
ن,"ما الحشرة التي تكلمت مع سيدنا سليمان؟","النملة"
ن,"شعيرة في الجاهلية يتم فيها تأخير حرمة الأشهر الحرم بهدف إباحة القتال فيها","النسيء"
ن,"ما المصطلح الشرعي الذي يعني رفع الحكم الشرعي بدليل شرعي متأخر؟","نسخ"
ن,"ما هي المدينة الأسطورية التي بناها الجن لسليمان عليه السلام والمصنوعة بالكامل من النحاس؟","مدينة النحاس"
ن,"ماذا يطلق على الجماعة من النساء؟","نسوة"
ن,"ما هو صوت الغراب؟","نعيق"
ن,"ما هو الحيوان الذي بإمكانه إخراج معدته إلى الخارج وإرجاعها؟","نجم البحر"
ن,"ما هي السورة المعروفة بالفرائض في القرآن الكريم؟","سورة النساء"
ن,"يوم العاشر من ذى الحجة هو يوم ال ـــ ؟","النحر"
ن,"حرفة بشرية عريقة، تعتمد على تشابك مجموعتي الخيوط مع بعضها وفق زاوية قائمة لإنتاج الأقمشة والسجاد والخيام","حرفة النسج أو النسيج"
ن,"اشتهر العصر الأموي بشكل من أشكال الشعر يسمى؟","النقائض الشعرية"
ن,"جسم يدور في الفضاء؟","نيزك"
ن,"من حالات الإعراب الأربع في النحو؟","النصب"
ن,"ما اسم الكائن البحري الذي يُعتبر ملك المحيطات؟","نجم البحر."
ن,"ما هو أفضل أنمي في التاريخ؟","ناروتو"
ن,"أكمل المثل: إن غداً لـ... قريب","ناظره"
ن,"ملعب من ملاعب السعودية في كأس العالم ٢٠٣٤؟","نيوم"
ن,"ما هو الشيء الأكثر تصديراً في ليبيا؟","النفط"
ن,"من هو الأديب المصري الحائز على جائزة نوبل في الأدب عام 1988؟","نجيب محفوظ"
ن,"ماذا يسمى الأكل بكثرة وشراهة؟","نهم"
ن,"ما هو أكثر غاز متواجد في الهواء؟","النيتروجين"
ن,"ما المصطلح الاقتصادي الذي يقيس زيادة الإنتاج والدخل القومي؟","نمو"
ن,"ما المصطلح القانوني الذي يعني إلغاء حكم صادر من محكمة أدنى؟","نقض"
ن,"ماهي الدولة التي عاصمتها أبوجا؟","نيجيريا"
ن,"ما هو البناء العظيم الارتفاع وهو طراز حديث للعمران؟","ناطحة السحاب."
ن,"من أقسام الأدب في اللغة العربية؟","نثر"
ن,"مشروع يقع في شمال غرب المملكة تحديداً بإمارة منطقة تبوك لمدينة مخطط لبنائها في المستقبل؟","نيوم"
ن,"ما هو الطائر الذي يضع أكبر البيض في العالم؟","النعامة"
ن,"ما هي الحشرة التي يمكنها رؤية الأشعة فوق البنفسجية؟","النحلة"
ن,"ما عاصمة النيجر؟","نيامي"
ن,"ماذا تسمى انثى الجمل ؟","ناقة"
ن,"ما هو الكائن الذي خلق من غير أم ولا أب؟","ناقة صالح"
ن,"من هو مكتشف التيار المتردد للكهرباء؟","نيكولا تيسلا"
ن,"أي طائر لا يستطيع الطيران؟","النعامة"
ن,"ما هو المصطلح الذي يطلق على الزيادة في ثمن السلعة ممن لا يريد شراءها بل لخداع المشتري؟","النجش"
هـ,"لا توجد أسئلة لهذا الحرف.","-"
و,"ما هو الإلقاء الخفي في النفس؟","الوسواس"
و,"ما هو الخرنق؟","ولد الأرنب"
و,"ما هو الشيء الذي بين الأرض والسماء؟","الواو"
و,"ماهي العملة الرسمية في دولة كوريا؟","وون"
و,"الفراش الناعم اللين؟","وثير"
و,"أكمل المثل: ""خليني نايم ولا...""؟","وجع دماغ القوايم"
و,"أطول ضلع في المثلث يسمى","الوتر"
و,"بماذا تسمى الإبل ناصعة البياض؟","الوضحاء"
و,"ما هو أعمق وادي على سطح الأرض؟","وادي ريفييرا"
و,"ما نوع المباراة التي تقام خارج إطار المنافسات الرياضية الرسمية؟","ودية"
و,"من هو الخال الوحيد لأبناء عمتك؟","والدك"
و,"ما الذي يُزرع في الحدائق ويُعرف بجماله ورائحته؟","وردة"
و,"حيوان كان ينفخ في النار على إبراهيم عليه السلام وفي قتله أجر؟","الوزغ"
و,"من هو الرجل الذي كان يقرأ الكتب السماوية، وبشّر النبي صلى الله عليه وسلم بأن ما نزل عليه هو وحي من الله؟","ورقة بن نوفل"
و,"ما هي الوزارة المسؤولة عن خدمة المواطنين والمقيمين عن طريق تحقيق الأمن والاستقرار والطمأنينة؟","وزارة الداخلية"
و,"هناك بيت أزرق على اليمين وبيت أحمر على اليسار، فأين يوجد البيت الأبيض؟","واشنطن"
و,"ما الكلمة التي تعبر عن إدراك الإنسان لما حوله وقدرته على الفهم؟","وعي"
و,"من هو قاتل عم النبي حمزة وقاتل مسيلمة الكذاب؟","وحشي الحبشي"
و,"صوف بعض الحيوانات؟","وبر"
و,"ماذا يسمى الطين الرقيق؟","وحل"
و,"بمعنى حمل ثقيل وشاق؟","وزر"
و,"إرشاد ديني وأخلاقي","وعظ"
و,"ما الكلمة التي تصف شعورًا أو فكرة سريعة تظهر فجأة في العقل؟","ومضة"
و,"الطين الرقيق ترتطم فيه الناس والدواب؟","الوحل"
و,"ماذا يوضع للسيارة ليتم تشغيلها؟","وقود"
و,"ما هو مسلسل الأنمي الياباني الذي أنتج بواسطة ويت استديو وعرض على منصة نتفليكس في عام ٢٠٢٤، وهو مبني على سلسلة مانغا إييتشيرو أودا؟","ون بيس"
و,"أكمل كلمات أغنية عبادي الجوهر: عيونك آخر آمالي، رميت أقداري في دربك...","وصرت في حياتي أغلى أماني"
و,"ماذا يسمى العمود أو المسمار الذي يُستخدم لتثبيت شيء؟","وتد"
و,"هو كل ما يتصوره الإنسان في داخله وهو غير صحيح","الوهم"
و,"من الذي قتل سيدنا حمزة (رضي الله عنه) في غزوة أحد؟","وحشي بن حرب"
و,"حالة متقدمة من الوسواس؟","الوسواس القهري"
و,"حوض أو منخفض طبيعي على سطح الأرض؟","وادي"
و,"نوع من أنواع الطب البديل، وإحدى الطرق في العلاج الصيني التقليدي","وخز الإبر"
و,"ما اسم المنطقة المنخفضة بين التلال أو الجبال؟","وادي"
و,"اللغة والأدب: ما هي سلسلة الأفعال المتكررة التي تسير على نمط واحد؟","وتيرة"
و,"من النجوم الفلكية عند العرب القدماء وإلى اليوم؟","الوسم"
و,"ما يلزمنا به الشرع ويثاب المرء على فعله ويعاقب؟","واجب"
و,"هي المخده التي؟","وسادة"
و,"كلمة بمعنى حرّ النار والشمس من بعيد","وهج"
و,"في عام 1964 للميلاد تم حفر أول بئر ارتوازية في المملكة في أي مكان تم حفره","وادي فاطمة"
و,"ما هي الحشرة التي أمرنا الرسول بقتلها؟","الوزغ"
و,"تقع الفاو في وادي","وادي الدواسر"
و,"هي مكان مخصص لأداء العمل اليدوي أو الحرفي أو الصناعي","ورشة"
و,"من هو مكتشف الدورة الدموية الكبرى ؟","وليم هارفي"
و,"ما المنصب الرسمي الذي يُطلق وريث الملك في النظام الملكي؟","ولي العهد"
و,"يكنيها الانسان لما بعد وفاته؟","وصية"
و,"ما هو البلد الذي فاز بأكبر عدد من الميداليات الذهبية في تاريخ الألعاب الأولمبية؟","الولايات المتحدة"
و,"ما هي القيمة التي تعبر عن التزام الشخص بوعده أو عهد بينه وبين آخر؟","وفاء"
و,"عاصمة بولندا؟","وارسو"
و,"ما هي أعلى درجات الجنة التي ندعو الله بعد كل أذان أن يؤتيها النبي محمد صلى الله عليه وسلم؟","الوسيلة"
و,"اسم أنثى يعني ترابط الروح والمحبة بين شخصين","وصال"
و,"ما هي الصفة التي تطلق على الفراش اللين الوطيء؟","وثير."
و,"في النسخة العربية من أنمي كابتن تسوباسا (كابتن ماجد) ماذا كان يسمى حارس فريق المجد؟","وليد"
و,"بطل خارق يستخدم المخالب كأسلحة","وولفرين"
و,"ما هو اسم مدينة الطائف قديماً؟","وج"
و,"ما نوع الفيلم الذي يعرض حقائق ومعلومات واقعية بهدف التوثيق والتعليم؟","وثائقي"
و,"ما هو المنخفض الطبيعي على سطح الأرض الذي يمتد بين الجبال أو التلال؟","الوادي"
و,"من الحيوانات الضخمة يعيش ممثلوها في قارتي أفريقيا وآسيا؟","وحيد القرن"
و,"العدد المفرد ؟","وتر"
و,"ما هو كل ما يتصوره الإنسان في عقله وتراه عيناه وهو غير صحيح؟","الوهم"
و,"ماذا يسمى عشاء الميت؟","الوضيمة"
و,"ما هو الشق بين الجبلين؟","الوادي"
و,"من قال في وصف المؤمن "" اذا جاع صبر ، واذا شبع شكر"" ؟","واصل بن عطا"
و,"أي معركة مشهورة انهزم فيها نابليون نهائيًا؟","واترلو"
و,"ماذا تسمى صفة المحافظة على العهد والوعد؟","وفاء"
و,"ما هو لون الرئة الصحية؟","وردي"
و,"ما هو المصطلح الذي يطلق على المكان المعد للعمل اليدوي والأعمال التطبيقية وإصلاح المعدات؟","ورشة"
و,"ما هو الشيء الذي يقع بين السماء والأرض؟","حرف الواو"
و,"إدراك الشخص إدراكا عاما بما يجري حوله في لحظة معينة؟","وعي"
و,"بمعنى الحب","ود"
و,"هو ذراع حكومي مسؤول ومختص بتسيير إحدى القطاعات وإدارتها بشكل يتماشى مع سياسات الحكومة","الوزارة"
و,"ما عاصمة بولندا؟","وارسو"
و,"من المناصب القديمة الحديثة ؟","والي"
و,"ما هو الشق الضيق بين الجبلين الذي تجري فيه المياه أحياناً؟","الوادي"
و,"من القائل لقد قتلت أحب الناس إلى الرسول عمه حمزة وقتلت أبغض الناس إلى الرسول مسيلمة الكذاب مدعي النبوة؟","وحشي الحبشي"
و,"ما هو اسم حصان عمر بن الخطاب رضي الله عنه؟","الورد"
و,"مرادف لعمل؟","وظيفة"
و,"ما المصطلح الذي يُستخدم لوصف المطر الكثيف والشديد؟","وابل"
و,"من ينصح ويذكر ويأمر بالمعروف وينهى عن المنكر؟","واعظ"
و,"من هو مكتشف الدورة الدموية؟","ويليام هارفي"
و,"ما الكلمة التي تصف الشخص الذي يتدخل للتفاوض أو حل النزاع بين طرفين؟","وسيط"
و,"هو حيوان بري أصغر من النمر و يسمى بسنور الجبل؟","وشق"
و,"ما هي عاصمة إنجلترا قبل لندن؟","وينشستر"
و,"ما هي أول أغنية للفنان طلال مداح؟","وردك يا زارع الورد"
و,"ما هي الوزارة المسؤولة عن الإشراف الإداري والمالي على المحاكم وكتابات العدل في المملكة العربية السعودية؟","وزارة العدل"
و,"ما المستند الرسمي الذي يتضمن معلومات أو نصوصاً ذات قيمة قانونية أو سياسية؟","وثيقة"
و,"انتقال الصفات المميزة؟","وراثة"
و,"ما هو الشيء الذي لا يمكن أن يعود إذا ذهب؟","الوقت"
و,"هو شعور الإنسان بألم في مكان ما بجسمه؟","وجع"
و,"ما هو مفتاح الصلاة؟","الوضوء"
و,"ما المصطلح الذي يُطلق على مقدار الجاذبية التي تؤثر على جسم ما وتُقاس بوحدة النيوتن؟","الوزن"
و,"برنامج مشهور لمعالجة النصوص في جهاز الحاسب الآلي؟","وورد"
و,"انتشار الجراثيم من شخص إلى آخر","وباء"
و,"ما هو الضمير؟","الوجدان أو الحس الأخلاقي"
و,"ما هي العظام التي تكون على الفخذ؟","الورك"
و,"معلومات كاذبة عن شخص ما، تنقل بغرض غير صالح","وشاية"
و,"عكس الحقوق ؟","واجبات"
و,"الحيوانات التي تتكاثر بالولادة تسمى؟","ولودة"
و,"ما معنى اسم نمارق؟","وسائد"
و,"ما الكلمة التي تعني العمل أو المهمة التي يقوم بها الشخص في حياته المهنية؟","وظيفة"
ي,"تسونامي هي كلمة بأي لغة؟","اليابانية"
ي,"قبيلة حاشدية همدانية سبئية يتواجد معظم أفرادها في جنوب المملكة","يام"
ي,"نبات عشبي يستخدم في الطهي وفي تهدئة الأعصاب، يبدأ بحرف الياء؟","يانسون"
ي,"من هو اللاعب في بطولة أوفرواتش في المنتخب الذي هزم المنتخبات وتم حظره بدون سبب؟","يزن القوت"
ي,"ما هو أول طور من أطوار حياة الفراشة؟","اليرقة"
ي,"ما هي بلاد الشمس المشرقة؟","اليابان"
ي,"أين أقيمت أول ألعاب الأولمبياد؟","اليونان"
ي,"من هو النبي الذي هدد قومه بالعذاب دون أن يأتيه وحي من الله؟","يونس"
ي,"من هو النبي الذي كاد له إخوته؟","يوسف"
ي,"سورة تسمى قلب القران ما هى ؟","يس"
ي,"من القائل: حتى أنت يا بروتوس؟","يوليس قيصر"
ي,"ما هي عملة اليابان؟","الين"
ي,"ماذا يسمى الشاب في مقتبل العمر؟","يافع"
ي,"نبي نُسب إلى أمه غير النبي عيسى عليه السلام؟","يونس"
ي,"ما هي السورة التي تُسمى بقلب القرآن؟","يس"
ي,"ما هي أكثر دولة تتساقط بها الثلوج؟","اليابان"
ي,"من هو النبي الذي سخرت له الشمس؟","يوشع بن نون"
ي,"من اللاعب العربي الذي كان متواجد في غلاف فيفا 15؟","يحيى الشهري"
ي,"من هو النبي الذي تم دفنه في نهر النيل؟","يوسف عليه السلام"
ي,"من هو النبي الذي يُقال إنه وُلد مرتين؟","يونس"
ي,"موقع ويب أمريكي يسمح لمستخدميه برفع، بث، ومشاركة التسجيلات المرئية مجانًا، بالإضافة إلى إمكانية التعليق والتفاعل مع المحتوى.","يوتيوب"
ي,"من هو أشهر الأنبياء الذين اشتهروا بتفسير الأحلام؟","يوسف عليه السلام"
ي,"ما هي المدينة السعودية الواقعة على ساحل البحر الأحمر؟","ينبع"
ي,"ما هو الطائر الصغير الذي يُطلق عليه اسم رمز السلام أحيانًا؟","يمامة"
ي,"ما هو الشيء الذي يبدأ بحرف الياء، يُعتبر من أقدم النباتات التي استخدمها الإنسان للطعام، ويُزرع في مناطق معينة ويشمل نوعًا من الحبوب؟","يقطين"
ي,"ما اسم الغلام الذي رافق موسى أثناء مقابلته الخضر؟","يوشع بن نون (عليه السلام)"
ي,"ميقات أهل اليمن للحج والعمرة","يلملم"
ي,"هي شكل من أشكال التمارين القديمة التي تركز على القوة والمرونة والتنفس لتعزيز الرفاهية البدنية والعقلية وهي من رياضات التأمل؟","يوغا"
ي,"ما هو النبي الذي مات من الجوع؟","اليسع"
ي,"نبي من الأنبياء قال عنه الرسول صلى الله عليه وسلم الكريم بن الكريم بن الكريم بن الكريم؟","يوسف"
ي,"ما هو اسم المدينة المنورة سابقاً؟","يثرب"
ي,"أشهر من فسر الأحلام من الأنبياء","يوسف عليه السلام"
ي,"ما هو الاسم القديم للمدينة المنورة قبل الإسلام؟","يثرب"
ي,"ماذا كانت تسمى المدينة المنورة قبل هجرة الرسول عليه الصلاة والسلام إليها؟","يثرب"
ي,"فعل ماضي يبدأ بحرف الياء؟","يأس"
ي,"ما اسم وكالة الشرطة الأوروبية التي تنسق مكافحة الجريمة بين دول الاتحاد الأوروبي؟","يوروبول"
ي,"ماذا تسمى ليلة 21 ديسمبر في السنة الفارسية؟","يلدا"
ي,"من هو آخر ملوك الإمبراطورية الساسانية قبل الفتح الإسلامي؟","يزدجرد"
ي,"مسابقة يشتري فيها الناس تذاكر لكسب مبالغ كبيرة من المال؟","اليانصيب"
ي,"في أي دولة أقيمت الألعاب الأولمبية لأول مرة؟","اليونان"
ي,"من هو النبي الذي قطع رأسه وهو ساجد؟","يحيى عليه السلام"
ي,"ما اسم المنطقة اللينة في جمجمة المولود الجديد؟","يافوخ"
ي,"قالوا في الأمثال: زامر الحي لا ...","يٌطرب"
ي,"ماهي عاصمة دولة أرمينيا؟","يريفان"
ي,"ما هو اسم ملكة النحل؟","اليعسوب"
ي,"ما اسم المدينة السورية التي تشتهر بكونها من أقدم الحواضر المأهولة في التاريخ؟","يبرود"
ي,"ما هو الاسم السابق للمدينة المنورة؟","يثرب"
ي,"ما هو الفترة الزمنية التي تبلغ 24 ساعة؟","يوم"
ي,"من هم أهل الكتاب؟","اليهود والنصارى"
ي,"تطلق على السنة الشديدة العسيرة التي لا فرج فيها؟","اليهماء"
ي,"مدينة من المدن التي شهدت مؤتمرًا عالميًا في الحرب العالمية الثانية وتقع على الساحل الجنوبي لشبه جزيرة القرم","يالطا"
ي,"ما هي العملة الرسمية للصين؟","اليوان"
ي,"هو مصدر طبيعي للمياه يتدفق من باطن الأرض إلى سطحها","الينبوع"
ي,"من هو القائد الروماني الذي عبر نهر الروبيكون؟","يوليوس قيصر"
ي,"من هو النبي الذي لقب بذي النون؟","يونس"
ي,"ما اسم الحالة المرضية التي تتميز باصفرار الجلد والعينين نتيجة ارتفاع البيليروبين؟","يرقان"
ي,"– الصغير الذي فقد أبويه لاثنين أو أحدهما ؟","يتيم"
ي,"ما هو الطائر الذي يهاجر لمسافات طويلة ويبدأ بحرف الياء؟","اليمامة"
ي,"فعل بمعنى ناظره وجادله أو نازعه وخالفه؟","يماري"
ي,"ما اسم المعركة الحاسمة في حروب الردة وكانت ضد مسيلمة الكذاب؟","معركة اليمامة"
ي,"ما هي عاصمة الكاميرون؟","ياوندي"
ي,"متسع من الأرض أصغر من المحيط مغمور بالماء الملح أو العذب وهو مرادف لكلمة البحر","يم"
ي,"اسم كان يطلق على مدينة الخرج قديماً","اليمامة"
ي,"ما معنى كلمة ايوا باللهجة الجيزانية؟","ياوا"
ي,"ما هو الاسم الآخر لحيوان اليحمور؟","يغمور"
ي,"مكون لونه أبيض يميل إلى الفضي","يورانيوم"
ي,"عنصر بسيط رمادي ضارب إلى الزرقة يستعمل في تطهير الجروح؟","اليود"
ي,"معدن مشع يستخدم في إنتاج الطاقة النووية؟","اليورانيوم"
ي,"ما هي المعركة التي انتصر فيها المسلمون على الروم في الشام عام 636م؟","اليرموك"
ي,"من أكثر فريق خسر نهائي دوري أبطال أوروبا؟","يوفنتوس الإيطالي"
ي,"ما هو العنصر البسيط الرمادي الضارب إلى الزرقة الذي يستعمل في تطهير الجروح؟","اليود"
ي,"ماذا يطلق على آخر جمعة من شهر رمضان المبارك؟","اليتيمة"
ي,"ما هي مرحلة النمو التي تسبق التحول إلى فراشة؟","يرقة"
ي,"ما هي السورة التي تسمى قلب القرآن؟","يس"
ي,"من أسماء طير الحمام؟","يمام"
ي,"هو يوم إذا صامه المسلم غير الحاج فإنه يكفر السنه السابقه والسنه القادمة","يوم عرفة"
ي,"أعلى درجة من درجات الإيمان؟","اليقين"
ي,"من هو الفتى الذي صاحب نبي الله موسى عليه السلام؟","يوشع بن نون"
ي,"ما هو الاسم الحقيقي للقائد صلاح الدين الايوبي؟","يوسف بن أيوب"
ي,"ما هو اسم المدينة المنورة قديمًا؟","يثرب"
ي,"فن من الفنون الشعبية السعودية؟","الينبعاوي"
ي,"ماهي عاصمة جمهورية الكاميرون؟","ياوندي"
ي,"ما هي الدولة العربية الواقعة في جنوب شبه الجزيرة العربية؟","يمن"
ي,"طبق الموساكا يعتبر من ألذ وأشهر أطباق دولة؟","اليونان"
ي,"ما هو نقيض النوم والغفلة؟","اليقظة"
ي,"من هو النبي الملقب بالصديق؟","يوسف عليه السلام"
ي,"ما اسم السجل الشخصي الذي يدون فيه الشخص أحداث وخواطر يومه؟","يوميات"
ي,"وإن بعد العسر","يسرا"
ي,"من الأمثال: ""عند الامتحان يكرم المرء أو...""؟","يُهان"
ي,"ما حدود السعودية من الجنوب؟","اليمن"
ي,"من هو النبي الذي ابتلعه الحوت؟","يونس عليه السلام"
ي,"من النباتات ذات الطعم الحلو قريب من طعم عرق السوس، تستخدم في العلاجات المنزلية نظراً لفوائدها المتعددة لصحة الجسم؟","اليانسون"
ي,"قال رسول الله صلى الله عليه وسلم: ""كفى بالمرء كذباً أن...""؟","يحدث بكل ما سمع"
ي,"أين يقع سد مأرب؟","اليمن"
ي,"ما هي الحشرة الطائرة المعروفة بجسمها الطويل والألوان الزاهية؟","اليعسوب"
ي,"ما اسم والد نبي الله يوسف؟","يعقوب"
ي,"من هو مؤسس دولة المرابطين في المغرب والأندلس؟","يوسف بن تاشفين"
ي,"ماهي العملة الرسمية للاتحاد الأوروبي والذي تعد ثاني أكثر العملات تداولاً في العالم؟","يورو"
ي,"كلمة ورد ذكرها في القرآن ومعناها الدخان الأسود شديد الحرارة","يَحموم"
ي,"يضرب هذا المثل فيمن يتأذى من شيء جلبه أو اشتراه بماله لينتفع به وانقلب ضده وأضره","يا من شرى له من حلاله علة"
