الحرف,السؤال,الإجابة
أ,صحابي جليل، هو ابن عمة النبي ﷺ، وكان كفيف البصر,أبو أحمد بن جحش (رضي الله عنه)
أ,ما هو اللقب الذي يُطلق على الشاعر أحمد شوقي؟,أمير الشعراء
أ,ما هي السورة الكريمة الّتي سميت بأحد غزوات الرسول صلى الله عليه وسلم؟,الأحزاب
أ,ما هو الكائن الحي الذي له ثلاثة قلوب؟,الأخطبوط
أ,عالم من بني إسرائيل أحضر عرش ملكة سبأ إلى النبي سليمان عليه السلام في لمح البصر,آصف بن برخيا
أ,من هو أول من أسلم من الرجال؟,أبو بكر الصديق (رضي الله عنه)
أ,ما هو المنتخب الّذي ينفرد بالرقم القياسي كأكثر من توج بلقب بطولة كأس أمم أوروبا (اليورو) بواقع 4 مرات؟,إسبانيا
أ,من هو أول من خط بالقلم وخاط الثياب؟,نبي الله إدريس عليه السلام
أ,اسم يُطلق على الرسل أصحاب الشرائع الكبرى الخمسة لكونهم أصحاب الهمة العالية والصبر الشديد في تحمل مشاق الدعوة إلى الله والجهاد في سبيله,أولي العزم
أ,ما هو المصطلح الذي يطلق على بقايا الكائنات الحية المحفوظة في الصخور؟,أحافير
أ,هو التوسع في الكلام بما لا فائدة منه، ويقابله الإيجاز الممدوح,اسهاب
أ,ماذا تسمى الدولة الواسعة والقوية التي تفرض سيطرتها السياسية والعسكرية على أراضٍ وشعوب متنوعة وثقافات مختلفة؟,إمبراطورية
أ,ما اسم الجبال الشهيرة الواقعة في وسط أوروبا وتعد من أهم الوجهات السياحية والثلجية؟,جبال الألب
أ,كلمة تأتي بمعنى اختفى أو غاب بعد أن كان ظاهرًا,أفل
أ,ما اسم الأجسام التي تُنتجها الخلايا البائية وتُهاجم مسببات الأمراض؟,أجسام مضادة
أ,ماذا تسمى ظاهرة انحناء الضوء عند مروره من وسط شفاف إلى آخر؟,انكسار
أ,هي أقدم مؤسسة تعليمية في المملكة العربية السعودية والتي تأسست عام 1949م قبل أن تتحول إلى جامعة بشكل رسمي لاحقا,أم القرى
أ,من هو الصحابي الجليل الذي قاد جيش المسلمين وهو في سن صغيرة (تتراوح بين 16 إلى 18 عامًا)؟,أسامة بن زيد (رضي الله عنه)
أ,ما اسم الأنسجة التي تربط العظام ببعضها البعض في المفاصل؟,أربطة
أ,ما اسم الأنسجة التي تربط العضلات بالعظام؟,أوتار
أ,ما هي المدينة التي يقام فيها حفل جائزة نوبل للسلام؟,أوسلو
أ,ما هي المدن الكبرى التي أنشأها المسلمون بعد الفتوحات مثل البصرة والكوفة؟,الأمصار
أ,ما اسم القوة التي تُعارض الحركة بين سطحين متلامسين؟,احتكاك
أ,كلمة تطلق على المادة التي توصل التيار الكهربائي جزئياً؟,أشباه الموصلات
أ,مالوصف الّذي أطلق على بشرة النبي صلى الله عليه وسلم ويعني الأبيض المُشرَب بحمرة؟,أزهر اللون
أ,ما هي المعركة التي انتصر فيها المسلمون على الروم وكانت أول مواجهة ضدهم في عهد أبي بكر الصديق؟,أجنادين
أ,ما هو أكبر شريان في جسم الإنسان؟,الأبهر (الأورطي)
أ,ما المصطلح الذي يُطلق على التوجه طويل الأمد الذي تتبعه مؤسسة لتحقيق أهدافها الكبرى؟,استراتيجية
أ,صحابي جليل، كان تاجراً، ولما أسلم أراد الجمع بين التجارة والعبادة، فلم يستطع فترك التجارة وتفرغ للعبادة والعلم,أبو الدرداء الأنصاري (رضي الله عنه)
أ,اسم علم مؤنث معناه فوحان العطر الطيب أو فوحان رائحة الأزهار,أريج
أ,من أسماء سورة الفاتحة,أم الكتاب
أ,من هو الصحابي الذي استمعت الملائكة اليه وهو يتلو سورة البقرة؟,أسيد بن حضير
أ,من هي الصحابية الملقبة بذات النطاقين؟,أسماء بنت أبي بكر
أ,جزء من الأرض تجتمع فيه صفات طبيعية أو اجتماعية تجعله مختلفة عن المناطق المحيطة بها,إقليم
أ,ما اسم الفرقة الموسيقية الكبيرة التي تضم آلات متنوعة وتُعزف بها الموسيقى الكلاسيكية؟,أوركسترا
أ,من هو الشخص الوحيد الذي قتله النبي صلى الله عليه وسلم بيده,أُبي بن خلف
أ,ما هي اللغة الرسمية المتحدث بها في دولة إثيوبيا؟,اللغة الأمهرية
أ,ماذا يسمى التفاعل عند اتحاد المادة بالأكسجين أو فقدها للهايدروجين؟,أكسدة
أ,ماذا تسمى كلمة الشكر في أول الكتاب؟,إهداء
أ,"من هو الصحابي الذي كان يُلقب بـ""الحِبّ بن الحِبّ""؟",أسامة بن زيد
أ,من هو الفيلسوف اليوناني الذي درس على يد سقراط,أفلاطون
أ,علاقة بيئية بين كائنين حيين، يعتمد فيها أحدهما على الآخر كمصدر للغذاء عن طريق قتله والتهامه,افتراس
أ,ما اسم سلسلة الجبال الممتدة عبر شمال غرب أفريقيا في دول المغرب والجزائر وتونس؟,جبال الأطلس
أ,كلمة تطلق على الجسيمات ذات الشحنة السالبة في الذرة؟,إلكترونات
أ,قتل متعمد ومخطط له يستهدف شخصية بارزة أو مهمة بشكل مفاجئ وسري وعادة ما يكون بدوافع سياسية,اغتيال
أ,كلمة تطلق على المسافر المنقطع به في سفره؟,ابن السبيل
أ,ما هو أعلى جبل في العالم من حيث الارتفاع عن سطح البحر؟,إيفرست
أ,ما اسم مجموعة الحكايات الأدبية الشعبية التي تدور حول شهرزاد وشهريار وتحتوي على قصص عربية وفارسية وهندية؟,ألف ليلة وليلة
أ,من هو الوحيد الّذي ذكر بكنيته في القرآن الكريم؟,أبو لهب
أ,من هي زوجة النبي ﷺ التي أشارت عليه بالحلق والنحر يوم الحديبية؟,أم سلمة
أ,كلمة تطلق على لزوم المسجد لطاعة الله تعالى بصيام وصلاة وذكر؟,الاعتكاف
أ,"مؤلف كتاب ""البداية والنهاية"" والّذي يعد من أشهر كتب التاريخ التي تتناول تاريخ الأنبياء والعالم الإسلامي؟",ابن كثير (رحمه الله)
أ,من هو مؤسس علم النحو؟,أبو الأسود الدؤلي
أ,ما هي القصص الخيالية والخرافية الّتي تحكى عن القدماء وتعد شكل من أشكال الأدب؟,الأساطير
أ,ما هي اللغة الرسمية في دولة المكسيك؟,الإسبانية
أ,"من هو النبي الكريم الذي أطلق عليه لقب ""أبو الأنبياء""؟",إبراهيم عليه السلام
أ,صحابي جليل، كان والياً على البحرين من قبل النبي ﷺ، وتوفي النبي وهو على رأس عمله، فرفض العمل لأحد بعده,أبان بن سعيد بن العاص (رضي الله عنه)
أ,ما اسم الطبقة الداخلية من الجلد؟,أدمة
أ,ماذا يطلق على الكذب البيّن والافتراء والقلب الشديد للحقائق؟,إفك
أ,ما هي القدرة على إنتاج أفكار وأعمال أصيلة ومبتكرة؟,الإبداع
أ,مصطلح يطلق على من يعتمد على أطرافه اليسرى في العمل والأنشطة اليومية,أعسر
أ,من هو الرحالة العربي المشهور الذي طاف البحار وكتب عن رحلاته؟,ابن بطوطة
أ,من هو الشاعر الجاهلي الذي يُعد من أصحاب المعلقات وبدأ معلقته بالبكاء على الأطلال؟,امرؤ القيس
أ,ما هو النظام الفكري الذي يتضمن معتقدات وأفكار متكاملة حول المجتمع والسياسة؟,أيديولوجيا
أ,ما هي عاصمة جمهورية إثيوبيا؟,أديس أبابا
أ,في أي مدينة توجد أطول حلبة تزلج ثلجية في العالم؟,أوتاوا في كندا
أ,ما هي عاصمة جمهورية اليونان؟,أثينا
أ,ماذا يسمى التوقع والرجاء في حدوث الخير في المستقبل؟,أمل
أ,من هو العالم اليوناني القديم الذي وضع قانون الطفو؟,أرخميدس
أ,ما هي الدولة الأوروبية التي كانت موطناً لحضارة الأندلس الإسلامية,إسبانيا
أ,ما هو اسم الإعلامي السعودي الذي اشتهر ببرنامجه التلفزيوني (خواطر) والذي كان يعرض في شهر رمضان المبارك,أحمد الشقيري
أ,لاعب سعودي لعب لكلٍ من الهلال والنصر والاتحاد والقادسية؟,أحمد الفريدي
أ,ما الاسم الذي يُطلق على نظام تجاري يسمح باستخدام علامة تجارية ونموذج عمل مقابل رسوم أو نسبة من الأرباح؟,امتياز تجاري
أ,ما هو المصدر الثالث من مصادر التشريع الإسلامي بعد القرآن والسنة؟,الإجماع
أ,"من القائل ""ليت الذي بيني وبينك عامرٌ.. وبيني وبين العالمين خرابُ""؟",أبو فراس الحمداني
أ,صحابي جليل، كان يتميز في المعارك بعصابة حمراء يلفها على رأسه يعرف بها شجاعته,أبو دجانة الأنصاري (رضي الله عنه)
أ,أين يوجد أطول سياج في العالم والذي يطلق عليه سياج الدينجو؟,أستراليا
أ,صحابي نزل الرسول في بيته يوم الهجرة عند وصوله المدينة المنورة,أبو أيوب الأنصاري
أ,تعد من أخلاق الإسلام الرفيعة التي تعني التروي والنظر في العواقب، وهي من مرادفات الصبر أو الحلم,الأناة
أ,صحابي جليل وزعيم الأوس في المدينة، عُرف بحكمته وصوته الجميل في القرآن الكريم..,أُسيد بن الحضير
أ,ما اسم القارة الأسطورية التي قيل إنها اختفت تحت سطح البحر وفقًا لحوارات أفلاطون؟,قارة أتلانتس
أ,ما اسم الحدث الرياضي العالمي الذي يُقام كل أربع سنوات ويضم رياضيين من رياضات مختلفة ومن مختلف الدول؟,الأولمبياد
أ,ما هو المفهوم الإسلامي الذي يمثل أعلى مراتب الدين ويعني عبادة الله كأنك تراه؟,الإحسان
أ,ما هي المبادئ والقيم التي تحكم سلوك الإنسان؟,الأخلاق
أ,ماذا تسمى أنثى الثعبان؟,أفعى
أ,صحابي جليل قال عنه رسول الله صلى الله عليه وسلم يموت وحده ويبعث وحده,أبو ذر الغفاري
أ,ما هي صفة الشيء غير المقلد والمتجذر في التراث والتاريخ؟,أصالة
أ,ما اسم المقابر الملكية الضخمة التي بناها الفراعنة في مصر القديمة لتُخلدهم بعد الموت؟,الأهرامات
أ,ما اسم الشجرة الّتي يُستخرج من جذورها السواك؟,الأراك
أ,من هو الصحابي الجليل الذي لُقب بأمين هذه الأمة، وأرسله النبي صلى الله عليه وسلم إلى أهل نجران ليعلمهم الإسلام ويقضي بينهم؟,أبو عبيدة عامر بن الجراح
أ,كلمة بمعنى مقطوع النسل أو من لا ذرية له,أبتر
أ,ما هي عملية زيادة القيمة أو المحتوى أو تعزيز الجودة؟,إثراء
أ,ما هي الدولة التي تمتلك أكثر من 20 ألف قلعة تاريخية؟,ألمانيا
أ,ماذا يسمى مَن لا يُبصر ليلاً ويُبصر نهاراً؟,أعشى
أ,من هو العالم العربي المسلم الذي اكتشف الدورة الدموية الصغرى؟,ابن النفيس
أ,ما هي وحدة القياس الدولية المستخدمة لقياس شدة التيار الكهربائي؟,أمبير
أ,ما هي ثالث أكبر دولة في قارة آسيا من حيث عدد السكان؟,إندونيسيا
أ,ما اسم الإقليم الذي فتحه المسلمون في أوروبا وظل تحت حكمهم لقرون؟,الأندلس
ب,ماذا تسمى الأوراق الملونة بالزهرة والتي وظيفتها الرئيسية هي جذب الملقحات مثل النحل والفراشات,البتلات
ب,طائر من الجوارح، يشبه العقاب في قوته وشراسته، لكنه يتميز بجسمه الطويل النحيف ورشاقته الفائقة,الباشق
ب,قصيدة تعد من أشهر قصائد المدح النبوي وأنشدها الصحابي كعب بن زهير ليبايعه على الإسلام,البردة
ب,ما اسم الأداة التي تتأرجح ذهابًا وإيابًا وتُستخدم في بعض الساعات لتحديد الوقت؟,بنْدول
ب,اسم هواية زراعة النباتات لأغراض الزينة أو الغذاء في نطاق صغير,البستنة
ب,ماذا تسمى الجسيمات ذات الشحنة الموجبة في الذرة؟,البروتونات
ب,ما هي أكبر دولة في العالم إنتاجًا للقهوة؟,البرازيل
ب,ما اسم المكان الذي تُزرع فيه الأشجار المثمرة ويُعتنى بها؟,بستان
ب,ما الجزء من النبات الذي يحتوي على الجنين ويمكن أن ينمو ليشكل نباتًا جديدًا؟,بذرة
ب,ما هي عاصمة دولة بلجيكا؟,بروكسل
ب,ما هي اللغة الرسمية في البرازيل؟,البرتغالية
ب,مصطلح ذٌكر في القرآن الكريم بمعنى أشد الحزن والهم الذي انطوت عليه النفس ولا يطيقه المرء,البث
ب,ما المصطلح الذي يُطلق على مجموعة القواعد والإجراءات الرسمية التي تنظّم أساليب التعامل والمراسم في العلاقات الدبلوماسية؟,البروتوكول
ب,ما اسم الدابّة التي امتطاها الرسول صلى الله عليه وسلم ليلة الإسراء والمعراج؟,البراق
ب,ما هي عاصمة جمهورية أذربيجان؟,باكو
ب,ما هي عاصمة جمهورية البرازيل الاتحادية؟,برازيليا
ب,مُصطلح يطلق على المعلومات الأولية غير المعالجة التي تُستخدم للتحليل والتدقيق,بيانات
ب,ما هو اسم مقر وزارة الدفاع الأمريكية الذي يُعرف بشكله الخماسي؟,البنتاجون
ب,ما هي الغدة المسؤولة عن إفراز الأنسولين؟,البنكرياس
ب,ما اسم الكائنات الدقيقة التي قد تكون نافعة أو ضارة، ولا تُرى بالعين المجردة؟,بكتيريا
ب,"من مرادفات كلمة ""بدأ""",باشر
ب,ما هي عاصمة المجر؟,بودابست
ب,ما الاسم الذي يُطلق على الأرض الصحراوية المفتوحة التي تسكنها القبائل الرحل؟,بادية
ب,ما المركب الغذائي الأساسي الذي يُستخدم في بناء الأنسجة والعضلات داخل جسم الإنسان؟,بروتين
ب,ما هي عاصمة دولة سويسرا؟,بِرن
ب,في الشِعر ماذا يسمى الجزء الذي يتم فيه معنى القصيدة وغاية الشاعر؟,بيت القصيد
ب,ما هو المضيق الذي يصل بين البحر الأحمر والمحيط الهندي عبر خليج عدن؟,باب المندب
ب,ما اسم وسيلة النقل البحرية الكبيرة التي تُستخدم لنقل الركاب أو البضائع؟,باخرة
ب,مدينة سعودية هامة يقال انها اشتقت اسمها من الاسم الاول للصحابي ابن الحصيب الاسلمي,بريدة
ب,ما اسم أول غزوة فاصلة بين المسلمين والمشركين وقعت في السنة الثانية للهجرة؟,غزوة بدر
ب,ما الاسم العلمي للبكتيريا النافعة والّتي تعيش طبيعيًا في الأمعاء وتساعد في تعزيز صحة الجهاز الهضمي والمناعة؟,بروبيوتيك
ب,"ما معنى ""القلى"" كما في الآية الكريمة {مَا وَدَّعَكَ رَبُّكَ وَمَا قَلَى}؟",البُغض
ب,ما اسم المدينة التي تُعد أولى القبلتين ومسرى النبي محمد صلى الله عليه وسلم في رحلة الإسراء؟,بيت المقدس
ب,ما هو الاسم المعروف للطائر مالك الحزين، وهو طائر ذو أرجل طويلة؟,البلشون
ب,ماذا تسمى عملية كتابة التعليمات وتوجيه الأوامر لجهاز الحاسوب أو أي جهاز آخر؟,البرمجة
ب,ما هي عاصمة جمهورية التشيك؟,براغ
ب,ما اسم الدولة الأكبر مساحة في أمريكا الجنوبية؟,البرازيل
ب,ما المادة الصناعية التي تُصنع من البترول وتُستخدم في العديد من المنتجات اليومية؟,بلاستيك
ب,أقدم الخضروات التي عرفتها الحضارات على مر التاريخ,البازلاء
ب,ما هي عاصمة جمهورية الأرجنتين؟,بوينس آيرس
ب,ما اسم الحالة الغازية التي تنتج عندما يتم تسخين الماء إلى درجة الغليان؟,بخار
ب,ما المسمى الذي يطلق على صلاة الفجر وصلاة العصر؟,البردين
ب,ما هي عاصمة مملكة كمبوديا؟,بنوم بنه
ب,حفرة أو فتحة تُحفر في الأرض للوصول إلى المياه الجوفية,بئر
ب,ما اسم الدابة التي ركبها النبي صلى الله عليه وسلم ليلة الإسراء والمعراج؟,البراق
ب,ما اسم الأداة البسيطة التي تُستخدم لتغيير اتجاه القوة وتُسهل رفع الأشياء الثقيلة؟,بكرة
ب,ما اسم الطائر الليلي المعروف بقدرته على تدوير رأسه تقريبًا بزاوية 270 درجة؟,بومة
ب,ما اسم الوعاء المقاوم للحرارة الذي يُستخدم لصهر المعادن في المختبرات؟,بوتقة
ب,ما اسم الحيوان الهجين الناتج عن تزاوج الحصان وأنثى الحمار، ويُستخدم في النقل؟,بغل
ب,ما اسم الفريق الذي فاز بدوري أبطال أوروبا عام ٢٠٠٤؟,بورتو
ب,ما اسم العملية التي يتم فيها تحويل الطاقة الضوئية إلى طاقة كيميائية في النباتات؟,البناء الضوئي
ب,ما اسم السوق المالية التي يتم فيها شراء وبيع الأسهم والسندات؟,بورصة
ب,ما اسم المؤسسة العلمية في بغداد التي أنشأها العباسيون وكانت مركزاً للترجمة والبحث العلمي؟,بيت الحكمة
ب,ما اسم بطل لعبة تشابك Tangles (من تطوير أستديو سهم),باسل
ب,ما اسم الأداة التي تُستخدم لتحديد الاتجاهات وتعتمد على المجال المغناطيسي للأرض؟,البوصلة
ب,سلسلة أجهزة ألعاب فيديو أحدثت ثورة في عالم الترفيه، انطلق أول إصداراتها عام 1994,بلايستيشن
ب,كلمة تطلق على الجهاز الذي يستخدم لقياس الضغط الجوي؟,البارومتر
ب,ما اسم الغدة التي تقع خلف المعدة وتفرز الأنسولين؟,بنكرياس
ب,ما هي عاصمة جمهورية كولومبيا؟,بوغوتا
ب,ماذا يسمى الجزء السائل من الدم؟,البلازما
ت,ما الاسم الذي يُطلق على قدرة الشخص على نقل أفكاره ومشاعره بالكلام أو الكتابة؟,تعبير
ت,ما اسم العمل الفني الذي يُشكّل عادةً من الحجر أو المعدن ليمثّل شكل إنسان أو حيوان؟,تمثال
ت,ماذا يسمى تقسيم موضوع معقد لأجزاء صغيرة لفهمها بشكل أعمق؟,تحليل
ت,طائرة حربية متعددة المهام تستعمل كمطاردة ومقاتلة وهي إنتاج مشترك من بريطانيا وألمانيا وإيطاليا,تورنادو
ت,ماذا تسمى الطهارة بالتراب كبديل عن الوضوء أو الغسل,التيمم
ت,عملية كيميائية وفيزيائية يتم فيها تسجيل الصورة عبر تعريض سطح حساس للضوء للأشعة المنعكسة من المشهد,التصوير
ت,ما هو المصطلح الذي يصف تغير سرعة الجسم خلال مدة معينة؟,التسارع
ت,ما العملية التي تُستخدم لتحويل المعلومات إلى صيغة سرية لا يمكن قراءتها إلا باستخدام مفتاح خاص؟,تشفير
ت,ما اسم الخلايا التي تُهاجم الخلايا المصابة في الجهاز المناعي؟,خلايا تائية
ت,ما العملية التي يتم من خلالها ابتكار أو إعداد عمل أدبي أو فني أو علمي؟,تأليف
ت,دولة تحتل المرتبة الأولى عالمياً في استهلاك الشاي للفرد، ويشرب مواطنوها الشاي في كل الأوقات والمناسبات,تركيا
ت,ما هي السورة التي سميت على اسم فاكهة؟,التين
ت,ما الاسم الذي يُطلق على توفير المال اللازم لإنشاء مشروع أو تنفيذه؟,تمويل
ت,إفراد الله سبحانه وتعالى بما يختص به من الربوبية والألوهية والأسماء والصفات,توحيد
ت,ما هو الحيوان الّذي لا يستطيع إخراج لسانه من فمه؟,تمساح
ت,مصطلح فيزيائي يصف تكرار الذبذبة خلال مدة معينة؟,التردد
ت,"ما الأسلوب البلاغي الذي يُستخدم لربط شيئين من خلال أداة مثل ""كأن"" أو ""مثل""؟",تشبيه
ت,ما هي آخر غزوات النبي صلى الله عليه وسلم؟,تبوك
ت,ما المصطلح الذي يُطلق على التغير الكيميائي الذي يحدث عند خلط مادتين أو أكثر؟,تفاعل
ت,ما العملية الحيوية الطبيعية التي يتم من خلالها إنتاج كائنات جديدة من نفس النوع؟,تكاثر
ت,أحد شعراء الجاهلية ويصنف من صعاليك العرب,تأبط شرًّا
ت,ما هو فرع الرياضيات المعني بدراسة معدل التغير اللحظي لكمية بالنسبة لأخرى؟,التفاضل
ت,ما الاسم الذي يُطلق على المرتفعات الأرضية الصغيرة الأقل ارتفاعًا من الجبال؟,تلال
ت,ما هي عاصمة جمهورية ألبانيا؟,تيرانا
ت,اسم علم مؤنث يعني النخلة الصغيرة؟,تالا
ت,ما اسم القاعدة في الشطرنج التي يتم فيها تحويل البيدق إلى قطعة أقوى عند وصوله إلى الصف الأخير من الرقعة؟,الترقية
ت,ما الاسم الذي يُطلق على العملية التي تهدف إلى تحسين قدرات الفرد للاندماج في المجتمع أو سوق العمل؟,تأهيل
ت,ماذا يُطلق على الحالة التي تتطلب بذل جهد أو مواجهة صعوبة لتحقيق هدف معين؟,تحدي
ت,ما اسم العلم الذي يهتم بإتقان نطق حروف القرآن الكريم وأحكام تلاوته؟,تجويد
ت,ما الاسم الذي يُطلق على تحويل الأفكار أو الأشياء إلى مفاهيم غير ملموسة أو رمزية؟,تجريد
ت,ما اسم النوع الأدبي الذي يصوّر مآسي الإنسان ويثير الحزن والتعاطف؟,تراجيديا
ت,باخرة عملاقة فاخرة تكلفت الملايين وغرقت في أول رحلة في عام 1912 وراح ضحيتها 1517 شخصًا من ركابها,تايتنك
ت,ما الاسم الذي يُطلق على الموروث الثقافي والفني والتاريخي الذي تنتقل قيمه عبر الأجيال؟,تراث
ت,من هو مخترع المصباح الكهربائي؟,توماس اديسون
ت,ما الاسم الذي يُطلق على عملية تسجيل الأحداث أو المعلومات كتابةً للحفظ أو النشر؟,تدوين
ت,ما اسم المكوّن الإلكتروني الصغير الذي يُستخدم كمضخم أو مفتاح في الدوائر الكهربائية؟,ترانزستور
ت,مالأكلة التي أوصى بها النبي صل الله عليه وسلم للمريض والحزين وهي عبارة عن حساء يُصنع من دقيق الشعير ويُمزج مع الحليب والعسل؟,التلبينة
ت,ما المصطلح الذي يُستخدم لوصف حركة الماء أو الهواء أو الكهرباء في اتجاه معين؟,تيار
ت,ما الاسم الذي يُطلق على إعادة فعل أو قول شيء مرة بعد مرة؟,تكرار
ت,ما هي عاصمة جورجيا؟,تبليسي
ت,ما المصطلح الاقتصادي الذي يدل على ارتفاع مستمر في الأسعار وانخفاض قيمة العملة؟,تضخم
ت,ما هو الاسم الحقيقي لجنكيز خان؟,تيموجين
ت,من الألقاب الّتي لُقِّب بها الصحابي الجليل عبد الله بن عباس (رضي الله عنه)؟,ترجمان القران
ت,ماذا يسمى صوت البلبل؟,تغريد
ت,ما اسم الموجة البحرية العنيفة التي تنشأ نتيجة زلزال أو انفجار بركاني تحت سطح البحر؟,تسونامي
ت,ما اسم العملية التي يصل فيها المحلول إلى أقصى كمية من المذاب؟,التشبع
ت,ما المصطلح الذي يُستخدم لوصف محاولة محاكاة تصرفات أو أعمال أو أصوات شخص آخر؟,تقليد
ت,إدخال مواد ضارة إلى البيئة الطبيعية، مما يسبب خللاً وتغيرات سلبية تجعلها غير آمنة أو غير مناسبة للكائنات الحية,تلوث
ت,عملية البحث والكشف عن الثروات في باطن الأرض، سواء كانت معادن أو آثار,التنقيب
ت,ما المصطلح الذي يُطلق على العملية التي يتبادل فيها طرفان أو أكثر الحوار للوصول إلى اتفاق؟,تفاوض
ت,وسيلة لنقل الناس بواسطة مركبات هوائية معلقة في أسلاك تعمل بالكهرباء,تيليفريك
ت,ما اسم المنطقة البيئية الباردة التي تمتاز بقلة الأشجار وانتشار الطحالب؟,تندرا
ت,ما هي السورة الوحيدة في القرآن الكريم الّتي لا تبدأ بالبسملة؟,سورة التوبة
ت,ماذا يسمى كتمان عيب السلعة عن المشتري أو إعطائها صفة غير موجودة فيها؟,التدليس
ت,ما الاسم الذي يُطلق على العمل الفني أو الأثري الذي يتميز بجماله وقيمته العالية؟,تحفة
ت,ما الاسم الذي يُطلق على الأشكال المختلفة لسطح الأرض مثل الجبال والسهول والوديان؟,تضاريس
ت,كلمة تعني استعمال الحق في غير موضعه او زيادة مضرة,تعسف
ت,ما الاسم الذي يُطلق على تطبيق المعرفة العلمية لتطوير الأدوات والأنظمة التي تسهّل حياة الإنسان؟,تكنولوجيا
ث,أحد الأسماء الذي يطلق على الإنس والجن وُرِد ذكره في القرآن,الثقلان
ث,ماذا يسمى صوت الشاة؟,ثغاء
ث,ما الاسم الذي يُطلق على الجزء من النبات الذي يحتوي على البذور ويكون غالبًا صالحًا للأكل؟,ثمرة
ث,ما هي الصفة التي تطلق على الشخص كثير الكلام؟,ثرثار
ث,الفجوة التي يمكن أن تشكل نقطة ضعف,ثغرة
ث,ماذا يسمى تساقط الشعر المفاجئ في مناطق دائرية بالرأس؟,الثعلبة
ث,تغيير جذري وشامل وسريع في الأوضاع السياسية أو الاجتماعية أو الاقتصادية ، يقوم به مجموعة كبيرة من الناس نتيجة غضب أو تطلع للأفضل,ثورة
ث,ما هو مجموع القيم والعلوم والمعارف والفنون المتوارثة في المجتمع؟,ثقافة
ث,ما هو وصف المرأة التي سبق لها الزواج في الفقه الإسلامي؟,ثيب
ث,ماذا يطلق على الأم الّتي فقدت ابنها؟,ثَكلى
ث,كلمة تأتي بمعنى داوم وواظب عليه بإصرار,ثابر
ث,أكلة عربية شعبية عريقة، اشتهرت بأنها طعام النبي محمد ﷺ المفضل وهو خبز يابس يُفتّ ويُصب عليه مرق اللحم,الثريد
ث,المقابل النقدي الذي يتفق عليه البائع والمشتري نظير الحصول على سلعة أو خدمة,ثمن
ث,ما الاسم الذي يُطلق على شعور الإنسان بقدرته على اتخاذ القرارات وتحقيق الأهداف دون تردد؟,ثقة بالنفس
ث,ما هو اسم قوم صالح الذين أهلكهم الله تعالى بالصيحة والرجفة؟,ثمود
ث,ما هي القبيلة التي واجهت المسلمين في غزوة حنين وأسلمت بعد الغزوة؟,ثقيف
ث,ما الاسم الذي يُطلق على التآكل الحاصل في طبقة تحمي الأرض من الأشعة فوق البنفسجية الضارة؟,ثقب الأوزون
ث,ما هو الإنزيم الذي يعتبر العامل الرئيسي في تجلط الدم؟,الثرومبين
ث,ما هو فرع الفيزياء الذي يدرس العلاقة بين الحرارة والأشكال الأخرى للطاقة؟,ثرموديناميكا
ث,ما الصفة التي تُطلق على الشيء الذي لا يتغير مع الزمن أو الظروف؟,ثابت
ث,عشب يمتد على الأرض ويشتبك كاللبدة ويُستخدم لتغطية الحدائق والملاعب ويستخدم كعلف ومراعٍ للمواشي,ثيّل
ث,ما هو الجزاء الحسن الذي يناله المسلم على أعماله الصالحة في الدنيا والآخرة؟,ثواب
ث,كلمة بمعنى الغنى وكثرة المال والسعة في الرزق,ثراء
ث,صفة في اللغة لما هو مكونًا من اثنين,ثنائي
ث,الاسم الذي يُطلق على مقر إقامة الجنود ومكان تدريبهم ومبيتهم,ثكنة
ث,من هو صاحب قصة الأسر الشهيرة الذي ربط في سارية المسجد ثم أسلم بعد إحسان الرسول ﷺ إليه؟,ثمامة بن أثال
ث,ما هي الأجسام الفلكية ذات الجاذبية الهائلة التي لا يفلت منها حتى الضوء؟,ثقوب سوداء
ث,منطقة صحراوية شمال الرياض اشتهرت بكونها وجهة ترفيهية للتخييم والتنزه وسباقات الهجن والخيول,الثمامة
ث,من هو الصحابي الذي كان خطيب الأنصار ووصفه النبي بأنه من أهل الجنة وشهد أحد والخندق؟,ثابت بن قيس
ث,اضطراب صحي يتسبب بتقلبات مزاجيّة حادّة وتسبب للمصاب الهوس والاكتئاب,ثنائي القطب
ث,ماذا تسمى الأسنان الأربع الأمامية في مقدمة الفم؟,الثنايا
ث,ما هي الطائفة من الحيوانات الفقارية التي ترضع صغارها؟,ثدييات
ث,"محافظة في مدينة الرياض تلقب بـ""أم البنادق"" وتشتهر بمعالم تراثية وقصور طينية",ثادق
ث,ماذا يطلق على النظرة الحادة التي يكون فيها دقة ملاحظة وفهم عميق للأمور,ثاقبة
ث,بماذا يوصف الشيء الغالي ذو القيمة العالية؟,ثمين
ث,اسم علم مؤنث يعني الحمد والشكر,ثناء
ث,ما اسم الغاز الذي ينتج عن تنفس الكائنات الحية واحتراق المواد العضوية، وتساهم زيادته في ظاهرة الاحتباس الحراري؟,ثاني أكسيد الكربون
ث,ما المصطلح الذي يُطلق على النقص في نظام أو دفاع يُمكن استغلاله؟,ثغرة
ث,ما هو الفراغ أو الفتحة في جسم صلب؟,ثقب
ث,كلمة بمعنى الاستقرار والدوام والرسوخ وعدم الزوال أو التحرك,ثبات
ث,ما هي الكمية في الفيزياء التي تربط بين طاقة الفوتون وتردده؟,ثابت بلانك
ث,ما الاسم الذي يُطلق على الانتقام من شخص أو جماعة ردًا على اعتداء سابق؟,ثأر
ث,ما هو المصطلح الذي يشير إلى التربة الرطبة أو الطينية؟,ثرى
ث,نبات يٌستخدم في الطعام، يقوي المناعة ويخفض ضغط الدم، استخدمته الثقافات القديمة كمنشط وواقٍ للأمراض بينما اعتقدت ثقافات أخرى أنه يطرد الأرواح الشريرة,الثوم
ث,كلمة بمعنى فقد اتزانه بسبب شرب الخمر أو النعاس الشديد,ثمل
ث,أداة مأمونة وشائعة للحصول على النار عن طريق عملية كيميائية ناتجة عن احتكاكها بسطح خشن يحتوي على الفسفور الأحمر,الثقاب
ث,ما هو الحيوان المفترس الذي يضرب به المثل بمكره ودهائه وينتمي لفصيلة الكلبيات؟,الثعلب
ث,ما ذا يسمى الجلد السميك الذي يتكون نتيجة الاحتكاك أو الضغط المستمر؟,الثفن
ث,ما هو التحول الاقتصادي والاجتماعي الذي بدأ في بريطانيا في القرن الثامن عشر؟,الثورة الصناعية
ث,غاز عديم اللون والرائحة يتركب من الكربون والأكسجين يذوب في الماء ويمكن تسييله بالضغط,ثاني أكسيد الكربون
ج,ما هو المقابل المترتب على فعل معين؟,جزاء
ج,عين يقع بالقرب من الهفوف به مياه ساخنة غنية بالمعادن وتستخدم مياهه لعلاج الروماتيزم وبعض الأمراض الأخرى,الجوهرية
ج,ما الاسم الذي يُطلق على النقاش السلبي بين طرفين يختلفان في الرأي؟,جدال
ج,"كلمة للدلالة على ارتكاب ما لا يحل وهي أحد مرادفات كلمة ""ذنب""",جُرم
ج,من هو مؤسس الإمبراطورية المغولية؟,جنكيز خان
ج,ما هي صفة الاستحقاق أو الأهلية لشيء ما بناءً على الكفاءة أو القيمة؟,جدارة
ج,عملية تغطية الحديد بطبقة رقيقة من الزنك لحمايته من الصدأ,الجلفنة
ج,ما اسم الجزء السفلي من النبات الذي ينمو داخل التربة ويمتص منها الماء والعناصر الغذائية؟,جذور
ج,ما هي الهيئة أو الجهة المسؤولة عن مراقبة البضائع والرسوم المفروضة على الاستيراد والتصدير؟,الجمارك
ج,ما هي الرتبة العسكرية العليا في العديد من جيوش العالم؟,جنرال
ج,ماذا يطلق على الأرض القاحلة التي لا نبات فيها ولا زرع؟,جرداء
ج,المكان الذي يتقابل عنده الجيشان للقتال,الجبهة
ج,ما اسم العالم الذي اشتُهر بعلم الكيمياء في الحضارة الإسلامية؟,جابر بن حيان
ج,ما الاسم الذي يُطلق على الرسم أو الزخرفة التي تُنفَّذ على جدران المباني لأغراض فنية أو تاريخية؟,جدارية
ج,ما هو الجبل الذي رست عليه سفينة سيدنا نوح عليه السلام؟,الجودي
ج,ما الاسم الذي يُطلق على الكائنات الحية الدقيقة المُسببة للأمراض مثل البكتيريا والفيروسات؟,جراثيم
ج,ما الاسم الذي يُطلق على الشخص الذي يتسلل لجمع معلومات سرية عن دولة أو جهة معينة لصالح جهة أخرى؟,جاسوس
ج,من هو الأديب الذي توفي بعد أن انهارت عليه كتبه في مكتبته بسبب كثرتها وثقلها؟,الجاحظ
ج,ما هي العملة الرسمية المستخدمة في السودان؟,جنيه
ج,"من هو الأديب والمفكر العباسي الذي ألّف كتاب ""البخلاء"" وتميز بأسلوبه الساخر والفكري؟",الجاحظ
ج,صحابي جليل، كان له أخوات كثيرات، وكان يعولهن بعد وفاة أبيه، وهو من المكثرين في رواية الحديث النبوي,جابر بن عبدالله (رضي الله عنه)
ج,ما الاسم الذي يُطلق على قطعة من اليابسة تحيط بها المياه من جميع الجهات؟,جزيرة
ج,ما هو الوادي الرئيسي الذي يسقي أعلى بلدة عودة سدير؟,الجوفاء
ج,ما هو الحاجز الذي قسم مدينة برلين الألمانية لأكثر من 28 عامًا وكان رمزًا للحرب الباردة؟,جدار برلين
ج,ما هي الضريبة التي كانت تُفرض على غير المسلمين في الدولة الإسلامية مقابل الحماية؟,الجزية
ج,ما النظام السياسي الذي يُنتخب فيه الرئيس لفترة محددة ويكون فيه الشعب مصدر السلطة؟,جمهوري
ج,ما الاسم الذي يُطلق على أي جسم طبيعي موجود في الفضاء مثل الكواكب والنجوم والكويكبات؟,جرم سماوي
ج,ما هي الدولة التي عاصمتها كينغستون؟,جامايكا
ج,ما المصطلح الذي يُطلق على المادة الوراثية المسؤولة عن تحديد صفات الكائنات الحية ونقلها عبر الأجيال؟,الجينات
ج,ما هي المنظومة الحيوية في جسم الإنسان المسؤولة عن القوة والحركة والثبات؟,الجهاز العضلي
ج,ما هو أكبر عضو في جسم الإنسان؟,الجلد
ج,ما الاسم الذي يُطلق على المجرى الصغير الذي يتدفق فيه الماء بشكل دائم أو موسمي؟,جدول مائي
ج,صحابي جليل، كان شاعرًا وخطيبًا، وكان سيد قبيلة بجيلة,جرير بن عبدالله (رضي الله عنه)
ج,"صحابي جليل كان كريماً يحب المساكين ويُقال إنه كان أشبهَ الناس بالنبي ﷺ خَلقًا وخُلُقًا، ولُقب بـ ""ذي الجناحين""",جعفر بن أبي طالب (رضي الله عنه)
ج,ما اسم الفتاة في لوحة الموناليزا أشهر لوحة في العالم للفنان ليوناردو دافنشي؟,جوكوندو
ج,أحد المدن السعودية تقع في المنطقة الشرقية تُعرف بأنها اكبر مدينة صناعية في العالم,الجبيل الصناعية
ج,ما الاسم الذي يُطلق على مستوى الكفاءة أو الامتياز في منتج أو خدمة ومدى مطابقته للمعايير؟,الجودة
ج,ما اسم القوة التي تجذب الأجسام نحو مركز الأرض أو أي جسم له كتلة؟,جاذبية
ج,ما المصطلح الذي يُطلق على الفترة التي سبقت بعثة النبي محمد ﷺ في شبه الجزيرة العربية؟,الجاهلية
ج,فرد مهمته الحصول على معلومات سرية أو حساسة دون إذن الجهة المالكة لمصلحة جهة أخرى,جاسوس
ج,ما نوع الخلايا التي لديها القدرة على الانقسام والتخصص لتكوين أنواع مختلفة من خلايا الجسم؟,خلايا جذعية
ج,ما هو العلم الذي يختص بدراسة تكوين الأرض وطبقاتها والظواهر المرتبطة بها مثل الزلازل والبراكين؟,الجيولوجيا
ج,ما هي الرياضة التي تتطلب مرونة عالية وحركات دقيقة على الأرض أو على أجهزة خاصة؟,الجمباز
ج,ما هي عاصمة جمهورية جيبوتي؟,جيبوتي
ج,ما هو الفرع الرئيسي في الرياضيات الذي يدرس العلاقات والكميات باستخدام الرموز؟,الجبر
ج,ما هي الحشرة القافزة التي تشبه الجراد لكنها أصغر حجماً وتصدر صريراً مميزاً؟,جندب
ج,ما هو الجزء الأساسي أو الطبيعة الحقيقية لشيء ما، والذي يحدد هويته؟,الجوهر
ج,ما هي الفائدة أو المنفعة العملية المتوقعة من مشروع أو إجراء معين؟,جدوى
ج,ما التخصص الطبي الذي يقوم على معالجة الأمراض أو الإصابات عن طريق العمليات اليدوية أو الأدوات الطبية؟,جراحة
ج,ما هو القارض الصحراوي الصغير ذو الأرجل الخلفية الطويلة التي تمكنه من القفز لمسافات؟,جربوع
ح,"ماذا يسمى العنصر الكيميائي الذي يرمز له بالرمز ""Fe""؟",الحديد
ح,سفينة حربية كبيرة لها سطح واسع تستخدمه الطائرات للإقلاع والهبوط,حاملة طائرات
ح,ما المصطلح الذي يُطلق على القول العميق الذي يحتوي على تجربة أو درس يُستفاد منه في الحياة؟,حكمة
ح,من أسماء السيف,حسام
ح,أداة تستخدم لربط الأشياء وحزمها، كانت تُصنع من شعر الحيوانات أو ألياف النباتات قبل ظهور المواد الحديثة,الحبل
ح,ما المصطلح الّذي يعني الشكر الخالص لله؟,الحمد
ح,ما الاسم الثنائي للشاعر الملقب بشاعر النيل؟,حافظ إبراهيم
ح,ما اسم أكبر كائن حي على وجه الأرض؟,الحوت الأزرق
ح,من النباتات البقولية الّتي تستخدم في العديد من الأكلات العربية.,حمص
ح,مايطلق على الشوق العاطفي إلى ماضٍ جميل أو مكان محبوب؟,حنين
ح,ما الاسم الذي يُطلق على النسيج الناعم الّذي يُنتج من دودة القز؟,حرير
ح,مركز في رياضة كرة القدم يسمى نصف الفريق؟,حارس مرمى
ح,ما اسم الأنبوب الذي ينقل البول من الكلى إلى المثانة؟,حالب
ح,ماذا يسمى البرهان أو المنطق الذي يُستخدم لدعم رأي أو إثبات قضية؟,حجة
ح,ما هو المفهوم الذي يعني عدم الانحياز أو الميل في الموقف إلى طرف أكثر من آخر؟,الحياد
ح,ماذا تسمى أشد درجات الندم والحزن على مافات؟,الحسرة
ح,من هو الهداف التاريخيّ لنادي الاتحاد السعودي؟,حمزة إدريس
ح,ما اسم المادة الوراثية التي تحمل الشيفرة الجينية للكائنات الحية؟,الحمض النووي
ح,عملية زراعية هدفها تهيئة التربة للزراعة وإزالة الأعشاب,الحِراثة
ح,ما هو الزاحف المشهور بقدرته الفائقة على تغيير لون جلده للتخفي أو التواصل؟,الحرباء
ح,مادة صلبة طبيعية تُستخرج من الأرض وتُستخدم في البناء والنحت؟,حجر
ح,ما هو اسم الأتباع المخلصين لعيسى ابن مريم عليه السلام وعددهم 12 شخصًا؟,الحواريين
ح,مايطلق على الحوادث أو النتائج التي تحدث للإنسان دون تخطيط أو توقع وقد تكون جيدة أو سيئة؟,حظ
ح,ماذا يسمى الضيق والمشقة التي لا تُحتمل عادة، ويرخص الشرع لها حال وجودها؟,الحرج
ح,ماذا تسمى النباتات التي تنمو تلقائياً في غير موضعها المرغوب؟,الحشائش
ح,صحابي جليل لُقب بشاعر الأنصار وسمي بشاعر الرسول صلى الله عليه وسلم؟,حسان بن ثابت (رضي الله عنه)
ح,أكمل المثل: القول ما قالت...,حَذام
ح,نوع من الحيوانات الزاحفة تتلون في الشمس ألوان مختلفة ويضرب بها المثل في التقلب,الحرباء
ح,ما يطلق على تبادل الكلام بين شخصين أو أكثر بهدف التفاهم أو تبادل الآراء؟,حوار
ح,ما هو اسم أم أشعب أمير الطفيليين، كانت مولاة لأسماء بنت أبو بكر رضي الله عنها؟,حميدة
ح,ما هو المصطلح الّذي يطلق على المدة الزمنية الطويلة من الدهر غير محددة بدقة، قد تعني سنة أو عقوداً عديدة؟,حقبة
ح,ماذا يسمى الأنبوب الطويل الّذي يتكون من أعصاب تمتدُّ من الدماغ نزولاً إلى الظهر؟,الحبل الشوكي
ح,"من هو عم النبي محمد صلى الله عليه وسلم ولُقب بـ""أسد الله وسيد الشهداء""؟",حمزة بن عبدالمطلب
ح,ماذا تسمى الفترة الطويلة في التاريخ ولا تحدد مدتها بسنة أو يوم؟,حقبة
ح,ما هي السورة الكريمة التي تحتوي على سجدتين؟,سورة الحج
ح,أحد أشهر أسواق دمشق القديمة,الحميدية
ح,ما هو اسم أكبر أولاد عبدالمطلب ابن هاشم وكان يكنى به؟,الحارث
ح,ما هي الخاصية التي تمكن الكائنات الحية من إدراك العالم الخارجي، مثل البصر والسمع واللمس؟,الحاسة
ح,الإنسان الذي يمتلك عقلاً راجحاً، وبصيرة ثاقبة، وقدرة على التفكير بأسلوب منطقي ومستقيم,حَصيف
ح,اسم يطلق على مكة والمدينة المنورة ويشير إلى مكانتهما العظيمة في الإسلام,الحرمان الشريفان
ح,هو كل حائل وساتر بين شيئين,الحاجز
ح,ما هي الخطوط التي تفصل بين منطقتين جغرافيتين أو سياسيتين متجاورتين؟,حدود
ح,هيئة أمنية مهمتها حماية مياه الخليج والشواطئ في الدولة,حرس الحدود
ح,ما يطلق على النزاع المسلح بين دولتين أو أكثر غالبًا لتحقيق أهداف سياسية أو اقتصادية؟,حرب
ح,ماذا يطلق على التقدم الثقافي والعلمي والفني الذي تُحققه أمة أو مجتمع عبر الزمن؟,حضارة
ح,ماذا تسمى الزاوية الأصغر من 90 درجة؟,حادة
ح,ما الاسم الذي يُطلق على اتفاق بين أطراف متعددة لتحقيق هدف مشترك سياسي أو عسكري أو اقتصادي؟,حلف
ح,"صحابي جليل قال عنه النبي ﷺ: ""إِنَّ ابنِي هذا سَيِّدٌ ، يُصْلِحُ اللهُ بهِ بين فِئَتَيْنِ من المسلمينَ""",الحسن بن علي (رضي الله عنهما)
ح,صحابي جليل غسلته الملائكة يوم وفاته في معركة أحد، فعُرف بلقب غسيل الملائكة,حنظلة بن أبي عامر
ح,ما هو الحيوان الّذي ينقل بيته فوق ظهره؟,الحلزون
ح,اسم يطلق على قطعة من الأرض تُستخدم للزراعة أو الرعي؟,حقل
ح,ما اسم الحالة التي تنتج عن ارتفاع درجة حرارة الجسم عن المعدل الطبيعي؟,حمى
ح,أطلق الله تعالى على نبيه يونس عليه السلام اسم ذو النون، فماذا تعني كلمة النون؟,الحوت
ح,صحابي جليل صاحب سر رسول الله ﷺ حيث أطلعه النبي على أسماء المنافقين,حذيفة بن اليمان (رضي الله عنه)
خ,ما الأداة التي تُستخدم لوضع علامة رسمية على مستندات لإثبات صحتها أو اعتمادها؟,ختم
خ,الإصبع الخامس والأصغر في اليد يُلبس فيه خاتم الزواج في بعض الثقافات,الخنصر
خ,ما الاسم الذي يُطلق على جزء من البحر يدخل في اليابسة ويكون محاطًا بها من ثلاث جهات؟,خليج
خ,ما الشعور الذي ينتج عن الإحساس بالخطر أو التهديد، سواء كان حقيقياً أو متخيلاً؟,خوف
خ,ماذا يسمى طلب الرجل يد المرأة للزواج، وتعتبر وعداً بالنكاح ومقدمة له؟,خطبة
خ,اسم يطلق على السحاب التي ليس فيها رعد ولا برق,خرساء
خ,حالة من التعب الشديد والإرهاق وفقدان للطاقة والنشاط,خمول
خ,صفة تطلق على ما قل وزنه فسهل حمله، ويُستخدم مجازاً للدلالة على السرعة والرشاقة,خفيف
خ,ما هي أصغر وحدة بنائية في الكائن الحي، المسؤولة عن الحياة وأداء الوظائف الحيوية؟,الخلية
خ,ما النوع الأدبي الذي يتناول مواضيع مثل السفر عبر الزمن أو الكائنات الفضائية ويعتمد على عناصر علمية؟,خيال علمي
خ,هو انتهاك للأمانة والثقة أو خرق لعهد متفق عليه,خيانة
خ,ما الاسم الذي يُطلق على مجموعة من الإجراءات المرتبة تهدف إلى تحقيق هدف معين؟,خطة
خ,من هو العالم المسلم الذي أسس علم الجبر وأسهم في تطوير علم الرياضيات والفلك؟,الخوارزمي
خ,هو ما تغطي به المرأة رأسها وعنقها,خِمار
خ,نوع من الغزل المبروم الرفيع المصنوع من شعيرات الصوف أو القطن يستعمل في الحياكة والتطريز,الخيط
خ,ما اسم الوحدة الأساسية للبناء في الكائنات الحية؟,خلية
خ,ماذا يطلق على المادة في حالتها الطبيعية قبل معالجتها أو تعديلها؟,خام
خ,ما الاسم الذي يُطلق على الانسداد المفاجئ في أحد الأوعية الدموية نتيجة تجمع الدم وتجلطه؟,خثرة دموية
خ,ماذا تسمى المشية المتكبرة التي حرمها الله ورسوله؟,الخيلاء
خ,ما الاسم الذي يُطلق على مجموعة من الخطوات المنطقية التي تُستخدم لحل مشكلة أو تنفيذ مهمة معينة في البرمجة؟,خوارزمية
خ,ماذا تسمى نهاية الشيء، وتستخدم للإشارة إلى الفقرة الأخيرة في الكتاب التي تلخص الأفكار؟,الخاتمة
خ,ما هو الشيء الذي يحوي مدنًا بلا بيوت وغابات بلا أشجار، وبحارًا بلا ماء؟,الخريطة
خ,ما هو النص الموجز الذي يقدم أهم النقاط أو النتائج من عمل أطول (كبحث أو كتاب أو نقاش)؟,خلاصة
خ,ما المصطلح الذي يُطلق في علوم الحاسوب والرياضيات على مجموعة من الخطوات المرتبة والمنطقية تُستخدم لحل مشكلة أو تنفيذ مهمة محددة؟,خوارزمية
خ,يقول المثل: الكحل في العين الرمدة ....,خسارة
خ,يقول الحكماء: من حاسب نفسه ربح، ومن غفل عنها ...,خسر
خ,ما الاسم الذي يُطلق على التمثيل المصور للمواقع جغرافية؟,خريطة
خ,رداء على الرأس يضعه الإنسان للحماية من المخاطر,خوذة
خ,ما هو العضو الذي تتنفس به الأسماك تحت الماء؟,الخياشيم
خ,ماذا يطلق على ماينقل ويحدّث به قولًا أو كتابة؟,خبر
خ,ما أول وزارة أمر الملك عبدالعزيز طيب الله ثراه بتأسيسها في عام 1349 للهجرة؟,وزارة الخارجية
خ,نبات عشبي تستخدم بذوره كتوابل ذات نكهة لاذعة وقوية,خردل
خ,ما هو الطائر الذي يعتمد على تحديد الموقع بالصدى للتنقل والصيد ليلاً؟,الخفاش
خ,ما الاسم الذي يُطلق على المعرفة أو المهارة التي يكتسبها الشخص من خلال التجربة؟,خبرة
خ,كلمة بمعنى خوف مقرون بالتعظيم والمحبة أو بمعنى الخوف العظيم,خشية
خ,ما المصطلح الذي يُستخدم لوصف القدرة على الحركة السريعة دون بذل جهد كبير؟,خفة
خ,كلمة تشير إلى عيب أو عطب تسبب في انعدام آداء المهمة بشكل صحيح,خلل
خ,صحابي جليل كان من أوائل من أظهر إسلامه، وتعرض لعذاب شديد ومستمر من المشركين في مكة,خباب بن الأرت (رضي الله عنه)
خ,ما الاسم الذي يُطلق على الوحدات الأساسية المكونة لأجسام الكائنات الحية؟,خلايا
خ,إنهاء عقد الزواج بطلب من الزوجة مقابل عوض مالي تدفعه للزوج,خُلع
خ,ما المصطلح الذي يُطلق على تصورات الإنسان غير المرتبطة بالواقع والتي تنبع من الإبداع أو الرغبة؟,خيال
خ,ما النوع من الإبداع الكتابي الذي يُظهر صورًا غير واقعية بهدف التعبير الفني أو الرمزي؟,خيال أدبي
خ,ما اللقب الذي يُطلق على من تولى الحكم بعد وفاة النبي محمد صلى الله عليه وسلم لقيادة المسلمين؟,خليفة
خ,ما هي المادة الإنشائية المركبة التي تتكون أساساً من الإسمنت والركام والماء؟,خرسانة
خ,ما هو الطعام الذي يشار إليه بغذاء الغني والفقير؟,الخبز
خ,ماذا يطلق على الناقة التي فقدت حوارها؟,الخلوج
خ,ماللقب الّذي يطلق على الشخص الماهر بالطرق والذي يعرف المسالك جيدا في الصحراء؟,خرّيت
خ,مدينة تلقب بعروس النيلين كونها تقع عند ملتقى النيل الأزرق بالنيل الأبيض,الخرطوم
خ,ماذا يطلق على صندوق الدولة والّتي تتولى عملية تمويل كل نفقات الدولة؟,خزينة الدولة
خ,ما المصطلح الذي يُستخدم لوصف الشخص الذي يتمتع بروح مرحة؟,خفيف دم
خ,احمرار الوجه استحياءً ويصحبه توتر في المواقف الاجتماعية,الخجل
خ,ماذا يسمى صوت البقر؟,خوار
خ,محافظة كانت قديمًا مركز تجاري تقليدي في منطقة عسير وتقع على هضبة مرتفعة,خميس مشيط
د,متلازمة يحدث فيها غثيان ودوخة وتعب شديد وأعراض أخرى أثناء السفر بحرًا,دوار البحر
د,ما هي عاصمة أيرلندا؟,دبلن
د,من هو الصحابي الذي كان جبريل عليه السلام يتشكل أحيانًا في صورته أمام النبي محمد ﷺ؟,دحية الكلبي
د,ماذا يطلق على الصوت الشديد والّذي ينتج عن انفجار أو رعد أو نحوه؟,دوي
د,ما هو المصطلح العلمي الذي يعني دراسة السكان وإحصائياتهم؟,ديموغرافيا
د,ما الاسم الذي يُطلق على عملية حركة الدم داخل الجسم عبر القلب والأوعية الدموية؟,دورة دموية
د,لأي دولة تتبع جزيرة جرينلاند؟,الدنمارك
د,ما اسم أطول آية في القرآن الكريم والتي ترسي قواعد المعاملات المالية؟,آية الدين
د,ما الصفة التي تُطلق على من يؤدي عمله أو مواعيده بأعلى مستوى من الانضباط والالتزام؟,دقيق
د,ما المصطلح الذي يُشير إلى المعنى الذي تحمله الكلمة أو العبارة في سياق معين؟,دلالة
د,ما المصطلح الذي يُطلق على نشر الإسلام وتعريف الناس به؟,دعوة
د,ما اسم المركز العلمي الذي أسسه العباسيون في بغداد وكان منارة للترجمة والبحث العلمي؟,دار الحكمة
د,ما الاسم الذي يُطلق على نظام منافسة رياضية يتم فيه ترتيب الفرق حسب عدد النقاط المكتسبة خلال الموسم؟,دوري
د,"مالاسم الحقيقي للمثل والمصارع ""ذا روك""؟",دواين جونسون
د,ما اسم الجهاز العصبي المركزي الذي يقع داخل الرأس؟,دماغ
د,دولة تملك أقدم علم في العالم ولا يزال مستخدماً منذ عام 1219م؟,الدنمارك
د,أكمل المثل الشعبي: كل عود فيه ...,دخان
د,ما المصطلح الذي يُطلق على الفطنة والتبصر بالامور وجودة الرأي؟,دهاء
د,نوع من الأقمشة الحريرية الفاخرة والقوية يتميز بنعومته وألوانه المتعددة,ديباج
د,ما الاسم الذي يُطلق على نظام الحكم الذي يقوم على مشاركة الشعب في اتخاذ القرار؟,ديموقراطية
د,ما الاسم الذي يُطلق على القصيدة التي تنتهي أبياتها بحرف الدال؟,دالية
د,اسم يطلق على الممرات الضيقة الممتدة؟,دهاليز
د,ما الوصف الذي يُطلق على الشيء الذي لا ينقطع أو لا يتغير مع الزمن؟,دائم
د,من مرادفات كلمة (مرض),داء
د,نبات شائع يُستخرج من بذوره زيت لقلي الطعام؟,دوار الشمس
د,وصف يطلق على الدليل البات والجازم,دامغ
د,ماذا تسمى عملية تحويل جلد الحيوان بعد سلخه إلى منتج مفيد؟,الدباغة
د,ماذا تسمى الساق المتحورة تحت الأرض والّتي تحمل البراعم التي تنمو لتعطي نباتات جديدة؟,الدرنة
د,ما الاسم الذي يُطلق على المنطقة المنبسطة التي تتكوّن عند مصب النهر وتشبه شكل المثلث غالباً؟,دلتا
د,ما هي عاصمة جمهورية بنغلاديش الشعبية؟,دكا
د,جهاز أمني يتولى حماية السكان والممتلكات العامة من أخطار الحرائق والكوارث والحوادث المختلفة,الدفاع المدني
د,ما المصطلح الذي يُستخدم لوصف الأعمال الأدبية أو المسرحية التي تتناول الصراعات والمشاعر الإنسانية؟,دراما
د,أين تقع قلعة مارد؟,دومة الجندل
د,ما اسم السائل الذي يتدفق في الأوعية الدموية وينقل الأكسجين والمواد الغذائية؟,دم
د,هي أقدم عاصمة في التاريخ ولا تزال مأهولة بالسكان حتى اليوم,دمشق
د,ما اسم الظاهرة التي يتغيّر فيها تردد الصوت بسبب حركة المصدر أو المستقبِل؟,دوبلر
د,ما هي عاصمة الدولة السعودية الأولى؟,الدرعية
د,ما الاسم الذي يُطلق على مجموعة من القصائد الشعرية التي تُجمع في كتاب؟,ديوان
د,صحابي جليل، كان شديد الوسامة، وكان جبريل عليه السلام يأتي على صورته أحياناً,دحية بن خليفة الكلبي (رضي الله عنه)
د,ماذا يسمى صغير الدب؟,ديسم
د,نبي الله تعالى كان حسن الصوت وكانت الجبال والطيور تسبح بتسبيحه وهو والد نبي الله سليمان عليه السلام,داوود
د,ما هي الغدة التي تُفرز هرمونات تنظم عملية الأيض في الجسم؟,الدرقية
د,صحابي حسن الوجه، وكان جبريل عليه السلام يأتي على صورته,دحية الكلبي
د,ما هو الشكل الهندسي الذي تتساوى جميع نقاطه في البعد عن مركزه؟,دائرة
د,ما الاسم الذي يُطلق على الخطوط الوهمية التي تُرسم أفقياً على خريطة الأرض لتحديد المواقع الجغرافية؟,دوائر العرض
د,الابتهال والتضرع إلى الله والرغبة فيما عند الله من خير,الدعاء
د,ما المصطلح الذي يُستخدم لوصف تقديم المساعدة أو المساندة لجهة أو شخص ما لتحقيق هدف معين؟,دعم
د,كل مايمشي على الأرض من حيوان أو حشرة أو إنسان، ويشاع اطلاقها على ما يُركب من الحيوان,دابة
د,وعاء تقليدي عريق، ارتبط بتقديم القهوة العربية في المجالس والمناسبات، ويُعد رمزاً للكرم وحسن الضيافة في الثقافة العربية,الدلة
د,ما الاسم الذي يُطلق على فرع الفيزياء الذي يدرس تأثير القوى على حركة الأجسام؟,ديناميكا
د,ما الاسم الذي يُطلق على فن إدارة العلاقات الدولية والتفاوض بين الدول؟,دبلوماسية
د,ما الاسم الذي يُطلق على محل صغير يُباع فيه الطعام أو البضائع اليومية؟,دكان
د,مسمى قديم يطلق على الحارس والرقيب,الديدبان
د,لباس من الحديد يُلبس للوقاية من سلاح العدو,درع
ذ,ما اسم أصغر وحدة من المادة تحتفظ بخصائص العنصر الكيميائي؟,ذرة
ذ,ماذا يقال عن الدابة المروضة المطيعة سهلة الإنقياد والركوب والعمل,ذلول
ذ,ما هي الحالة النفسية التي تنتج عن الصدمة والمفاجأة الشديدة؟,ذهول
ذ,مجموعة السلوكيات والآداب والقيم التي يتعين على الأفراد الالتزام بها في الأماكن العامة,الذوق العام
ذ,عبادة تقوم على تسبيح الله وتحميده وترديد أسمائه,الذِكر
ذ,أصغر جزء في المادة يتكون من نواة تدور حولها إلكترونات,ذرة
ذ,ما هي صفة السماء التي ذكرها الله سبحانه وتعالى في القرآن الكريم عندما أقسم بها؟,ذات البروج
ذ,كلمة بمعنى انتشر وشاع الخبر,ذاع
ذ,القدرة على فهم الآخرين وقراءة إشاراتهم اللفظية وغير اللفظية والتعامل معهم حسب اختلافاتهم,الذكاء الاجتماعي
ذ,ماذا يسمى العدد من الإبل من ثلاثة إلى عشرة؟,ذود
ذ,ما هو اسم سيف الصحابي عمر بن الخطاب رضي الله عنه؟,ذو الوشاح
ذ,ما المصطلح الذي يُستخدم للتعبير عن حسن الاختيار أو التقدير الجمالي؟,ذوق
ذ,ما الاسم الذي يُطلق على الحالة التي تفقد فيها النباتات نضارتها نتيجة قلة الماء أو التقدم في العمر؟,ذبول
ذ,حشرة ترى العالم ببطئ شديد وتمتاز بقدرة بصرية مذهلة وتتذوق الطعام بأرجلها,الذباب
ذ,وحدة قياس طولية ذكرت في القرآن الكريم، وهو أيضًا جزء من الجسم,ذراع
ذ,ما اسم المعركة البحرية التي انتصر فيها المسلمون على الروم في عهد عثمان بن عفان؟,ذات الصواري
ذ,ما هو فرع علوم الحاسوب الذي يهتم بمحاكاة السلوك الذكي للإنسان؟,الذكاء الاصطناعي
ذ,ما المصطلح الذي يُستخدم للدلالة على أعلى نقطة في الشيء أو أعلى مرحلة في حدثٍ ما؟,ذروة
ذ,أحد أسماء القرآن الكريم وُرد ذكره في سورة آل عمران,الذكر الحكيم
ذ,ما هو المصطلح الإسلامي الذي يُطلق على غير المسلمين الذين يعيشون في كنف الدولة الإسلامية؟,ذمّي
ذ,ماذا تسمى عملية الذبح بالطريقة الشرعية؟,ذكاة
ذ,ما هي أول معركة بحرية كبرى في التاريخ الإسلامي ضد الإمبراطورية البيزنطية، وانتهت بانتصار ساحق للمسلمين؟,ذات الصواري
ذ,ما هو النظام السياسي الذي يمنح منطقة معينة استقلالية إدارية ضمن الدولة؟,ذاتية الحكم
ذ,مالكلمة الّتي تصف سيلان دموع العين، وتستخدم كثيراً في السياق العاطفي والحزن؟,ذرف
ذ,كلمة تطلق على النسل من الأبناء والأحفاد,ذرية
ذ,شخصية ذكرت في القرآن الكريم ضمن الأنبياء والصابرين والأخيار وقد اختلف المفسرون في كونه نبياً مرسلاً أو رجلاً صالحاً,ذو الكفل
ذ,ما المصطلح الذي يُستخدم للدلالة على النقد السلبي أو الكلام الذي يعبّر عن عدم الرضا؟,ذم
ذ,مناسبة سنوية لإحياء حدث أو تاريخ مهم؟,ذكرى
ذ,ماذا يسمى الحيوان الذي تم تذكيته بالطريقة الشرعية؟,ذبيحة
ذ,ما الاسم الذي يُطلق على المواد التي تُستخدم في الأسلحة النارية مثل الطلقات والقذائف؟,ذخيرة
ذ,من هو الملك العادل الّذي بنى سدًّا من الحديد والنحاس بين جبلين لرد فساد يأجوج ومأجوج؟,ذو القرنين
ذ,ماذا يسمى من لديه فصاحة اللسان وبلاغة الكلام؟,ذلق اللسان
ذ,ما اسم المعركة الشهيرة التي انتصر فيها العرب على الفرس قبل الإسلام؟,ذي قار
ذ,ما المصطلح الذي يُستخدم للدلالة على المسألة التي ظاهرها الإباحة ويتوصل بها إلى فعل المحظور؟,ذرائع
ذ,ماذا تسمى حالة انحلال المادة داخل السائل، وتأتي بمعنى سيلان المادة بعد جمودها؟,ذوبان
ذ,ما الجزء الذي يوجد في جسم بعض الحيوانات ويستخدم للتوازن أو الدفاع؟,ذيل
ذ,حالة من الخوف الشديد أو الرعب المفاجئ,ذُعر
ذ,حيوان مفترس يعيش في البرية ويشتهر بالعيش في جماعات ويضرب به المثل بالشجاعة,ذئب
ذ,ما هو الاضطراب النفسي الذي يتميز بفقدان الاتصال بالواقع؟,الذهان
ذ,أشهر ألقاب نبي الله إسماعيل عليه السلام,ذبيح الله
ذ,ما هو المصطلح الذي يُستخدم للإشارة إلى سبب غير حقيقي يُتخذ مبرراً للقيام بعمل ما؟,ذريعة
ذ,ما هي الحالة النفسية من الخضوع والانكسار التي تنتج عن الهزيمة؟,ذلة
ذ,ما هو المصطلح المحاسبي للمبالغ المستحقة للشركة لدى الغير؟,ذمم مدينة
ذ,ما اسم الغزوة التي شهدت أول صلاة خوف في الإسلام؟,ذات الرقاع
ذ,وصف للشيء أو الشخص القبيح المكروه,ذميم
ذ,ما اسم القدرة العقلية التي تمكّن الإنسان من تخزين المعلومات واسترجاعها؟,ذاكرة
ذ,ما يطلق على الانكسار والخضوع والهوان؟,الذل
ذ,ما هو لقب سيدنا يونس عليه السلام؟,ذو النون
ذ,ما اسم السيف الّذي أهداه النبي صلى الله عليه وسلم لعلي بن أبي طالب رضي الله عنه؟,ذو الفقار
ذ,ما هو المصطلح الاقتصادي الذي يُطلق على النفط لأهميته الاقتصادية؟,الذهب الأسود
ذ,ما هو ميقات أهل العراق ومن جاء عن طريقهم؟,ذات عرق
ذ,مصطلح علمي يطلق على الاهتزاز المتكرر ذهابًا وإيابًا حول نقطة توازن,ذبذبة
ذ,حالة من الشرود والحيرة والاضطراب الذهني المؤقت ناتجة عن صدمة تؤدي إلى عدم القدرة على التركيز,ذهول
ر,ما الكلمة التي تُستخدم للدلالة على الزاوية أو الجزء الثابت من البناء أو الشيء؟,ركن
ر,ما الاسم الذي يُطلق على قطعة الخبز المستديرة أو المستطيلة؟,رغيف
ر,ما هو النظام الاقتصادي القائم على الملكية الخاصة لوسائل الإنتاج والتنافس الحر؟,الرأسمالية
ر,مصطلح يُطلق على الأوراق أو الملابس المجموعة والمتماسكة,رُزم
ر,ما اسم خازن الجنة؟,رضوان
ر,ماذا تسمى خدمة الحجاج وإطعامهم؟,الرفادة
ر,نوع من أنواع السحب التي تتميز بوجودها عند ارتفاعات منخفضة على شكل عنقودي متراكم,ركام
ر,الاسم الذي أطلق على عام المجاعة الذي مر على المسلمين في العام 18 من الهجرة والتي استمرت 9 أشهر,الرمادة
ر,ما اسم الشخصية الأسطورية الإنجليزية التي اشتهرت بسرقة الأغنياء لإعانة الفقراء؟,روبن هود
ر,كلمة تعني سعة العيش والرفاهية وحسن الحال,رخاء
ر,ماذا يسمى المال المدفون في الأرض من الجاهلية الذي يجب فيه الخُمس؟,الركاز
ر,ما هو الحكم الشرعي الاستثنائي الذي يخفف عن المكلف في حالات العذر؟,الرخصة
ر,ما اسم العاصمة الأوروبية التي كانت مركز الإمبراطورية الرومانية القديمة؟,روما
ر,مصطلح باللغة ويعني الأساس أو الدعامة أو العمود الذي يستند عليه الشيء,ركيزة
ر,آلة لنقل الأحمال الثقيلة بأمان في مواقع البناء والمصانع والموانئ,الرافعة
ر,في أي مدينة يقع المقر الرئيسي للأمانة العامة لمجلس التعاون لدول الخليج العربية؟,الرياض
ر,سيلان أو نزيف الدم من الأنف,رعاف
ر,ماذا تسمى آخر الأنفاس واللحظات الأخيرة قبل الوفاة؟,رمق
ر,من هو اللّاعب الّذي لعب للهلال والاتحاد وسجّل هدفًا ضدهما؟,ريفاس
ر,صحابية جليلة من بني النجار، من المبايعات، كانت تغزو مع النبي ﷺ وتسقي الماء وتداوي الجرحى,الربيع بنت معوذ (رضي الله عنها)
ر,من هو القائد الفارسي الذي واجه المسلمين في معركة القادسية وهُزم وقُتل فيها؟,رستم
ر,ما هو الطائر الأسطوري هائل الحجم وقد ورد ذكره في رحلات السندباد البحري في كتاب ألف ليلة وليلة,الرخ
ر,ما هي أكبر دولة في العالم من حيث المساحة؟,روسيا
ر,صحابية جليلة تُعد أول ممرضة وطبيبة في الإسلام، اشتهرت بمهارتها في الطب وأنشأت أول مستشفى ميداني,رفيدة الأسلمية (رضي الله عنها)
ر,العضو الرئيسي في الجسم المسؤول عن إدخال الأكسجين إلى الدم والتخلص من ثاني أكسيد الكربون,الرئة
ر,ماذا تسمى السنة الّتي حدثت فيها مجاعة شديدة في زمن خلافة عمر بن الخطاب رضي الله عنه؟,الرمادة
ر,ما هو الحيوان الثديي المعروف بقناعه السوداء حول عينيه وبراعته في استخدام يديه؟,الراكون
ر,ما يُطلق على الطفل خلال أول سنة من عمره؟,رضيع
ر,ما هي الهيئة المسؤولة عن تنظيم منافسات الدوري السعودي؟,رابطة الدوري السعودي للمحترفين
ر,المنزلة التي تحدد مسؤوليات وصلاحيات الفرد في سياق تنظيمي أو اجتماعي,رُتبة
ر,ما الاسم الذي يُطلق على التمر في مرحلته المبكرة قبل أن يجف؟,رطب
ر,ما المادة المعدنية الثقيلة التي تُستخدم غالباً في صناعة الطلقات النارية؟,رصاص
ر,طائر خرافي بالغ القصصيون القدماء في وصفه وقيل أنه طائر كبير الحجم وقوته عظيمة جدًا وبيضته بحجم القبة,الرَخ
ر,ما هو المصطلح الذي يطلق على التصور المستقبلي والتطلعات طويلة المدى للمؤسسات والدول؟,رؤية
ر,من هي ابنة النبي صلى الله عليه وسلم التي تزوجها عثمان بن عفان وتوفيت يوم معركة بدر؟,رقية
ر,ما الجهاز الذي يُستخدم لكشف وتحديد مواقع الأجسام باستخدام الموجات اللاسلكية؟,رادار
ر,ماذا يسمى الصمام الذي يسمح بمرور الماء في اتجاه واحد فقط ويمنع رجوعه؟,الرداد
ر,شراب طهور ورد ذكره في القرآن الكريم وصفاً لما يسقاه الأبرار في الجنة,رحيق
ر,ما الظاهرة الطبيعية التي ترافق العواصف؟,رعد
ر,السورة القرآنية التي تكررت فيها آية معينة عدد 31 مرة لتأكيد نعم الله الكثيرة على الإنس والجن,الرحمن
ر,ما هو الانخفاض في النشاط الاقتصادي الذي يستمر لمدة طويلة؟,ركود
ر,ما هي عاصمة آيسلندا؟,ريكيافيك
ر,ما المصطلح الذي يدل على كمية بخار الماء الموجودة في الهواء؟,رطوبة
ر,ما النوع الأدبي الذي يسرد قصة طويلة تحتوي على شخصيات وأحداث متشابكة؟,رواية
ر,ما الكلمة التي تُوصف بها المادة أو الشيء الخفيف النحيف أو الإنسان اللطيف الطباع؟,رقيق
ر,ما هو المال أو المنفعة التي تُقدم للحصول على مصلحة غير مشروعة؟,رشوة
ر,من أسماء التمر ومذكور في القرآن الكريم؟,الرطب
ر,ما هو الحيوان الذي يقع قلبه في راسه؟,الروبيان
ر,من أي نادي قطري انتقل اللاعب المغربي عبدالرزاق حمدالله إلى النصر السعودي؟,الريان
ر,ما هو المصطلح الإسلامي الّذي يشير إلى فعل الشخص للعبادة من أجل أن يراه الناس؟,الرياء
ر,ماذا تسمى الأنهار الفرعية التي تصب في نهر رئيسي وتزيده بالمياه؟,روافد
ر,ماذا يسمى قطيع الخيول؟,رعيل
ز,لعبة في حدائق الأطفال تتكون من منحدر أملس للإنزلاق عليه,زحليقة
ز,وعاء فخاري كبير الحجم يستخدم قديمًا لتخزين المياه وتبريدها,زير
ز,اسم يطلق على الدوامة والإعصار,زوبعة
ز,ما اسم المرض العصبي الذي يُسبب تدهورًا تدريجيًا في الذاكرة والوظائف العقلية؟,زهايمر
ز,نبات يعتبر أغلى التوابل في العالم ويتميز بصبغة صفراء ورائحة عطرية نفاذة ويضيف نكهة للطعام,زعفران
ز,من هو الصحابي الذي تبناه الرسول صلى الله عليه وسلم قبل تحريم التبني وقاد جيش مؤتة؟,زيد بن حارثة
ز,ما هو الكتاب السماوي الذي أنزل على نبي الله داوود عليه السلام؟,الزبور
ز,ما يسمى العدد الذي يقبل القسمة على 2 بدون كسور؟,زوجي
ز,ما هو المصطلح الذي يعني الابتعاد عن متع الدنيا طلباً للآخرة؟,الزهد
ز,ما هو المفهوم الذي شغل الفلاسفة منذ القدم، ويُناقش كظاهرة نفسية وميتافيزيقية مرتبطة بالتغير والحركة؟,زمن
ز,ما هو الكوكب الوحيد في المجموعة الشمسية الذي يومه أطول من سنته؟,الزهرة
ز,من هو حواري الرسول صلى الله عليه وسلم وابن عمته وأحد العشرة المبشرين بالجنة؟,الزبير بن العوام (رضي الله عنه)
ز,في عالم الألعاب يعتبر خصما قويا يتطلب هزيمته استراتيجية ومهارة عالية وغالبًا يأتي في نهاية المرحلة,زعيم
ز,ما اسم الحجر الكريم الأخضر الذي يُعد من أثمن الأحجار الكريمة؟,زمرد / زبرجد / زركون
ز,ما الظاهرة الطبيعية التي تنتج عن حركة الصفائح الأرضية وتُسبب اهتزاز سطح الأرض؟,زلزال
ز,ما اسم الجزيرة التابعة لتنزانيا التي كانت مركزًا هامًا لتجارة التوابل؟,زنجبار
ز,ما اسم امرأة عزيز مصر التي راودت يوسف عليه السلام عن نفسه؟,زليخة
ز,قارب صغير أو مركبة مائية خفيفة تُستخدم للتنقل,زورق
ز,ما الاسم الذي يُطلق على نقطة التقاء خطين مستقيمين في الهندسة؟,زاوية
ز,ما اسم نوع الشعر الشعبي المُغنّى والذي يتميز بالارتجال وغالبًا ما يُستخدم في المهرجانات؟,زجل
ز,دولة أفريقية غير ساحلية كانت تُعرف سابقاً باسم روديسيا الشمالية,زامبيا
ز,ما هو المعدن الوحيد الذي يوجد في حالة سائلة عند درجة حرارة الغرفة القياسية، ويتميز بلونه الفضي؟,الزئبق
ز,ماذا يسمى تحرك الجيوش نحو العدو؟,زحف
ز,ما العنصر الكيميائي الذي يُستخدم في صناعة البطاريات وطلاء المعادن لحمايتها من الصدأ؟,زنك
ز,عملية جراحية متقدمة لاستنبات أعضاء بشرية عن طريق استبدال العضو التالف بآخر سليم,زراعة الأعضاء
ز,من هي المهندسة المعمارية العراقية الشهيرة التي صممت مباني عصرية مميزة حول العالم وفازت بجائزة بريتزكر؟,زها حديد
ز,ما المادة الشفافة التي تُصنع عادة من الرمل وتُستخدم في النوافذ والعدسات؟,زجاج
ز,صحابي جليل، كاتب الوحي، وجامع القرآن في عهد أبي بكر، وهو الذي تولى كتابة المصحف في عهد عثمان,زيد بن ثابت (رضي الله عنه)
ز,ما هو المصطلح الذي يطلق على إظهار الإسلام وإخفاء الكفر؟,زندقة
ز,أطول حيوان بري ثديي في العالم ويعيش في مناطق السافانا والغابات المفتوحة بأفريقيا,الزرافة
ز,رغوة بيضاء تتكون على سطح مياه البحر والشواطئ نتيجة اختلاط مياه البحر بالأملاح,زَبد البحر
ز,رجل في الجاهلية كان حنيفًا على ملة إبراهيم، وقال عنه النبي صلى الله عليه وسلم: إنه يُبعث يوم القيامة أمةً وحده,زيد بن عمرو بن نفيل
ز,أحد أهم المحاصيل في فلسطين وتشتهر بكونها شجرة مباركة وتعتبر أحد رموزها,زيتون
ز,مادة دهنية تستخرج من الحليب وتُتنج عن طريق خض اللبن المتخمر,زبدة
ز,ما هو البعد الرابع في النظرية النسبية لأينشتاين؟,الزمن
ز,ما هو المصطلح العربي الذي يطلق على البرد الشديد؟,زمهرير
ز,ما هي المعركة التي انتصر فيها المرابطون في الأندلس بقيادة يوسف بن تاشفين على ألفونسو السادس؟,الزلاقة
ز,مصطلح بمعنى الميل والإنحراف عن الحق,زيغ
ز,كلمة تعني المنع أو النهي بشدة، ويُستخدم أيضًا بمعنى التوبيخ أو الصياح للردع,زجر
ز,احتفال يعتبر عرف اجتماعي لتوثيق الاقتران بين الزوجين، وتتعدد مظاهره وتفاصيله حسب العادات والتقاليد,زفاف
ز,ما هو العنصر المعدني الوحيد الذي يكون سائلاً في درجة الحرارة العادية؟,زئبق
ز,من هو أول من سل سيفه في سبيل الله؟,الزبير بن العوام (رضي الله عنه)
ز,من هو أول قائد استشهد من القادة الثلاثة في معركة مؤتة؟,زيد بن حارثة (رضي الله عنه)
ز,ما اسم المعركة الّتي انتصر فيه جيوش السلطان يوسف بن تاشفين انتصارًا عظيمًا مما أنقذ الوجود الإسلامي في الأندلس؟,الزلاقة
ز,ما اسم عاصمة دولة كرواتيا الأوروبية؟,زغرب
ز,ما هي الحالة التي تتسم بالكبر والفخر والإعجاب بالنفس؟,زهو
ز,من هي إحدى زوجات النبي محمد ﷺ والتي نزل فيها أمر الله بزواج النبي صلى الله عليه وسلم منها؟,زينب بنت جحش
ز,ما الفن الذي يعتمد على التكرار الهندسي والنباتي للزينة، ويُستخدم بكثرة في العمارة الإسلامية؟,زخرفة
ز,من هو المدرب درب كل من فريقي الهلال والنصر خلال ثلاث سنوات؟,زوران ماميتش
ز,عنب مجفف غني بالطاقة والألياف والمعادن,زبيب
ز,نبات أشتهر قديمًا بعلاج سوء الهضم والغثيان ويتميز بنكهة لاذعة ويشتهر بشربه مع الشاي,زنجبيل
س,ما اسم المدينة التاريخية الواقعة في أوزبكستان والتي كانت مركزاً علمياً وثقافياً في العصور الإسلامية؟,سمرقند
س,ما اسم السحابة الكونية المكونة من غبار وغاز والتي تتشكل منها النجوم؟,سديم
س,وحدة عسكرية يقودها نقيب ولا يتجاوز عددها 100 جندي,السرية
س,ما اسم الجزيرة الّتي تدور بها أحداث لعبة تشابك Tangles (من تطوير أستديو سهم)؟,سيرين
س,ما مصطلح فن إدارة شؤون الدولة والمجتمع؟,سياسة
س,مادة غنية بالمغذيات تضاف إلى التربة لتحسين خصوبتها,سماد
س,من هو الصحابي الّذي اهتز لموته عرش الرحمن؟,سعد بن معاذ (رضي الله عنه)
س,من هو الصحابي الجليل الذي عرف بسرعته الفائقة حتى قيل إنه كان يسبق الخيل عدواً؟,سلمة بن الأكوع
س,ما المنصب الدبلوماسي الأعلى الذي يمثل دولته في دولة أخرى؟,سفير
س,ماذا يُطلق على الخليط الّذي يتكوّن من صهر معدنين أو أكثر معًا؟,سبيكة
س,قارئ خَدم كإمام وخطيب للمسجد الحرام لمدة 32 عامًا، عُرف خلالها بصوته المميز وأسلوبه الفريد في التلاوة,سعود الشريم
س,وحدة قياس للمسافات الشاسعة جدًا وتعادل 9.46 تريليون كيلومتر,سنة ضوئية
س,"من هو العالم النحوي الذي ألّف كتاب ""الكتاب"" ويُعد من مؤسسي علم النحو في اللغة العربية؟",سيبويه
س,من هو الصحابي الجليل الذي أشار بفكرة حفر الخندق يوم الأحزاب؟,سلمان الفارسي (رضي الله عنه)
س,ما هي عاصمة البوسنة والهرسك؟,سراييفو
س,ما المصطلح الذي يُستخدم لوصف أسلوب نقل الأحداث في الروايات أو القصص؟,سرد
س,نص مكتوب ومفصل يصور مشاهد واحداث وحوارات عمل فني أو يصف مساراً متوقعاً لأحداث مستقبلية,سيناريو
س,من هو اللاعب الوحيد الذي فاز بدوري الأبطال مع ثلاثة أندية مختلفة؟,سيدورف
س,مرض تبدأ أعراضه بعطش شديد، كثرة التبول، تعب، وفقدان وزن,السكري
س,ما ذا يسمى النوم العميق حيث لا يشعر فيه الإنسان بما حوله؟,سُبات
س,ما المقدار الفيزيائي الذي يقاس بوحدة متر في الثانية؟,السرعة
س,الظروف المحيطة بحدث معين والتي تحدد معناه الدقيق وتوضح مقصوده,سِياق
س,ما اسم المرض الذي ينتج عن انقسام الخلايا بشكل غير طبيعي وخارج عن السيطرة؟,سرطان
س,صحابي جليل، خطيب قريش، أسلم يوم الفتح وكان فصيحاً,سهيل بن عمرو (رضي الله عنه)
س,ممثل دولته لدى حكومة دولة أخرى وهو أعلى رتبة دبلوماسية معتمدة,السفير
س,ما اسم اللغة التي تُستخدم في عدد من دول شرق إفريقيا وتضم كلمات من أصول عربية؟,اللغة السواحلية
س,ما إسم أقدم حضارة معروفة في بلاد الرافدين؟,السومرية
س,صحابي جليل، عاش طويلاً حتى بعد المائة، وكان آخر من مات من الصحابة بالمدينة,سهل بن سعد (رضي الله عنه)
س,سيد الخزرج في الجاهلية والإسلام، وأحد النقباء الاثني عشر، وحامل راية الأنصار,سعد بن عبادة
س,ما اسم الجزء من النبات الذي يحمل الأوراق والأزهار ويدعمها؟,ساق
س,من أول من رمى سهمًا في سبيل الله؟,سعد بن أبي وقاص
س,ما العنصر الكيميائي الأساسي في صناعة الرقائق الإلكترونية؟,سيليكون
س,ما المبدأ الفلسفي الذي يربط بين السبب والنتيجة؟,سببية
س,ما اسم البيئة الطبيعية المنتشرة في أفريقيا والتي تتميز بأشجار متناثرة وأعشاب طويلة؟,سافانا
س,ما هي عاصمة دولة السويد؟,ستوكهولم
س,ما هو المصطلح الاقتصادي الذي يشير إلى القدرة على توفير الأموال بكلفة معقولة لمواجهة الالتزامات عند تحققها؟,سيولة
س,ما اسم المنفذ الحدودي الذي يربط بين السعودية وقطر؟,سلوى
س,ما مصطلح قدرة المكثف على تخزين الشحنة الكهربائية؟,سعة
س,من هو الصحابي الّذي وعده الرسول بسواري كسرى وقد تحقق له ذلك بعد سقوط كسرى؟,سراقة بن مالك
س,ما المؤلفة الموسيقية الضخمة التي تؤديها الأوركسترا الكاملة؟,سمفونية
س,ما هي الدولة التي تمتلك أكبر عدد من الجزر في العالم؟,السويد
س,صحابية جليلة وهي أول شهيدة بالاسلام، قتلها أبو جهل لثباتها على دينها,سمية بنت خياط (رضي الله عنها)
س,ما نوع التضاريس المنبسطة التي تتميز بارتفاع منخفض وتربة خصبة؟,سهول
س,ما اسم الاتحاد الذي ضم 15 جمهورية وانهار في عام 1991؟,الاتحاد السوفييتي
س,ما هو اللقب الذي كان يُطلق على حاكم الدولة العثمانية؟,سلطان
س,ما هي أعلى قمة جبلية في المملكة العربية السعودية؟,جبل السودة
س,ما هو مصدر التشريع الإسلامي الثاني بعد القرآن الكريم؟,السنة
س,ما هو المصطلح الذي يُستخدم لوصف تصرفات الإنسان وردود أفعاله في مواقف مختلفة؟,السلوك
س,ما اسم المملكة اليمنية القديمة التي حكمتها بلقيس وذُكرت في القرآن الكريم؟,سبأ
س,ماذا يسمى الكلام الي تتوافق نهايات الجمل في الحرف الأخير، مما يجعل الكلام يطرب الأذن ويزيد التركيز,السجع
س,ما اسم العبّارة المصرية الّتي غرقت في البحر الأحمر في عام 2006؟,عبارة السلام
س,نوع من الحرير الرقيق الناعم والفاخر وهو من أرقى وأجمل ثياب أهل الجنة...,السندس
س,مصطلح يطلق على الريح الحارة الجافة,سَموم
س,ما هي عاصمة جمهورية تشيلي؟,سانتياغو
س,نبات يٌستخرج من حبه الصغير زيت السيرج,السمسم
ش,ما المصطلح الجغرافي الذي يصف منطقة التقاء اليابسة بالمسطحات المائية الكبرى كالبحار والمحيطات؟,شاطئ
ش,من هو الرئيس الثالث لجمهورية الجزائر الشقيقة؟,الشاذلي بن جديد
ش,ما اسم نادي كرة القدم السعودي من مدينة الخرج ولعب في الدوري السعودي للمحترفين؟,الشعلة
ش,ما الصفة التي تُطلق على من لا يحب الإنفاق ويحتفظ بماله بشكل مفرط؟,شحيح
ش,ما المبدأ الإسلامي الذي يعني طلب الرأي ممن هو أهل له؟,شورى
ش,ما الاسم الذي يطلق على قطعة صغيرة وحادة تنفصل عن جسم أكبر نتيجة كسر أو انفجار؟,شظية
ش,ما الاسم الذي يُطلق على الجزء الذي يُفصل عن الأصل وله خصائص مشابهة؟,شق
ش,ما هو اسم الخلق النبيل الذي يجمع بين الشجاعة والمروءة والنخوة والكرم؟,الشهامة
ش,ما المصطلح الذي يطلق على مجموعة القوانين والأحكام المستمدة من القرآن والسنة؟,شريعة
ش,ما المصطلح الذي يطلق على الانقسام أو الخلاف العميق داخل مجموعة أو منظمة؟,شقاق
ش,ما هو الوعاء الدموي الذي ينقل الدم من القلب إلى أجزاء الجسم؟,الشريان
ش,ما الظاهرة الضوئية التي تحدث عند احتراق ودخول نيزك صغير إلى الغلاف الجوي للأرض؟,شهاب
ش,هيئة حكومية تتكون من أفراد مدربين، مهمتهم الأساسية حفظ الأمن وفرض النظام وإنفاذ القوانين وحماية المواطنين,الشرطة
ش,ما المصطلح الفيزيائي الذي يعبر عن كمية الكهرباء التي يحملها جسم ما؟,شحنة
ش,علاقة تعاونية بين طرفين أو أكثر لتحقيق هدف مشترك,شراكة
ش,محافظة سعودية تلقب بعروس الربع الخالي,شرورة
ش,وثيقة تثبت وقوع أمر معين أو تؤهل صاحبها في مجال معين,شهادة
ش,ماذا تسمى المصائب والمواقف القاسية التي قد لا يتحملها الإنسان؟,الشدائد
ش,ما الرمز البصري أو العبارة الموجزة التي تمثل هوية أو رسالة منظمة أو حملة أو منتج؟,شعار
ش,ما الاسم الذي يطلق على اليابسة التي يحدها الماء من ثلاث جهات؟,شبه جزيرة
ش,الأفراد التي تدور حولهم الأحداث في الأعمال الأدبية أو السينمائية,الشخصيات
ش,ما اسم التكوينات الصخرية أو المرجانية التي ترتفع من قاع البحر وتقترب من السطح وتشكل خطراً ملاحياً؟,شعب
ش,ماذا يُسمى القماش الكبير الذي يستغل قوة الرياح لدفع السفينة؟,الشراع
ش,مرحلة عمرية تشهد تغيرات جسدية وعقلية وتتميز بالنشاط والقوة واكتمال النضج تلي مرحلة المراهقة,الشباب
ش,ما اسم الطبقة الحساسة للضوء في مؤخرة العين التي تحول الضوء إلى إشارات عصبية؟,شبكية
ش,زوائد قرنية تشبه الخيوط الرفيعة تخرج من الجلد يختلف ملمسه مابين جزء وآخر من أجزاء الجسم,الشعر
ش,ما المادة الدهنية والصلبة والتي تُستخدم تاريخيًا في ختم الرسائل؟,الشمع
ش,غشاء واقٍ من خيوط دقيقة، تنسجه بعض الحيوانات لتحتمي به في طور من أطوار حياتها,شرنقة
ش,كلمة تصف حالة شخص وجهه مصفر من مرض أو تعب,شاحب
ش,ما هو مقياس انتقال الطاقة عند تأثير قوة على جسم وتحريكه مسافة ما ووحدة قياسه الجول؟,شغل
ش,ماذا تسمى المرأه ذات العينين اللتين يمتزج فيهما سواد الحدقة بزرقة او حمرة,شهلاء
ش,وصف للشخص شديد الحب والإعجاب والولع بشيء ما,شغوف
ش,ظاهرة طبيعية تحدث مع التقدم في العمر، يقل فيها إنتاج صبغة الميلانين في بصيلات الشعر، فيتحول لونها إلى الأبيض,الشيب
ش,ما المصطلح الذي يصف اضطرابًا عنيفًا وفوضويًا يقوم به حشد من الناس؟,شغب
ش,ما هو الذنب الأعظم في الإسلام الّذي لا يغفره الله تعالى؟,الشرك الأكبر
ش,ثاني أكثر المشروبات استهلاكاً في العالم بعد الماء ويعود تاريخه إلى ماقبل 5000 سنة,الشاي
ش,كلمة تطلق على المكان الخالي والمتاح,شاغر
ش,ماذا يسمى التقلص اللا إرادي والمفاجئ في العضلة نتيجة الإجهاد؟,شد عضلي
ش,شهر قمري أطلق عليه هذا الاسم لتشعب القبائل فيه للإغارات,شعبان
ش,مدينة إنجليزية تضم أقدم نادي في تاريخ كرة القدم,شيفيلد
ش,ما هو إسم صغير الضفدع؟,شرغوف
ش,نسبة قرابة تجمع شخصين في الأب والأم معاً,شقيق
ش,التوسط للغير لجلب منفعة أو دفع مضرة,الشفاعة
ش,اسم علم مؤنث عربي أصيل، ويعني الرائحة العطرة، الطيبة، والقوية التي تنتشر وتفوح,شذى
ش,ما هو المصطلح الشرعي للارتياب وعدم اليقين في صحة أمر ما؟,شك
ش,ماذا يسمى من يكون حاضرًا ولكن مستغرق بالتفكير ولا ينتبه لما حوله؟,شارد الذهن
ش,ما هو الاسم الأصلي لعبد المطلب جد النبي محمد صلى الله عليه وسلم؟,شيبة
ش,ما المصطلح الفقهي لما ما يلزم من عدمه العدم ولا يلزم من وجوده وجود ولا عدم لذاته؟,شرط
ش,ما اسم الغلاف الواقي الذي تنسجه بعض اليرقات حول نفسها قبل التحول؟,شرنقة
ش,ماذا يسمى الجرح الذي يحدث في الرأس أو الوجه؟,الشج
ش,ما الكلمة التي تصف من حضر واقعة ويمكنه الإدلاء بمعلوماتها أمام القضاء؟,شاهد
ش,اسم شائع يطلق على المطرقة الصغيرة,الشاكوش
ص,هيئة أنشأتها المملكة عام 1394هـ لتقديم قروض ميسرة للمشروعات المجدية والمفيدة,صندوق التنمية الصناعية
ص,ماذا يسمى النصف الأول من بيت الشِعر؟,الصدر
ص,خاصية فيزيائية تعبر عن مقاومة المادة للخدش ويُستخدم لتقديرها مقياس موهس,الصلادة
ص,العملية الكيميائية التي تؤدي إلى تآكل الحديد نتيجة الأكسجين والرطوبة؟,صدأ
ص,مانوع الحديث الذي استوفى أعلى شروط القبول من حيث السند والمتن؟,صحيح
ص,العملية الفيزيائية لتحويل المادة من الحالة الصلبة إلى الحالة السائلة بفعل الحرارة؟,صهر
ص,ما هي المادة اللزجة التي تفرزها بعض الأشجار، وخاصة الصنوبريات؟,صمغ
ص,الاسم الذي يطلق على الألواح الضخمة التي تتكون منها القشرة الأرضية وتتحرك باستمرار؟,صفائح
ص,ما هي المنطقة الّتي تقع في الجزء الجنوبي من مصر على امتداد نهر النيل؟,صعيد
ص,ما الكلمة التي تعني النقاء وخلوّ الشيء من الشوائب؟,صفاء
ص,المنطقة الصحراوية الواسعة شمال شرق شبه الجزيرة العربية، يقع جزء كبير منها في السعودية؟,الصمان
ص,المصطلح الذي يصف الحركة السياسية التي دعت إلى إقامة دولة قومية لليهود في فلسطين؟,صهيونية
ص,ما هو المكيال الذي ورد ذكره في قصة يوسف عليه السلام وجُعل في رحل أخيه؟,صواع الملك
ص,ماذا يسمى صوت الديك؟,صياح
ص,ما هي الغدد الّتي تنظم وظائف الجسم من خلال إفراز الهرمونات؟,صماء
ص,لاعب سعودي لعب لكلٍ من الهلال والأهلي والاتحاد؟,صالح الشهري
ص,ما الوثائق التي كانت تبيعها الكنيسة في العصور الوسطى بدعوى تخفيف العقاب عن الخطايا؟,صكوك الغفران
ص,ما هو الموقع الّذي يقام عليه سنويًا مهرجان الملك عبدالعزيز للإبل,الصياهد
ص,ما النشاط الاقتصادي القائم على تحويل المواد الخام إلى منتجات باستخدام الآلات؟,الصناعة
ص,قالوا في الأمثال: الثوب مايرجع جديد والعدو مايرجع ....,صديق
ص,ما هو المصطلح الذي يطلق على البرد الجاف المصحوب بريح؟,الصر
ص,ماذا تسمى مطابقة الكلام للواقع والحقيقة؟,صدق
ص,ما معنى كلمة العهن الّتي ذُكرت في سورة القارعة؟,الصوف
ص,عملية فصل المعادن أو خاماتها عن الشوائب باستخدام الحرارة العالية,صهر
ص,ما الجهاز الميكانيكي الذي ينظم أو يوقف تدفق السوائل أو الغازات في نظام معين؟,صمام
ص,بماذا كانت قريش تلقب النبي صلى الله عليه وسلم قبل البعثة؟,الصادق الأمين
ص,بلد ينتج أكثر من 200 مليون طن من الأرز سنويًا,الصين
ص,ما العلم الذي يختص بتحضير وتركيب الأدوية ومعرفة خصائصها؟,صيدلة
ص,وصف للجلبة والضجيج واختلاط الأصوات المرتفعة,صخب
ص,ما الظاهرة الفيزيائية الناتجة عن اهتزاز الأجسام وانتقالها عبر وسط مادي تدركه الأذن؟,الصوت
ص,شهر عربي أطلق عليه هذا الاسم لأن ديار العرب كانت تخلو فيه من أهلها,صفر
ص,مالاضطراب العصبي الذي يتميز بنوبات متكررة من التشنجات وفقدان الوعي أحياناً؟,صرع
ص,ماذا يطلق على من عاش في زمن النبي صلى الله عليه وسلم وآمن به ورافقه؟,صحابي
ص,هي قذيفة عرفها الصينيون منذ القرن الثالث عشر واستخدموها في الأفراح والأعياد وإرهاب العدو,الصاروخ
ص,إمساك عن ما يدخل الجوف، وهو في اللغة مطلق الإمساك، وفي الشرع مخصوص بنية التعبد لله,الصيام
ص,أسطورة دفاع وقائد المنتخب السعودي في الثمانينات، ولقبه الامبراطور؟,صالح النعيمة
ص,من هو القائد المسلم الذي هزم ثلاثة جيوش عظمى في ثلاث قارات مختلفة؟,صلاح الدين الأيوبي
ص,ما المهنة الّتي تسمى أحياناً بالسلطة الرابعة؟,الصحافة
ص,ما هي عاصمة جمهورية بلغاريا؟,صوفيا
ص,ما هو الشيء الذي يكسر إذا قلناه؟,الصمت
ص,الدولة الأفريقية التي تحتل منطقة القرن الأفريقي وتشتهر بساحلها الطويل؟,الصومال
ص,من هو القائد المسلم الذي حرر القدس من الصليبيين بعد معركة حطين في القرن السادس الهجري؟,صلاح الدين الأيوبي
ص,"من هو الصحابي الجليل الّذي كان من السابقين الأولين، وقال عنه النبي صلى الله عليه وسلم ""ربح البيع أبا يحيى""؟",صهيب الرومي
ص,ماذا يسمى صوت الحصان؟,صهيل
ص,ما الوثيقة المكتوبة التي تثبت معاملة مالية أو عقار أو حق معين؟,صك
ص,ما هو الاسم الذي يُطلق على سلسلة من الحملات العسكرية التي شنها الأوروبيون على المشرق الإسلامي في العصور الوسطى؟,الحملات الصليبية
ص,صحابية جليلة اشتهرت بشجاعتها وفروسيتها وشِعرها، وكانت أول امرأة تقتل رجلاً من المشركين (يهودياً) دفاعاً عن نساء المسلمين,صفية بنت عبد المطلب (رضي الله عنها)
ص,ماذا يسمى العفو عن المذنب وترك مؤاخذته؟,صفح
ص,هي عملية وضع المعدن المنصهر في قالب,الصب
ص,في الزراعة هي عملية يتم إتخاذها لتخليص الأرض من الماء الزائد عن حاجة النبات,الصرف
ض,ما المصطلح الذي يُطلق في علم الحديث على الرواية التي لا تتوفر فيها شروط القبول؟,ضعيف
ض,ماذا تسمى العملية الحسابية التي تمثل جمع متكرر؟,الضرب
ض,ماذا تسمى المنطقة السكنية الواقعة على أطراف مدينة كبيرة وتعتبر امتداداً لها؟,ضاحية
ض,ما الصوت الذي تصدره الخيل عند عدوها بسرعة، ومذكور في القرآن؟,ضبح
ض,ماذا يطلق على الشيء المفقود الذي يبحث عنه صاحبه؟,ضالة
ض,ما المصطلح الجغرافي الذي يُطلق على الأرض المجاورة للنهر أو البحيرة؟,ضفة
ض,ما اسم النادي السعودي لكرة القدم الذي يتخذ من مدينة خميس مشيط مقراً له ويلقب بـ 'فارس الجنوب'؟,ضمك
ض,ما اسم تصفيفة الشعر التي يتم فيها تشابك الخصل مع بعضها بشكل متداخل؟,ضفيرة
ض,ما هو الوصف القرآني للانحراف عن طريق الحق والهدى؟,ضلال
ض,ما المصطلح الطبي الذي يشير إلى تقلص حجم العضلات أو الأنسجة؟,ضمور
ض,كلمة تصف الماء القليل القريب من القاع، وتصف كل شيء سطحي ليس له عمق,ضحل
ض,ما الحالة النفسية التي تصف شعور الإنسان بالملل والسأم من شيء معين؟,ضجر
ض,ما اسم القوة التي يسببها وزن الهواء وتؤثر على سطح الأرض وكل ما عليها؟,الضغط الجوي
ض,من أسماء الأسد في اللغة العربية,ضرغام
ض,ما الاسم الذي يطلق على من يقع فريسة للظلم أو الأذى؟,ضحية
ض,ماذا يسمى أول النهار عند ارتفاع الشمس وانتشار ضوئها بعد الشروق؟,ضحى
ض,ما الاسم الذي يطلق على العيش في ضيق ومعاناة؟,ضنك
ض,ما الوصف الذي يطلق على الشيء القليل جدًا أو الصغير الحجم؟,ضئيل
ض,"مالكلمة الّتي وردت في القرآن الكريم وتأتي بمعنى ""ظالمة أو جائرة""",ضيزى
ض,بماذا توصف شدة القتال أو شراسة الهجوم في المعارك؟,ضراوة
ض,ما اسم البرنامج الحكومي الذي يقدّم دعمًا ماليًا للفئات المحتاجة؟,الضمان الاجتماعي
ض,ماذا يسمى تورط شخص أو جهة ما في عمل غير قانوني أو مؤامرة؟,ضلوع
ض,حيوان صحراوي مهدد بالإنقراض يتميز بجسد غليظ وذيل شوكي قوي يستخدمه للدفاع عن نفسه ويعيش في الجحور,الضب
ض,ماذا تسمى الأصوات الشديدة التي تلفت الانتباه، وتستخدم في سياق إثارة اهتمام الناس والجدل حول أمر ما؟,ضجة
ض,ما اسم المسجد الذي أمر النبي بهدمه لكونه بني نفاقًا وتفريقًا بين المؤمنين؟,الضرار
ض,كلمة ورد ذكرها في القرآن ومعناها شديد البخل,ضنين
ض,ما القوة الداخلية التي تدفع الإنسان للتمييز بين الصواب والخطأ وتؤنبه عند ارتكابه للذنوب؟,الضمير
ض,ما المصطلح الذي يُطلق على الأصوات المزعجة والمشوشة الناتجة عن غير البشر؟,ضوضاء
ض,ظاهرة طبيعية عبارة عن سحابة منخفضة ملامسة لسطح الأرض، تتكون من قطرات ماء دقيقة جدًا معلقة في الهواء,ضباب
ض,ما هو الالتزام بتحمل تبعة هلاك الشيء أو تلفه؟,ضمان
ض,ماذا تسمى الكلمات التي تحل محل الأسماء في الجمل لتجنب التكرار وجعل اللغة أكثر إيجازًا؟,الضمائر
ض,ماذا تسمى حالة شعور الإنسان بأنه تائه بلا هدف أو وجهة؟,ضياع
ض,كلمة بمعنى خلاف الشيء وعكسه,ضد
ض,ما المصطلح الذي يشير إلى عدم الوضوح والغموض في الفكرة أو الرؤية؟,ضبابية
ض,بماذا أمر الله نبيه أيوب -عليه السلام- أن يضرب به زوجته ضربًا غير مبرح لئلا يحنث بيمينه؟,ضغث
ض,ماذا تسمى عملية استقبال للزائر وإكرامه وإيوائه وتقديم الطعام والشراب له,ضيافة
ض,ردة فعل طبيعية للإنسان على المواقف الطريفة وهو شكل من أشكال التعبير عن التسلية والمرح,الضحك
ض,قطعة من القماش أو الشاش تُربط حول العضو الجريح أو المكسور,ضماد
ض,شكل من أشكال الطاقة وإشعاع كهرومغناطيسي مرئي للعين البشرية تبلغ سرعته 300 ألف كيلومتر في الثانية,الضوء
ض,وصف للنور الواضح والقوي ويستخدم مجازاً لوصف البيان والوضوح,ضياء
ض,ما هو الحيوان البرمائي الّذي يستخدم جلده للتنفس والشرب تحت الماء ويستطيع القفز لمسافة أعلى بخمسين مرة من حجمه؟,الضفدع
ض,ماذا تسمى حالة الإحساس بصعوبة التنفس وعدم القدرة على استنشاق هواء كافٍ؟,ضيق تنفس
ض,مبلغ مالي تتقاضاه الدولة من الأفراد والمؤسسات بهدف تمويل النفقات العامة,الضريبة
ض,ما المصطلح الذي يُطلق على الحرب القاسية التي لا ترحم فيها طرف لآخر؟,ضروس
ض,"من هو الصحابي الذي لقبته الروم بـ ""الشيطان عاري الصدر"" بعد أن أرعبهم؟",ضرار بن الأزور
ض,عظم منحنٍ ومسطح يشكل جزءًا من القفص الصدري لحماية القلب والرئتين ويساهم في عملية التنفس,ضلع
ض,ما الوصف الذي يُطلق على الشخص فاقد البصر؟,ضرير
ض,ماذا يطلق على البناء الذي يقام فوق قبر شخصية هامة لتخليد ذكراه وهو من وسائل الشرك؟,ضريح
ض,ماذا يطلق على حالة العداء المستحكم والبغضاء الشديدة بين طرفين؟,ضغينة
ض,محافظة سعودية تقع على ساحل البحر الأحمر اشتهرت قديما بكونها ميناء آمن لسفن التجارة والصيد,ضباء
ض,ماذا تسمى حالة كون المياه غير عميقة، خاصة قرب الشواطئ أو في بعض أجزاء الأنهار؟,ضحالة
ض,وصف للشيء الكبير الحجم أو العظيم البنية,ضخم
ط,ما هو التعصب والولاء بشكل مفرط لجماعة معينة بناءً على روابط عقدية مما يؤدي إلى الانقسام داخل المجتمع الواحد؟,الطائفية
ط,اسم يطلق على كل ماعُبد من دون الله وهو راضٍ بذلك,الطاغوت
ط,يعد من أبرز المفسرين للقرآن الكريم والمؤرخين المسلمين ومؤلف كتاب تاريخ الرسل والملوك؟,الطبري
ط,ما اسم أول قائد مسلم عبر المضيق الذي سمي باسمه لفتح الأندلس؟,طارق بن زياد
ط,ما هو اسم الجبل الذي كلم الله عليه موسى عليه السلام، ويقع في شبه جزيرة سيناء؟,طور
ط,ما هو الّذي لا يفنى ولا يستحدث من العدم ويمكن تحويله من شكل إلى آخر؟,الطاقة
ط,ما هو الاسم الذي يُطلق على الممالك الإسلامية الصغيرة التي ظهرت في الأندلس بعد سقوط الخلافة الأموية في قرطبة؟,طوائف
ط,نوع شائع من الأحجار الجيرية يُستخدم للرسم والكتابة على الأحجار والألواح؟,طباشير
ط,ما الاسم الثنائي لمهاجم سعودي لعب للنادي الأهلي والنصر والاتحاد؟,طلال المشعل
ط,ما العلم الذي يدرس أشكال سطح الأرض وتضاريسه؟,طوبوغرافيا
ط,ما هي العبادة التي كان يفعلها الناس منذ سيدنا إبراهيم عليه السلام ويستحب فيها الدعاء وذكر الله؟,الطواف
ط,ما المصطلح العسكري الذي يشير إلى القوات التي تتقدم في مقدمة الجيش لاستكشاف العدو وتأمين الطريق؟,طلائع
ط,هي عملية تحويل حبوب القمح والذرة إلى دقيق,الطحن
ط,ما اسم المدينة القديمة التي وقعت فيها حرب شهيرة ذُكرت في ملحمة الإلياذة؟,طروادة
ط,ماذا يطلق على الصف المنتظم من الناس والأشياء للإنتظار؟,طابور
ط,هو أبغض الحلال عند الله,الطلاق
ط,ما المصطلح الذي يصف التصرف بتهور دون التفكير بالعواقب؟,طيش
ط,اسم آخر للموز ذُكر فالقرآن الكريم,الطلح
ط,ما هي المحافظة الّتي يقام فيها سنويًا مهرجان ولي العهد للهجن؟,الطائف
ط,ما المصطلح الذي يصف الكائنات الحية النباتية البسيطة، وغالباً مائية، تقوم بالبناء الضوئي؟,طحالب
ط,ما هو العضو الحيوي الذي يعمل على محاربة العدوى وتنقية الدم وتخزين خلاياه؟,الطحال
ط,من هو الصحابي الجليل، أحد العشرة المبشرين بالجنة، والذي اشتُهر ببذله وصدقه؟,طلحة بن عبيد الله
ط,ماذا يسمى الماء الباقي على خلقته ولم يتغير ويجوز استخدامه للوضوء,طهور
ط,صحابي جليل صاحب القصة الشهيرة في وضع القطن في أذنيه لئلا يسمع القرآن، لكنه سمع القرآن فأسلم,الطفيل بن عمرو الدوسي (رضي الله عنه)
ط,ما التقسيم الاجتماعي أو الاقتصادي الذي يصنف الناس في مجموعات هرمية بناءً على الثروة أو المهنة أو المكانة؟,طبقية
ط,ما هي عاصمة دولة ليبيا؟,طرابلس
ط,ما اسم القوة التي تدفع جسماً يتحرك في مسار دائري إلى الخارج بعيداً عن مركز الدوران؟,الطرد المركزي
ط,قوة مستمدة من أشعة الشمس قادرة على توليد الحرارة مباشرة وإحداث التفاعلات الكيميائية وإنتاج الكهرباء,الطاقة الشمسية
ط,أكمل المثل الشعبي: كلٍ يرى الناس بعين .........,طبعه
ط,ما هي المدينة الإسبانية التاريخية التي كانت عاصمة مملكة القوط الغربيين قبل الفتح الإسلامي، واشتهرت بمركز الترجمة في العصور الوسطى؟,طليطلة
ط,ماذا يسمى صوت الذباب والباعوض؟,طنين
ط,ما الكلمة التي تعبر عن حالة غير متوقعة وتتطلب حلًا سريعًا؟,طارئة
ط,وادٍ مقدّس في سيناء، كلّم الله فيه نبيَّه موسى عليه السلام,ُطوى
ط,ما هي السمة الشخصية التي تدفع الفرد للسعي بقوة نحو تحقيق أهداف عالية أو منزلة رفيعة؟,طموح
ط,ما الاسم العام للإجراءات أو الاحتفالات الرسمية ذات الطابع الديني أو الثقافي المتوارث؟,طقوس
ط,أكمل المثل الشعبي: لو فيه خير ما عافه ..........,الطير
ط,ماذا تسمى الحكاية الخفيفة التي تهدف إلى إضحاك الناس؟,طرفة
ط,ما هي الشخصية الخيالية التي تربّت في الغابة مع القرود بعد مقتل والديه النبلاء؟,طرزان
ط,شريط من الأرض يُشق ويُمهد تسهيلًا لانتقال المشاه والمركبات من مكان إلى آخر,طريق
ط,جبل شامخ ومَعلم طبيعي بارز يقع في محافظة عقلة الصقور، يشتهر بلونه الأسود المحمر ويُعد مقصدًا لهواة الهايكنج والتخييم,جبل طمية
ط,كلمة تطلق على إزالة النجاسة عن البدن أو الثوب أو المكان,الطهارة
ط,هي مقدمة الجيش التي تتقدم لمعرفة أحوال العدو,طليعة
ط,احدى قطع الاسطول البحري لها قدرة على المناورة والقتال ومجهزة بالمدافع وتتميز بخفتها وسرعتها,الطراد
ط,ما اسم الجبل الذي رفعه الله فوق بني إسرائيل كالمظلة لإلزامهم بقبول التوراة والعمل بأحكامها بعد أن تراجعوا عن عهدهم؟,طور سيناء (الطور)
ط,ما الكلمة القرآنية التي تصف شجرة في الجنة أو مقاماً حسناً؟,طوبى
ط,أكمل المقولة الشعبية: عنز ولو .........,طارت
ط,ما المصطلح البيولوجي الذي يصف كائناً حياً يعيش داخل كائن حي آخر ويستمد منه غذاءه، ويسبب له الضرر؟,طفيليات
ط,ما التغير المفاجئ والدائم في المادة الوراثية للكائن الحي؟,طفرة
ط,ما هو المصطلح الذي يُطلق على الممارسات أو المعتقدات الخرافية التي تتضمن استخدام رموز أو كلمات يُعتقد أن لها قوى للحماية أو التأثير؟,طلاسم
ط,ما اسم المسلسل الكوميدي السعودي الشهير الذي عُرض في رمضان لسنوات طويلة وناقش قضايا اجتماعية بأسلوب ساخر؟,طاش ما طاش
ط,ما اسم الملك الذي ورد ذكره في القرآن واختاره الله لبني إسرائيل رغم اعتراضهم على فقره؟,طالوت
ط,ما يؤخذ من الأسماك الصغيرة ويقطع لحمه لإغواء الأسماك الأخرى,طعم
ظ,كلمة بمعنى مُتهم أو من نسب إليه ذنب أو جريمة,ظنين
ظ,صوت فيه غنة ينتج من انشقاق الشفة العليا أو انكسار في الثنايا,ظأظأه
ظ,الجزء القرني الصلب في نهاية قدم الحيوانات ذات الحوافر المشقوقة كالأبقار والأغنام؟,ظلف
ظ,الحالة الفسيولوجية الناتجة عن نقص الماء في الجسم؟,ظمأ
ظ,ما هو المصطلح الّذي ورد في القرآن ويعني المعين والنصير؟,ظهير
ظ,ما المصطلح الذي يطلق على المرأة المسافرة في الهودج على ظهر الجمل في القوافل القديمة؟,ظَعينة
ظ,راحلة يُرتحل عليها، أو ما يصلح للأسفار من الإبل؟,ظاعن
ظ,اكمل المثل: ما يحك جلدك غير ….,ظفرك
ظ,مصطلح يصف الحدث الطبيعي الملحوظ أو المُقاس في الكون.,ظاهرة
ظ,مفهوم وعملية قيام المرأة بإرضاع طفل ليس ابنها؟,ظئار
ظ,نمو غير طبيعي لنسيج الملتحمة على سطح العين يمتد نحو القرنية؟,ظفرة
ظ,ماذا تسمى حالة العرج أو المشي غير الطبيعي بسبب مشكلة في الساق أو القدم؟,ظلع
ظ,أين يجتمع المتحابون في الله يوم القيامة؟,ظل عرش الرحمن
ظ,الاسم الخاص بذكر طائر النعام؟,ظليم
ظ,ما هو الوقت الذي تكون فيه الشمس في كبد السماء؟,الظهيرة
ظ,ما هو الاعتقاد غير المؤكد الذي يقع بين الشك واليقين؟,ظن
ظ,ما هو المصطلح القرآني للإساءة التي يلحقها الإنسان بنفسه عندما يعصي الله؟,ظلم النفس
ظ,ما اسم المحافظة العُمانية الجنوبية المشهورة بأشجار اللبان؟,ظفار
ظ,ما اسم من أسماء الله الحسنى يعني الذي ليس فوقه شيء والعالي فوق كل شيء؟,الظاهر
ظ,صفة تطلق على الشخص الخفيف الدم اللطيف سريع البديهة وخفيف الظل,ظريف
ظ,غلاف يستخدم لحفظ الرسائل أو الأوراق,ظرف
ظ,ما هو وضع الشيء في غير موضعه أو إعطاء الحق لغير مستحقه؟,ظلم
ظ,في العصور الوسطى وخاصة في الموروث العربي كان يطلق على بحر المحيط الأطلسي باسم آخر فما هو؟,الظلمات
ظ,نوع من الثدييات الصغيرة تشتهر برائحة قوية ونفاذة تفرزها عند الشعور بالتهديد,ظربان
ظ,ما هي الأحوال والملابسات المحيطة بحدث معين؟,ظروف
ظ,ما اسم الحيوان الصحراوي المعروف بجماله وسرعته ؟,ظَبْي
ع,من هو حارس المرمى السعودي لعب لكلٍ من الأهلي والهلال والاتحاد والشباب؟,عبد الله المعيوف
ع,ما المصطلح الذي يصف تجاوز المصروفات للإيرادات في ميزانية دولة أو مؤسسة؟,عجز
ع,ما هي الخلافة التي حكمت الدولة الإسلامية بعد سقوط الخلافة الأموية؟,الخلافة العباسية
ع,من هو أول ما آمن من الصبيان بالنبي محمد ﷺ ؟,علي بن أبي طالب
ع,من هو التابعي الجليل الذي يُعد من الفقهاء السبعة للمدينة، وكان راوية ثقة عن عائشة رضي الله عنها؟,عروة بن الزبير
ع,الصحابي الذي أعطى مفاتيح الكعبة للرسول عليه الصلاة والسلام؟,عثمان بن طلحة (رضي الله عنه)
ع,ما المصطلح الذي يطلق على الشخص الذي يعمل سراً لصالح دولة أجنبية أو منظمة معادية لجمع المعلومات؟,عميل
ع,هو تعبير يُطلق لوصف أعراض تصيب البطن بعد تناول الطعام، مثل ألم في المعدة وضغط وانتفاخ,عسر الهضم
ع,ما هو الخليج الّذي تطل عليه مدينة الدمام؟,العربي
ع,ما اسم الخلايا التي تنقل الإشارات العصبية في الجسم؟,عصبونات
ع,ماذا يُطلق على عدد 500 إلى 1000 من الإبل؟,العرج
ع,من معجزات سيدنا موسى عليه السلام,العصا
ع,"من هو الصحابي الجليل الذي كان من أوائل من أسلم، وقال فيه النبي صلى الله عليه وسلم ""تقتله الفئة الباغية""؟",عمار بن ياسر
ع,ما هو الدرس أو الموعظة التي يمكن استخلاصها من حدث أو قصة تاريخية؟,عبرة
ع,ما هي المعركة الفاصلة بين المسلمين بقيادة سيف الدين قطز والمغول، والتي أوقفت التوسع المغولي غرباً؟,عين جالوت
ع,ما اسم الرقصة التقليدية التي تُؤدى في بعض دول الخليج العربي؟,العرضة
ع,صحابي جليل دعا ربه أن تطأ عرجته الجنة واستشهد في أحد,عمرو بن الجموح
ع,ما العلم الذي يهتم بدراسة أوزان الشعر العربي وبحوره وتفعيلاته ؟,عروض
ع,الاسم الثاني لناقة الرسول صلى الله عليه وسلم,العضباء
ع,ما اسم المدينة الأردنية الساحلية الوحيدة التي تقع على خليج يحمل اسمها؟,العقبة
ع,ما هو النبع أو البئر الذي يتدفق منه الماء بشكل طبيعي؟,عين
ع,هي قواعد غير مكتوبة نشأت من اعتياد الناس على سلوك معين في تنظيم شؤونهم، مع اعتقادهم بوجوب التزامها واكتسابها قوة ملزمة بموجب القانون,العرف
ع,"دعى له الرسول صلى الله عليه وسلم وقال: اللهم علمه الحكمة وتأويل الكتاب، وعرفه المسلمون باسم ""ترجمان القرآن""",عبدالله بن عباس
ع,ما اسم الدولة الإسلامية التي قامت بعد سقوط الدولة الأموية وجعلت بغداد عاصمة لها؟,الدولة العباسية
ع,سائل ملحي أغلبه ماء تفرزه بعض الغدد الموجودة في الجلد، وظيفته تبريد الجسم عن طريق التبخر,العرق
ع,ما هي المادة التي لا يمكن تجزئتها إلى مواد أبسط منها؟,العنصر
ع,اتفاق يلتزم به شخص أو أكثر بما ورد فيه، وهو في الغالب وثيقة الموقعين عليه,عقد
ع,ما هي وحدة قياس سرعة السفن البحرية؟,العُقدة
ع,ماذا يسمى الإنصاف وإعطاء كل ذي حق حقه؟,عدل
ع,في الشِعر ماذا يسمى نهاية البيت التي تنتهي بالقافية؟,العجز
ع,ما يطلق على الخيل حين تجري للغارة على العدو,العاديات
ع,كلمة بمعنى الأصل والسلالة والمنبع,العِرْق
ع,الرائحة الزكية الطيبة التي تفوح وتنتشر,عبق
ع,مبلغ جزئي يدفع عند توقيع العقد لضمان جدية التعاقد,عربون
ع,أعظم المخلوقات وأولها خلقاً، استوى عليه الرحمن بعد خلق السماوات والأرض,العرش
ع,يهودي الأصل تظاهر بالإسلام، أشعل نار الفتنة في عهد عثمان بن عفان,عبدالله بن سبأ
ع,من هو الخليفة العباسي الذي حكم يومًا واحدًا فقط؟,عبدالله بن المعتز
ع,ما المادة المتكونة في أمعاء أحد أنواع الحيتان، وتُستخدم كمادة مثبتة في صناعة العطور الفاخرة؟,عنبر
ع,ما المقدار الفيزيائي الذي يقيس مدى قدرة القوة على تدوير جسم حول محور؟,عزم
ع,ما اسم الذبيحة التي تُذبح في اليوم السابع من ولادة المولود؟,عقيقة
ع,من أشهر الأسواق العربية القديمة وكان يقام مرة واحدة كل عام لمدة 20 يوم عند ظهور هلال شهر ذو القعدة,عكاظ
ع,من هو أول مولود للمهاجرين في المدينة واستبشر المسلمون بمولده؟,عبدالله بن الزبير بن العوام (رضي الله عنه)
ع,من هو الشاعر الجاهلي الشجاع المعروف بفروسيته وقصائده التي عبر فيها عن حبه لعبلة؟,عنترة بن شداد
ع,ما المفهوم السياسي الذي يفصل الدين عن الدولة ومؤسساتها؟,علمانية
ع,من هو الخليفة الأموي الّذي يُعتبر أول من صك النقود عند العرب؟,عبدالملك بن مروان
ع,ماسم المنطقة التي انتصر بها المسلمون على التتار في فلسطين؟,عين جالوت
ع,ما هو الإجراء الذي يتم بموجبه تنحية مسؤول من منصبه؟,عزل
ع,نوع من التمر يزرع بشكل رئيسي في المدينة المنورة، وتشتهر بلونها الداكن المائل إلى السواد,العجوة / العنبرة
ع,ما هو السبب الجوهري أو الدافع لحدوث شيء ما؟,علة
ع,صحابي جليل من أصحاب الهجرتين، كَتب مصحفًا بيده يُنسب إليه وشهد الغزوات كلها,عبدالله بن مسعود
ع,ما اسم القبيلة العربية البائدة التي ذُكرت في القرآن الكريم بأنها أرسل إليها النبي هود عليه السلام، وعاشت في منطقة الأحقاف؟,عاد
ع,لقب يمنح للشخصيات الداعمة مادياً ومعنوياً في الأندية السعودية، ويمتلكون عادة نفوذاً وتأثيراً خاصاً داخل النادي؟,عضو شرف
ع,ما هو الشيء الذي كلما طال قصر؟,العمر
ع,أحد أقدم أسواق العرب في الجاهلية والإسلام، وملتقى للتجارة والفكر والأدب والثقافة المتنوعة للقبائل العربية,عُكاظ
ع,ما هي الدولة التي تمتلك أكبر احتياطي من الكبريت؟,العراق
ع,وظيفة إدارية وفن إجتماعي هدفها إقامة علاقات التفاهم المتبادل بين المؤسسات والجمهور,العلاقات العامة
غ,ما الفن الشعري الذي يعبر فيه الشاعر عن عواطفه تجاه المحبوب؟,غزل
غ,مالشيء الّذي يسير بلا قدمين ويبكي بلا عيون؟,الغيوم
غ,من هم أحد مستحقي الزكاة الثمانية المذكورين في القرآن الكريم ويقصد بهم المدينون؟,غارمين
غ,"ما الدولة الأفريقية التي عاصمتها أكرا وكانت تسمى ""ساحل الذهب""؟",غانا
غ,أين نزل الوحي على النبي محمد صلى الله عليه وسلم لأول مرة؟,غار حراء
غ,ما نوع الهجوم العسكري المفاجئ والسريع الذي يُنفذ ثم ينسحب المهاجمون؟,غارة
غ,ما الدولة الأفريقية التي عاصمتها كوناكري؟,غينيا
غ,كلمة بمعنى الكثرة والزيادة عن الحد المعتاد وتستخدم لوصف التدفق بكميات كبيرة,غزارة
غ,ما اسم المال المأخوذ من الكفار بالقتال في الإسلام؟,غنيمة
غ,ما الحالة النفسية التي يشعر بها المرء عند ابتعاده عن وطنه وأهله؟,غربة
غ,كل ما استأثر الله تعالى بعلمه، وحجبه عن حواس البشر وعقولهم، ولا يعلمونه إلا بوحي أو إخبار إلهي,الغيب
غ,ما الطائر الذي بعثه الله ليعلم ابن آدم كيفية دفن أخيه؟,الغراب
غ,عملية طبية الهدف منها تنظيف الكليتين ليؤديا وظيفتهما بالشكل الصحيح وذلك بتصفية الدم من الفضلات والسموم,غسيل الكلى
غ,ما الأمر القرآني الذي ورد في سورة النور للمؤمنين والمؤمنات للحفاظ على العفة؟,غض البصر
غ,كلمة بمعنى تثبيت الشيء في الأرض، وتُستخدم مجازيًا للدلالة على ترسيخ المعاني أو الأفكار في العقل,غرس
غ,كلمة بمعنى مثال أو نهج,غرار
غ,حالة يفقد فيها الإنسان القدرة على التنفس بسبب امتلاء رئتيه بالماء، وقد تؤدي إلى الوفاة,الغرق
غ,ماذا يطلق على ذكر السلحفاة؟,غيلم
غ,ماذا يطلق على اليوم الأول من كل شهر هجري؟,غرة
غ,ما اسم القبيلة العربية المسيحية التي حكمت بلاد الشام قبل الإسلام وكانت موالية للروم؟,غسان
غ,من هو الشاعر الذي عُرف بلقب (أخطل) وكان شاعر بني أمية المقرب؟,غياث بن غوث
غ,من مخترع آلة الطباعة الحديثة في القرن الخامس عشر؟,غوتنبرغ
غ,ماذا يسمى جزء الشجرة الذي يحمل الأوراق؟,غصن
غ,ماذا يسمى ستر الذنب وعدم المعاقبة عليه؟,غفران
غ,ما الاسم الذي يُطلق على الحروب التي خاضها المسلمون بقيادة النبي محمد ﷺ؟,غزوات
غ,بماذا تسمى خيانة العهد ونقض الوعد؟,غدر
غ,ما المصطلح الذي يشير إلى جميع النباتات التي تغطي منطقة جغرافية معينة؟,غطاء نباتي
غ,ما اسم بداية ظلام الليل في اللغة العربية؟,الغسق
غ,ماذا يسمى الانفعال النفسي الذي قد يؤدي إلى قرارات غير عقلانية قد يندم عليها الإنسان؟,الغضب
غ,ما المصطلح الشرعي لذكر المسلم أخاه بما يكره في غيابه؟,غيبة
غ,الوصف الذي يطلق على أقصى درجات السواد ويُشير أيضًا إلى نوع من أنواع العنب,غربيب
غ,ما اسم المرض الي يكون فيه موت أنسجة الجسم إما لنقص تدفق الدم إليها أو لإصابتها بعدوى بكتيرية خطيرة,غرغرينا
غ,وصف للدرجة القاتمة التي تميل إلى السواد، وتُستخدم للتعبير عن العمق والقوة في اللون,غامق
غ,ما اسم الغلاف الذي يوضع فيه السيف لحمايته؟,غمد
غ,ما هي الطبقة غير المرئية المحيطة بالأرض بفعل الجاذبية والتي تحتوي على طبقة الأوزون؟,الغلاف الجوي
غ,رياضة مائية تتضمن النزول تحت سطح الماء لاستكشاف العالم البحري,الغوص
غ,ماذا يسمى الميل الفطري الطبيعي الذي يدفع الكائن الحي نحو سلوك معين دون الحاجة لتعلم مسبق؟,غريزة
غ,ماذا تسمى حالة انعدام الوضوح حيث يحتمل الشيء أكثر من تفسير مما يؤدي إلى التباس في الفهم؟,غموض
غ,ما اسم الكائن الخرافي الّذي يتصف بالوحشية والضخامة وكان العرب قديمًا يخافون منه في الصحراء؟,الغول
غ,مصطلح بمعنى تمني شيء عند الآخرين دون تمني زواله,غبط
غ,شاعر وأديب وكاتب وسفير دبلوماسي ووزير سعودي وكان له عدداً كبيراً من المؤلفات في شتى المواضيع,غازي القصيبي
غ,ماذا يسمى المستولي على مال غيره عنوةً وقهرًا بدون حق أو رضا صاحبه؟,غاصب
غ,اسم يطلق على الأصول التي يحتفظ بها البنك المركزي من ذهب وأوراق مالية لضمان قيمة العملة التي يصدرها,الغطاء النقدي
غ,ماذا تسمى العقوبة المالية التي تفرض على المخالف للقانون؟,غرامة
غ,ماذا يطلق على المطر الذي يأتي بعد الجفاف؟,غيث
غ,مزيج من الأفكار والمشاعر تنتاب الشخص عند شعوره بتهديد لعلاقته بمن يحب أو رغبته في حماية حقه وشرفه,غيرة
غ,ما المركبة البحرية التي تستطيع السير تحت سطح الماء لفترات طويلة؟,غواصة
غ,ما النسيج الضام المرن الذي يغطي نهايات العظام في المفاصل؟,غضروف
غ,ما مصطلح التجاوز في الدين والمبالغة فيه بما يخرج عن حدود الشرع؟,غلو
غ,ما هي الدولة التي عاصمتها أكرا؟,غانا
غ,ما آخر معاقل المسلمين في الأندلس التي سقطت عام 1492م؟,غرناطة
غ,من قبائل العرب الشمالية من ذبيان وعبس,غطفان
ف,ما مرادف كلمة بليغ؟,فصيح
ف,ما اسم الفريق الفائز في أول نسخة من بطولة كأس العالم للرياضات الإلكرتونية؟,فالكونز
ف,ما المصطلح العلمي للتفسير المؤقت الذي يحتاج إلى اختبار وإثبات؟,فرضية
ف,ما هو النشاط الفكري الذي يبحث في الأسئلة الأساسية حول الوجود والمعرفة والقيم؟,الفلسفة
ف,ما هي أصغر دولة في العالم من حيث المساحة؟,الفاتيكان
ف,ما العلم الذي يختص بمعرفة أحوال الناس من خلال ملامحهم وسلوكهم؟,فراسة
ف,من هو الحاكم الروماني العربي الوحيد الّذي حكم الإمبراطورية الرومانية؟,فيليب العربي
ف,ما هو الجسيم الأولي المسؤول عن نقل القوة الكهرومغناطيسية؟,فوتون
ف,ما السمة اللغوية التي تعني وضوح المعنى مع جمال التعبير؟,فصاحة
ف,من هو الشاعر الذي اشتهر بعداوته الشديدة والمستمرة لجرير في الأدب العربي؟,الفرزدق
ف,نبات عشبي صغير الحجم أوراقه ثلاثية وثمرته قمعية الشكل حمراء اللون,الفراولة
ف,"ما اسم الدولة الأوروبية الّتي تلقب بـ""أرض الألف بحيرة""؟",فنلندا
ف,ما اسم التراث الشعبي الذي يشمل الحكايات والأساطير والعادات والتقاليد المنقولة عبر الأجيال؟,فلكلور
ف,تجويف أو انتفاخ بسيط في المعدن أو الزجاج من أثر النفخ,فقاعة
ف,"ما هي السورة الملقبة بـ""أم الكتاب""؟",الفاتحة
ف,قطع صغيرة ملونة من الرخام، تُشكل مع بعضها شكلًا فنيًا,فسيفساء
ف,كلمة تعني جماعة أو مجموعة من الناس تسير أو تأتي معًا,فوج
ف,ما هو العلم الذي يختص بدراسة الأجرام السماوية وحركاتها؟,الفلك
ف,ماذا يسمى العدد الذي لا يقبل القسمة على 2 إلا بوجود كسور؟,فردي
ف,ما المصطلح الفيزيائي للحيز الخالي من المادة؟,فراغ
ف,ما الصفة التي تدل على سرعة فهم الشخص للأمور المعقدة وذكائه الحاد؟,فطنة
ف,ما اسم البركان الذي يُعد من أشهر البراكين في إيطاليا ويقع بالقرب من مدينة نابولي؟,فيزوف
ف,ماذا يسمى صوت الأفعى؟,فحيح
ف,ماذا يطلق على الذكاء وسرعة الفهم وحُسن التصرّف؟,فطنة
ف,ما هو أسرع حيوان بري في العالم؟,الفهد
ف,ما المصطلح الذي يطلق على النظام السياسي المستبد الذي قاده موسوليني في إيطاليا؟,فاشية
ف,ما هي العناصر الكيميائية الموصلة للحرارة والكهرباء؟,فلزات
ف,ما هو أول جهاز اخترع لتسجيل الصوت عام 1887م؟,الفونوغراف
ف,ما اسم الشعوب الإسكندنافية التي اشتهرت بالغزو والملاحة في العصور الوسطى؟,فايكنج
ف,ما اسم العلم الذي يُعنى بدراسة الأحكام الشرعية العملية المستنبطة من الأدلة التفصيلية؟,الفقه
ف,ما المصطلح السياسي الذي يعني حق النقض في مجلس الأمن الدولي؟,فيتو
ف,ما اسم الحدث الذي دخل فيه المسلمون على قريش دون قتال في السنة الثامنة للهجرة؟,فتح مكة
ف,ما النشاط الإنساني الذي يهدف إلى التعبير عن الجمال والمشاعر بأشكال متنوعة؟,فن
ف,ما هي أول عاصمة إسلامية لمصر أسسها عمرو بن العاص (رضي الله عنه) عام 641م؟,الفسطاط
ف,"من هو مؤلف رواية ""البؤساء""؟",فيكتور هوغو
ف,مالعملة الرسمية لجمهورية سويسرا؟,الفرنك
ف,هو من لا يملك قوت يومه ولا تكفيه موارده، ومستحق للزكاة والكفارة,الفقير
ف,نبات موطنه أمريكا تستخدم ثماره في الحصول على محلول أو مسحوق يضاف إلى الأطعمه ليكسبها نكهة طيبة,فانيليا
ف,ما هي السورة التي تحوي جميع الحروف الأبجدية في آخر آية مظاهر الإعجاز البياني في القرآن الكريم؟,سورة الفتح
ف,ما هي أطول كلمة في القرآن الكريم وتتكون من 11 حرفاً؟,فأسقيناكموه
ف,ما العملية التي تتضمن تصنيف وترتيب المعلومات لتسهيل الوصول إليها؟,فهرسة
ف,ما هي أكبر بحيرة في قارة أفريقيا وثاني أكبر بحيرة في العالم؟,بحيرة فيكتوريا
ف,ما اسم أول عاصمة إسلامية في مصر أسسها عمرو بن العاص؟,فسطاط
ف,ما هو العلم الذي يُعنى بدراسة تقسيم التركة بين الورثة حسب الشريعة الإسلامية؟,علم الفرائض
ف,ما نظام الحكم الذي يقوم على توزيع السلطات بين الحكومة المركزية وحكومات الولايات؟,فيدرالية
ف,ماذا تسمى سلسلة العظام غير المنتظمة وهي المسؤولة عن تأمين الدعم والحركة للجسم؟,فقرات
ف,ما هي أكبر جزيرة في المملكة العربية السعودية من حيث المساحة والسكان؟,جزيرة فرسان
ف,ما اسم رئيس نادي الشعلة السابق والّذي استمر برئاسة النادي 14 سنة؟,فهد الطفيل
ف,ما هو العام الّذي ولد فيه النبي صلى الله عليه وسلم؟,عام الفيل
ف,ما هي عاصمة جمهورية النمسا؟,فيينا
ف,ما هو المصطلح الذي يعبّر عن ناتج الطرح ومقدار التغير بين رقمين؟,الفرق
ف,قال حكيم: انفرد بسرك ولا تودعه حازمًا فيزل ولا جاهلًا ....,فيخون
ف,غاز كان سبباً في ثقب طبقة الأوزون، واستُخدم لعقود في أجهزة التبريد والتكييف,الفريون
ف,من هو اللاعب الذي سجل هدف المنتخب السعودي على اليابان والّذي أهل المنتخب إلى كأس العالم 2018؟,فهد المولد
ف,مقياس قديم للمسافات يطلق على الثلاثة أميال,فرسخ
ف,ما اللقب الذي كان يطلق على ملوك مصر القديمة؟,الفراعنة
ف,من هو الفيزيائي الألماني الّذي اخترع ميزان لمعرفة السوائل وقسّم ميزان الحرارة على درجات عُرفت باسمه؟,فهرنهايت
ق,ما اسم أول مدينة إسلامية أسست في شمال أفريقيا على يد عقبة بن نافع؟,القيروان
ق,أحد الآيات التي أرسلها الله على قوم فرعون عقابًا لهم على استكبارهم,القمل
ق,ما نوع الزاوية التي يكون قياسها 90 درجة؟,زاوية قائمة
ق,ما الاسم القديم لمدينة إسطنبول والتي كانت عاصمة الإمبراطورية البيزنطية؟,القسطنطينية
ق,ما هي أعلى نقطة في الجبل أو السلسلة الجبلية؟,قمة
ق,ما الظاهرة الضوئية التي تظهر بسبب انكسار ضوء الشمس في قطرات الماء؟,قوس قزح
ق,ما هي السورة رقم 28 في القرآن الكريم والتي تحكي عن سيدنا موسى وفرعون؟,قصص
ق,ما يطلق على الحلقات المعدنية الدائرية لتثبيت المواسير الخارجية في الحوائط؟,قفيز
ق,ما اسم الحركة الباطنية التي سرقت الحجر الأسود من الكعبة لمدة 22 عاماً؟,قرامطة
ق,ما هي النقطة التي تمر عبرها المحاور الوهمية التي تدور حولها الأرض أو المغناطيس؟,قطب
ق,ماذا يسمى الخط المستقيم الذي يمر بمركز الدائرة ويصل بين نقطتين على محيطها؟,القطر
ق,ما هو المصدر الرابع من مصادر التشريع الإسلامي الذي يقوم على إلحاق واقعة لا نص فيها بواقعة ورد فيها نص لاشتراكهما في العلة؟,قياس
ق,مجموعة المبادئ وقواعد السلوك التي تحكم العلاقات بين الدول في حالتي السلم والحرب,القوانين الدولية
ق,ما هي مجموعة القواعد الملزمة التي تنظم سلوك الأفراد في المجتمع؟,القوانين
ق,ماذا يسمى الهيكل العظمي الذي يحيط بالرئتين والقلب ويحميهما؟,القفص الصدري
ق,منطقة بنجد بين جبل شمر ومنطقة الوشم وتعتبر تاريخياً منطقة تجارية وزراعية هامة,القصيم
ق,ما هو الحيوان الذي يبني السدود ويعيش بالقرب من الأنهار والجداول؟,القندس
ق,ما المصطلح العلمي الذي يعبر عن مقاومة الجسم لتغيير حالته الحركية؟,القصور الذاتي
ق,ما هي المناطق المنخفضة جداً في المحيطات والتي قد تصل إلى آلاف الأمتار؟,قيعان
ق,من هو الشخص الذي ذُكر في القرآن كمثال للغنى الفاحش والذي خسف الله به الأرض؟,قارون
ق,ما هي أقوى عضلة في جسم الإنسان من حيث القدرة على التحمل؟,عضلة القلب
ق,ما اسم المدينة الأندلسية التي كانت عاصمة الأندلس ومركزاً علمياً في أوروبا؟,قرطبة
ق,مسجد يقع بالطرف الشمالي الغربي من المدينة المنورة شهد حدث تحول القبلة إلى الكعبة أثناء الصلاة,القبلتين
ق,سلاح حربي يطلق تياراً من النار المشتعلة باتجاه الهدف، ويستخدم لمسافات قصيرة في اقتحام التحصينات,قاذفة اللهب
ق,ما هو الجُرم السماوي الذي يتسبب في ظاهرتي المد والجزر؟,القمر
ق,مالجزء الوحيد في جسم الإنسان الذي لا يحتوي على أوعية دموية,القرنية
ق,ما هي الحركة التي تدعو إلى تعزيز مصالح أمة معينة على أساس هويتها المشتركة ونهى عنها الإسلام؟,قومية
ق,من هو القائد المملوكي الذي قاد المسلمين إلى النصر في معركة عين جالوت ضد المغول؟,قطز
ق,صحابي جليل كان من دهاة العرب وكان شديد الكرم حتى ضرب به المثل,قيس بن سعد (رضي الله عنه)
ق,ما هي العملية التي يتم من خلالها تحديد مواجهات الفرق في البطولات الرياضية؟,قرعة
ق,طريقة للمفاضلة والاختيار بين خيارات متساوية لا يمكن الترجيح بينها بمعيار موضوعي,القرعة
ق,وحدة قياس عالمية لقياس وزن الذهب والألماس والأحجار الكريمة,القيراط
ق,مصطلح فيزيائي يصف معدل إنجاز الشغل ووحدته الواط,القدرة
ق,ما هو اللقب الذي كان يطلق على حكام الإمبراطورية الرومانية؟,قيصر
ق,ما هي حالة الجفاف الشديد التي تستمر لفترات طويلة وتؤثر على الزراعة؟,قحط
ق,أين يقع المقر الرئيسي لجامعة الدول العربية؟,القاهرة
ق,نبات عشبي طويل القامة يشبه الخيزران، ينتج عصير حلو يُنتج منه السكر الأبيض,قصب السكر
ق,ما هو الحيوان الذي لا يمتلك هيكلاً عظمياً؟,قنديل البحر
ق,ما هي أول جامعة في العالم العربي والعالم وتقع في مدينة فاس في المغرب؟,جامعة القرويين
ق,الاسم العربي الأصيل لكل ولاعة تستخدم لإيقاد النار,قداحة
ق,وعاء يُجعل فيه الشراب والأدوية والمنتجات الكيميائية، ويُطلق أيضًا على الزجاج الشفاف,القارورة
ق,نموذج يستخدم لتشكيل المعادن والمواد بشكل متسق وثابت,القالب
ق,"عالم عربي وصف اختلاف الرياح وتأثيراتها المتنوعة على السحب والأشجار والزرع في كتابه ""عجائب المخلوقات""",القزويني
ق,ما اسم المعركة الفاصلة التي قادها سعد بن أبي وقاص وانتهت بسقوط الدولة الفارسية؟,القادسية
ق,ما أول شيء خلقه الله تعالى وأقسم به في القرآن الكريم؟,قلم
ق,كلمة تطلق على نهاية البيت الشعري؟,القافية
ق,ما هي البعثة الدبلوماسية التي تمثل مصالح دولة في مدينة أجنبية؟,قنصلية
ق,ما هو أول مسجد بُني في الإسلام عند وصول النبي ﷺ للمدينة المنورة؟,قباء
ق,ما هو المفهوم الإسلامي الذي يمثل علم الله تعالى بما تكون عليه المخلوقات في المستقبل؟,القدر
ق,أول مسجد بُني في الإسلام، وقد ذكره الله في القرآن بأنه أُسس على التقوى,مسجد قباء
ق,ما الاسم الذي يُطلق على الممر المائي الذي يُستخدم لمرور السفن بين المحيطات أو البحار؟,قناة
ق,الحيوان الذي يصاب بمرض الحصبة مثل الإنسان، حيث يعتبر مضيفاً قابلاً للعدوى والإصابة بها,القرد
ك,ما هي القبيلة العربية التي ينتمي إليها امرؤ القيس؟,كندة
ك,ما هو أول طعام أهل الجنّة؟,كبد الحوت
ك,ما اسم الغدة التي تُفرز الأدرينالين وتُجهز الجسم لمواجهة المواقف الطارئة؟,الغدة الكظرية
ك,ما اسم العضو المسؤول عن إزالة السموم وإنتاج المادة الصفراء الّتي تساعد على الهضم وتفكيك الدهون؟,كبد
ك,ما هو اللقب الذي كان يطلق على ملوك الفرس؟,كسرى
ك,ما هو المصطلح الذي يعبر عن النضال المستمر ضد الصعاب لتحقيق هدف محدد؟,كفاح
ك,ما هي المدينة التي استشهد فيها الحسين بن علي سنة 61هـ؟,كربلاء
ك,ماذا تسمى الطاقة الناتجة عن حركة الإلكترونات؟,كهرباء
ك,ما هو إخفاء العلم النافع الذي نهى عنه النبي ﷺ؟,كتمان
ك,ما هو اسم المقر الرئاسي الروسي الواقع في موسكو؟,كرملين
ك,ما هو الاسم العلمي لمقياس كمية المادة في الجسم والذي يقاس بالكيلوغرام؟,كتلة
ك,ما هي القبيلة التي تنتمي إليها قريش؟,كنانة
ك,نهر في الجنة من شرب منه شربة لم يضمأ بعدها أبدا,الكوثر
ك,ما هي المدينة التي أسسها الخليفة عمر بن الخطاب لتكون معسكراً للجيش الإسلامي؟,الكوفة
ك,ماذا يسمى الشخص البالغ الذي تجاوز مرحلة الشباب ووصل سن الرشد؟,كهل
ك,كلمة بمعنى تجهم الوجه وإظهار عدم الرضا...,كشرة
ك,ما الاسم الذي يُطلق على مجموعة من الثروات أو الأشياء الثمينة المخفية؟,كنوز
ك,ما هي المادة الشمعية البيضاء ولها رائحة نفاذة، وتستخرج من الأشجار وتستخدم في المراهم الطبية وطرد الحشرات؟,الكافور
ك,ما هو اسم الهيئة التشريعية العليا في الولايات المتحدة الأمريكية؟,كونجرس
ك,ما اسم التركيب في الخلية الذي يحمل الجينات وينقل الصفات الوراثية؟,كروموسوم
ك,ما هو الشيء الذي صانعه يبيعه ومشتريه لا يستعمله ومستعمله لا يعلم انه استعمله؟,الكفن
ك,ما هي الخاصية الفيزيائية التي تعبر عن نسبة الكتلة إلى الحجم؟,كثافة
ك,ما هو الحيوان الوطني لأستراليا؟,الكنغر
ك,ما هي عاصمة جمهورية غينيا؟,كوناكري
ك,ما اسم أحد أقدم أنواع الخط العربي والذي نشأ في العراق ويتميز بزواياه المستقيمة؟,الخط الكوفي
ك,مركب طبيعي يوجد بالجسم ، يُستخرج من اللحوم والأسماك ويستخدم كمكمل غذائي لزيادة قوة وحجم العضلات,الكرياتين
ك,ما اسم العضو المسؤول عن تصفية الدم وإزالة الفضلات في جسم الإنسان؟,كلى
ك,ما اسم النهر الذي يعد ثاني أطول أنهار إفريقيا؟,نهر الكونغو
ك,ما هي القطعة التي تستخدم لتغيير اتجاه المواسير بزاوية 90 أو 45 درجة؟,الكوع
ك,ما هي الظواهر غير المعتادة التي تظهر على يد الصالحين من غير الأنبياء؟,كرامات
ك,ما هي الدولة التي عاصمتها أستانا؟,كازاخستان
ك,ما هي الرياضة الأكثر شعبية في العالم؟,كرة القدم
ك,من هو بطل العالم الذي هيمن على الشطرنج من 1985 إلى 2000؟,كاسباروف
ك,من هو المدرب الذي حقق الدوري السعودي مع نادي الهلال في عام 2007-2008؟,كوزمين أولاريو
ك,ما هي الصفة القيادية التي تعني قدرة التأثير والجاذبية الشخصية؟,كاريزما
ك,ما هو العنصر الذي يدخل في تركيب جميع المركبات العضوية؟,الكربون
ك,كلمة تطلق على ذهاب ضوء الشمس في النهار عندما يحجبها القمر,الكسوف
ك,ماذا تسمى السنة التي يكون عدد أيامها ٣٦٦ يوماً بدلاً من ٣٦٥ يوم وتتكرر كل 4 سنوات؟,كبيسة
ك,ما هي عاصمة الدنمارك؟,كوبنهاغن
ك,ما هو البروتين الرئيسي في تكوين العظام والغضاريف والأوتار؟,الكولاجين
ك,من هو الصحابي الجليل الذي نزلت فيه آية الفدية في الحج {ففدية من صيام أو صدقة أو نسك} .,كعب بن عجرة (رضي الله عنه)
ك,ما هو العضو الوحيد في جسم الإنسان الذي يمكنه إعادة النمو (التجدد) بعد قطع جزء منه؟,كبد
ك,الاسم الرسمي الذي أطلقته منظمة الصحة العالمية على الجائحة التي انطلقت من الصين أواخر عام 2019,كوفيد-19
ك,ما هو العلم الذي يدرس المادة وتفاعلاتها وتحولاتها؟,كيمياء
ك,ما هو التركيب الخلوي الذي يحمل المعلومات الوراثية؟,كروموسوم
ك,مدرج روماني عملاق يقع في وسط روما، بُني في القرن الأول الميلادي,كولوسيوم
ك,ما هو المصطلح الّذي يعني تحقيق الاستفادة من الموارد بأقل هدر ممكن؟,كفاءة
ك,ما هي عاصمة أفغانستان؟,كابول
ك,"ما هي المعركة التي انتصر فيها المسلمون على الفرس وتسمى ""ذات السلاسل""؟",كاظمة
ك,صكوك مالية مؤجلة تلجأ إليها البنوك التجارية والممولون والمنتجون,كمبيالة
ك,من هو البحّار الإيطالي الذي يُنسب إليه اكتشاف أمريكا في عام 1492؟,كولومبوس
ك,أفعال ماضية ناقصة وناسخة تدخل على الجملة الاسمية ترفع المبتدأ وتنصب الخبر,كان واخواتها
ل,كلمة تعني الكلام الفارغ أو الذي لا فائدة منه، وقد يدل على الخطأ أو الكلام غير المقصود,لغو
ل,أحد أسماء الأسد يرمز إلى الشجاعة ويكثر ذكره في الأمثال,الليث
ل,ما ذا تسمى الأداة التي توضع في فم الحصان للتحكم به وتوجيهه؟,لجام
ل,ما اسم الراية التي كان يعقدها النبي ﷺ لقائد الجيش؟,لواء
ل,ما هي المقولة الشهيرة التي تحث على سرعة إنجاز العمل وعدم التسويف أو التباطؤ في أداء المهام؟,لا تؤجل عمل اليوم إلى الغد
ل,ما اسم القدرة البدنية التي تؤهل اللاعب الرياضي للأداء طوال زمن المباراة؟,لياقة
ل,ما هو السكر الموجود بشكل أساسي في الحليب ومنتجات الألبان؟,اللاكتوز
ل,ما هي عاصمة دولة البرتغال؟,لشبونة
ل,ما اسم الطائر المهاجر كبير الحجم ذو منقار وساقين طويلتين، ويرتبط في بعض الثقافات بجلب الأطفال؟,اللقلق
ل,ما اسم الكلام الذي لا فائدة منه والذي نهى عنه الإسلام؟,لغو
ل,"ورد في القرآن الكريم في سورة الكهف كلمة ""الرقيم"" فماذا تعني؟",اللوح
ل,ما هو العنصر الكيميائي رقم 3 في الجدول الدوري؟,ليثيوم
ل,صفة اجتماعية يتميز صاحبها بأسلوب مهذب وذوق رفيع؟,لباقة
ل,ما هي الصفة الإلهية التي تعني عناية الله بعباده بطريقة خفية؟,لطف
ل,ما اسم تتابع النغمات الموسيقية المنتظمة زمنياً؟,لحن
ل,ما اسم المستحضر الطبي الذي يحفز جهاز المناعة لمقاومة مرض معين؟,لقاح
ل,ما اسم الحجر الكريم الذي يتكوّن داخل المحار ويتميّز باللمعان؟,اللؤلؤ
ل,ماذا يُسمى الخطأ في الإعراب في اللغة العربية؟,اللحن
ل,ما اسم المتحف الفرنسي الشهير الذي يضم لوحة الموناليزا ويقع في باريس؟,متحف اللوفر
ل,ما المصطلح النفسي الذي صاغه فرويد للإشارة إلى الجزء المكبوت من العقل؟,لاوعي
ل,اسم عَلم مؤنث بمعنى فضة أو بريق الفضة اللامع,لُجين
ل,صحابي جليل من الشعراء الفرسان الأشراف في الجاهلية,لبيد بن ربيعة
ل,كلمة تطلق على كل ما يُستطاب طعمه أو ما يُبهج النفس عند تذوقه,لذيذ
ل,من هو الحكيم الذي سميت باسمه سورة في القرآن الكريم؟,لقمان
ل,ما هو المثل العربي الشهير الذي يحذر من مخاطر الكلام ويدعو إلى ضبط اللسان؟,لسانك حصانك، إن صنته صانك، وإن خنته خانك
ل,ما اسم النمط اللغوي المحلي المميز لمنطقة جغرافية معينة؟,لهجة
ل,ما مصطلح الشخص الذي يفر من بلده خوفاً من الاضطهاد؟,لاجئ
ل,نهر ينبع من غرب بعلبك ويصب شمال صور، ويعتبر أهم أنهار لبنان,الليطاني
ل,ما هو الاسم القديم أو الشعري للفضة,لُجين
ل,دولة مستقلة في أوروبا تقع بين ألمانيا وفرنسا وبلجيكا,لوكسمبورغ
ل,في الفقه الإسلامي ماذا يُسمى المال الضائع الذي يُعثر عليه؟,اللُقَطَة
ل,من أسماء الله سبحانه وتعالى والتي تعني الرفق والرحمة بعباده من حيث لا يشعرون,اللطيف
ل,ما اسم العقدتين اللمفاوية الموجودة في حلق الإنسان ويعملان على مقاومة العدوى؟,اللوزتين
ل,لعبة أطفال شهيرة عبارة عن قطع بلاستيكية صغيرة على شكل مكعبات ومستطيلات، تُستخدم في البناء والتركيب لتشكيل نماذج مختلفة,ليغو
ل,ما هو السؤال أو الموقف أو النص الغامض الذي يتطلب تفكيراً واستنتاجاً للوصول إلى حله أو فهمه؟,لغز
ل,ما هي النظرة السريعة أو الإشارة الموجزة التي تعطي فكرة أولية أو جزئية عن شيء ما؟,لمحة
ل,ما اسم الجهاز الذي يعتمد على تضخيم الضوء بواسطة الانبعاث المحفز للإشعاع؟,ليزر
ل,مصطلح يطلق على مقاومة الانسياب وهي قوة تحول دون انسياب السائل بسهولة,اللزوجة
ل,جمهورية في الجزء الغربي من أفريقيا تحدها غينيا شمالًا وساحل العاج شرقًا عاصمتها مونروفيا,ليبيريا
ل,ما المصطلح الذي يُطلق على منظومة الإشارات غير اللفظية مثل تعابير الوجه وحركات اليدين ووضعية الجسم وغالبًا ما تكون أكثر تأثيرًا من الكلمات المنطوقة؟,لغة الجسد
ل,ما اسم العملية الرياضية التي تعكس عملية الأس؟,لوغاريتم
ل,في اي نادي أسباني لعب له اللاعب السعودي يحيى الشهري على سبيل الإعارة؟,ليغانيس
ل,أين يقع نهر الكلب الذي يصب على البحر الأبيض المتوسط؟,لبنان
ل,ما هو العضو الموجود في معظم الفقريات، وهو عضلي متموضع في قاع الفم؟,اللسان
ل,ما اسم الجماعة من عدة أعضاء للنظر في قضية معينة أو لإنجاز عمل؟,لجنة
ل,من هو اللاعب الذي يحمل الرقم القياسي لأكثر عدد من الأهداف المسجلة في مباريات رسمية خلال سنة ميلادية واحدة في تاريخ كرة القدم؟,ليونيل ميسي
ل,ما اسم السجل الذي كتب الله فيه مقادير الخلائق قبل خلق السماوات والأرض؟,اللوح المحفوظ
ل,ما اسم الوثيقة التي تحدد القواعد التنظيمية لمؤسسة ما؟,لائحة
ل,ما اسم العلم الذي يهتم بتنظيم نقل وتخزين وتوزيع المواد والمنتجات؟,لوجستية
ل,نظام من الرموز والأصوات يستخدمه البشر للتواصل,لغة
ل,ماذا يسمى النسيج الدافئ الذي يستخدمه الإنسان كغطاء له عند النوم؟,لحاف
م,ما هو اسم القسم في الشركات الذي يهتم بتوظيف الموظفين وتدريبهم ومتابعة شؤونهم الإدارية؟,الموارد البشرية
م,منشأة علمية وثقافية تُعنى بجمع وحفظ وتوثيق القطع الأثرية، هدفها عرض التراث الإنساني، فما هي؟,متحف
م,ما هي العلاقة الرياضية التي تربط متغيرين أو أكثر بعلامة يساوي؟,المعادلة
م,ما هو وصف الشخص الذي لا يجوز للمرأة الزواج منه كالأب والأخ؟,محرم
م,علم وتقنية توجيه السفن والطائرات والمركبات وتحديد موقعها ومسارها بدقة,الملاحة
م,من هو القائد العثماني الذي فتح القسطنطينية وجعلها عاصمة الدولة العثمانية؟,محمد الفاتح
م,ماذا تسمى التجربة المثيرة والجريئة التي يفعلها الشخص وتكون مليئة بالمخاطرة والنتائج غير المؤكدة، وتولد روح الإثارة والاستكشاف,مغامرة
م,ما هو الاحتفال الذي يقام للاحتفاء بمناسبة ثقافية أو فنية معينة؟,مهرجان
م,ما هي المكاتبات المتبادلة بين طرفين أو أكثر عبر وسائل الاتصال المختلفة؟,مراسلات
م,ما هو وصف الحديث النبوي الذي نقله عدد كبير من الرواة يستحيل تواطؤهم على الكذب؟,متواتر
م,ثقوب ومنافذ في جلد الإنسان والحيوان,مسامات
م,ما اسم المكان الذي تُعرض فيه القطع الأثرية أو الفنية بهدف التعليم والحفاظ على التراث؟,متحف
م,صحابية جليلة هي أحد أمهات المؤمنين وآخر زوجات النبي ﷺ,ميمونة بنت الحارث (رضي الله عنها)
م,ماذا يسمى الاتفاق الجماعي الذي يحدد القواعد والأسس؟,ميثاق
م,ما هي الشعائر والأعمال التي يقوم بها الحاج أثناء أداء فريضة الحج؟,مناسك
م,مالأكلة الشعبية الشهيرة في منطقة جازان، وتتكون عادة من لحم وخضار في وعاء حجري أو فخاري بنفس اسم الأكلة؟,المغش
م,ماذا يطلق على الحيوان الذي مات بالخنق وهو أحد أنواع الميتة المحرم أكلها والمذكورة في القرآن الكريم؟,المنخنقة
م,كلمة بمعنى موضع النوم أو الراحة,مَضْجَع
م,ما هو الهرمون المسؤول عن تنظيم النوم في جسم الانسان؟,الميلاتونين
م,ما هي أول جامعة رسمية تم إنشاؤها كجامعة في المملكة العربية السعودية في عام 1957م؟,الملك سعود
م,الثمار أو النباتات التي يتم زرعها وحصادها بكميات كبيرة للاستهلاك البشري أو الحيواني أو لاستخدامها في الصناعة,المحاصيل
م,ما الاسم الذي يُطلق على الجسد المحنّط الذي يُحفظ من التحلل باستخدام وسائل خاصة، وارتبط بالحضارة المصرية القديمة؟,مومياء
م,ما اسم القبائل الآسيوية التي اجتاحت العالم الإسلامي في القرن الثالث عشر الميلادي؟,المغول
م,ما اسم الكوكب الذي يُعرف بالكوكب الأحمر؟,المريخ
م,ماذا تسمى الزاوية الأكبر من 90 درجة وأقل من 180؟,منفرجة
م,ما هو اسم السلاح الذي استخدمه المسلمون لأول مرة في حصار حصون خيبر؟,المنجنيق
م,كلمة تطلق على المضيف صاحب البيت الذي يستقبل الضيوف؟,المعزب
م,كلمة تطلق على المكان الذي ترسو فيه السفن وتحمّل وتفرغ بضائعها؟,ميناء
م,ما هي الجهة القضائية التي تفصل في النزاعات القانونية ؟,محكمة
م,ماذا يسمى من يرجى إسلامه أو كف شره بإعطائه من الزكاة؟,المؤلفة قلوبهم
م,ما اسم الجهاز الحيوي في جسم الإنسان المسؤول عن الدفاع ضد الأمراض والعدوى؟,الجهاز المناعي
م,ماذا يسمى كل مايشغل حيز وله كتلة؟,المادة
م,ما هي الأداة الثقيلة التي تلقى في قاع البحر لتثبيت السفينة؟,مرساة
م,ما اسم الشكل الشعري الأندلسي الذي يُكتب بأسلوب غنائي وله بنية مختلفة عن القصيدة التقليدية؟,الموشحات
م,ما هو الممر المائي الذي يصل بين مسطحين مائيين كبيرين؟,مضيق
م,ما اسم الدولة التي حكمت مصر والشام بعد سقوط الدولة الأيوبية وهزمت المغول في معركة عين جالوت؟,المملوكية
م,هي أمر خارق للعادة يجريه الله على أيدي أنبياء؟,المعجزة
م,ما هو الاسم الذي لا يقبل التنوين ويُجَرُّ بالفتحة نيابةً عن الكسرة؟,الممنوع من الصرف
م,ما اسم العضلات التي لا يتحكم بها الإنسان وتوجد في بعض الأعضاء مثل المعدة والأمعاء والأوعية الدموية؟,عضلات ملساء
م,"ما هي السورة الكريمة التي ذكر فيها لفظ الجلالة ""الله"" في جميع آياتها، وذكر اللفظ 41 مرة في 22 آية",سورة المجادلة
م,ما هي الوثيقة التاريخية المكتوبة باليد قبل اختراع الطباعة؟,مخطوطة
م,"من هو الخليفة العباسي الذي أسس ""بيت الحكمة"" واهتم بالترجمة والعلوم والفلسفة؟",المأمون
م,في الرياضيات ماذا يسمى الرمز الذي يمثل كمية مجهولة أو قيمة غير ثابتة؟,المتغير
م,ما اسم الحضارة القديمة التي نشأت في أمريكا الوسطى وامتازت بتقويمها الدقيق؟,حضارة المايا
م,ما اسم الشخصية الكرتونية الشهيرة التي أبدعتها شركة ديزني وأصبحت رمزاً لها؟,ميكي ماوس
م,ما هو الحكم الشرعي للفعل الذي يُثاب تاركه ولا يُعاقب فاعله؟,مكروه
م,جهاز متعدد الأنواع والأشكال، يعتمد على قوة الجاذبية الأرضية لقياس كتلة الجسم,الميزان
م,ما اسم الأنبوب الذي ينقل الطعام من الفم إلى المعدة؟,مريء
م,ما معنى مسغبة في قوله تعالى: ( أَوْ إِطْعَامٌ فِي يَوْمٍ ذِي مَسْغَبَةٍ )؟,مجاعة
م,مادة عطرية دهنية سمراء يفرزها نوع من الأيائل,مسك
م,من هو الهداف التاريخي لكأس العالم؟,ميروسلاف كلوزة
م,ما هو النظام النجمي الضخم الذي يتكون من مليارات النجوم؟,مجرة
م,ماذا يُطلق على من عاصر عهدين أو عصرين مختلفين، وأبرزهم من أدرك الجاهلية والإسلام؟,مخضرم
م,ما هي عاصمة جمهورية ليبيريا؟,مونروفيا
م,اللقب الذي يطلق عادة على مشاة البحرية الأمريكية,المارينز
م,ما هو معدل حالة الطقس لمنطقة معينة على مدى فترة زمنية طويلة؟,مناخ
م,في أي سورة من سور القرآن الكريم تم ذِكر صفة الوضوء؟,سورة المائدة
م,ماذا تسمى الحيوانات التي تقوم بإعادة مضغ الطعام بعد ابتلاعه؟,المجترات
م,ما هو الجزء من الدماغ المسؤول عن التوازن وتنسيق الحركة؟,المخيخ
م,هو من يُظهر الإيمان ويُخفي الكفر، ويُظهر خلاف ما يُبطن، وقد توعّدهم الله بأسفل دركات النار,المنافق
م,ما هي عاصمة جمهورية جزر القمر؟,مروني
م,ما اسم الأداة التي تُستخدم لتكبير الأجسام الدقيقة التي لا تُرى بالعين المجردة؟,مجهر
م,ما هي السورة التي تسمى سورة القتال؟,سورة محمد
م,ما هي أكثر لعبة مبيعًا في تاريخ الألعاب الإلكترونية وتجاوزت مبيعاتها 300 مليون نسخة عالميًا؟,ماين كرافت
م,أحد أجود وأفخم أنواع البخور، يستخرج من غابات بابوا في إندونيسيا ويعتبر خيار مثالي للمناسبات الراقية,مروكي
م,صحابي جليل، ولد في حجة الوداع ورباه علي بن أبي طالب (رضي الله عنه),محمد بن أبي بكر الصديق (رضي الله عنهما)
م,ما الاسم الذي يُطلق على نوع أدبي يتميز بالسجع واللغة البلاغية ويدور حول مغامرات خيالية؟,المقامات
م,"من هو الشاعر العربي الذي قال: ""إذا غامرتَ في شرفٍ مرومِ، فلا تقنعْ بما دونَ النجومِ""؟",المتنبي
م,أول غزوة شارك فيها خالد بن الوليد بعد إسلامه وكانت في السنة الثامنة للهجرة,غزوة مؤتة
م,هو ما يُطلق على فترة زمنية محددة من العام تتميز بظروف مناخية او انشطة بشرية معينه,موسم
م,ما هو الفن الأدائي الذي يقدم قصة عبر الحوار والتمثيل أمام جمهور مباشر؟,مسرحية
م,ماذا تسمى الطّاقة المُستَمّدة من الموارد الطبيعية التي لا تنفذ وتتجدد باستمرار,متجددة
م,"من هو الصحابي الجليل الذي قال عنه النبي صلى الله عليه وسلم: ""أعلم أمتي بالحلال والحرام""؟",معاذ بن جبل (رضي الله عنه)
م,ما اسم البطل في فيلم Gladiator؟,ماكسيموس
م,ما هي المادة التي تُشكّل 80% من حجم دماغ الإنسان؟,الماء
م,ما هي الأداة التي تستخدم للإعدام عن طريق فصل الرأس عن الجسم؟,مقصلة
م,ماذا تسمى المجاعة الشديدة وقد ورد ذكرها في القرآن الكريم؟,مسغبة
م,ماذا تسمى المسافة حول الدائرة؟,محيط
م,ماذا يسمى الجهاز الذي يتحكم في مرور السائل داخل المواسير بفتحه وإغلاقه؟,محبس
م,ما هو الجزء من النهر الذي يلتقي فيه الماء العذب بالماء المالح؟,المصب
ن,ما اسم السد الإثيوبي المثير للجدل على النيل الأزرق؟,نهضة
ن,ما المصطلح الشرعي الذي يعني رفع الحكم الشرعي بدليل شرعي متأخر؟,نسخ
ن,ما المقدار المحدد شرعاً من المال الذي تجب فيه الزكاة؟,نصاب
ن,ما هو أطول نهر في العالم والذي يبلغ طوله 6650 كيلومتر؟,نهر النيل
ن,ما اسم التفسير العلمي الشامل المدعوم بالأدلة التجريبية؟,نظرية
ن,كلمة وردت في القرآن الكريم بمعنى التعب والمشقة والعناء,النَصب
ن,منطقة تاريخية تقع في وسط المملكة العربية السعودية وتُعرف بأنها مهد الكثير من العادات والتقاليد في السعودية ؟,نجد
ن,ما اسم الحركة القومية المتطرفة التي حكمت ألمانيا بقيادة هتلر؟,نازية
ن,من هو الرجل الصالح والّذي صلّى عليه النبي صلى الله عليه وسلم صلاة الغائب؟,النجاشي ملك الحبشة
ن,ما اختصار اسم حلف شمال الأطلسي؟,ناتو
ن,ما عاصمة النيجر؟,نيامي
ن,ما عاصمة موريتانيا؟,نواكشوط
ن,ما المصطلح الذي يشير إلى الطريقة المنظمة والمستمرة لتحقيق هدف معين؟,نهج
ن,ما اسم العبادة التي يؤديها المسلم تطوعاً وليست فرضاً؟,نافلة
ن,ما الشرط الأساسي لصحة العبادات وقبولها عند الله؟,نية
ن,ما هو المعدن الأكثر شيوعًا في صناعة الأسلاك الكهربائية؟,النحاس
ن,أسطورة التنس الإسباني وصاحب الرقم القياسي في بطولات فرنسا المفتوحة,نادال
ن,ما المصطلح الذي يشير إلى مجموعة القواعد والمؤسسات التي تنظم شؤون الدولة؟,نظام
ن,ما هي النظرية الفيزيائية التي وضعها ألبرت أينشتاين وغيّرت فهمنا للزمان والمكان؟,نظرية النسبية
ن,هي من الطيور التي لا تطير وتعد بيضتها أكبر بيضة لكائن حي حاليًا، وأطلق عليها الكثير من الأمثال,نعامة
ن,ما اسم فن تشكيل المجسمات باستخدام مواد مثل الحجر أو الخشب أو الطين؟,نحت
ن,ما اسم الإشارة الكهربائية السريعة التي ترسل في الأنظمة الرقمية؟,نبضة
ن,ماذا يسمى صوت الغراب؟,نعيق
ن,جسم معدني مجوف في داخله لسان يصطدم بحوافه كلما قرع فيحدث له صوت,ناقوس
ن,ماذا يسمى إلزام النفس بعبادة ما فوق العبادة المفروضة؟,نذر
ن,ما المصطلح الذي يعني تحليل وتقييم الأفكار والأعمال بهدف تطويرها؟,نقد
ن,كلمة تدل على كل شيء يحرم تناوله ولا تصح الصلاة حال وجوده على البدن,النجاسة
ن,صبغة زرقاء طبيعية عُرفت بالهند منذ القدم ثم أُدخلت إلى أوروبا في منتصف القرن السادس عشر,النيلة
ن,عشب طيب الرائحة يُستخرج منه زيت يدخل في صناعة الحلوى والعقاقير الطبية والصابون والعطور ويستعمل مع الشاي,النعناع
ن,ما اسم القطعة الصخرية من الفضاء التي تنجو من الاحتراق وتصل إلى سطح الأرض؟,نيزك
ن,كلمة يوصف بها شدة عذوبة الماء وبرودته...,النُقاخ
ن,ما اسم أكبر دولة من حيث عدد السكان في أفريقيا؟,نيجيريا
ن,طريق يشق الأرض أو البحر، ويربط بين نقطتين لتسهيل النقل والمواصلات,النفق
ن,ما نوع السلاح الذي استخدم لأول مرة ضد مدينتي هيروشيما وناغازاكي؟,نووي
ن,ما المصطلح الذي يشير إلى الفئة المتميزة من مجموعة ما؟,نخبة
ن,مصطلح أدبي يشير إلى تحويل الشعر إلى كلام عادي مع الحفاظ على المعنى,نثر
ن,وحدة فيزيائية تستخدم لقياس القوة والأثقال، والتي سُميت تكريماً للعالم الذي اكتشف قوانين الحركة ووضع أسسها,نيوتن
ن,ما اسم الغدة التي تُعرف بسيدة الغدد؟,الغدة النخامية
ن,شعيرة في الجاهلية يتم فيها تأخير حرمة الأشهر الحرم بهدف إباحة القتال فيها,النسيء
ن,ما هي السورة القرآنية الكريمة التي تنتهي جميع آياتها بحرف السين؟,الناس
ن,ما هي اكبر دولة إسلامية في قارة إفريقيا؟,نيجيريا
ن,ماذا يطلق على المرأة واسعة العينين؟,النجلاء
ن,لقب يطلق على ملوك الحبشة قديمًا؟,النجاشي
ن,ما المصطلح القانوني الذي يعني إلغاء حكم صادر من محكمة أدنى؟,نقض
ن,من هو أول من هبط على سطح القمر؟,نيل أرمسترونغ
ن,ما هو العلم الذي يدرس قواعد تركيب الجملة والإعراب في اللغة العربية؟,النحو
ن,ما هي عاصمة جمهورية كينيا؟,نيروبي
ن,قطرات ماء تتكون على الأسطح النباتية والأرضية نتيجة تكاثف بخار الماء في الجو,الندى
ن,ماذا كانت تسمى مدينة نيويورك قديمًا؟,نيو أمستردام
ن,ما السورة التي ذُكرت فيها البسملة مرتين؟,سورة النمل
ن,كلمة بمعنى الريح الخفيفة والطيبة,نسيم
ن,ما اسم العلامة في السماء التي تدل على اتجاه الشمال وتُستخدم في الملاحة منذ العصور القديمة؟,النجم القطبي
ن,ماذا يطلق على خفة الحركة والحيوية والقوة على العمل؟,نشاط
ن,ما المركز الأساسي للذرة الذي يحتوي البروتونات والنيوترونات؟,نواة
ن,اضطراب يتميز بالغرور الشديد والتمركز حول الذات والحاجة الماسة للإعجاب ونقص شديد في التعاطف,نرجسية
ن,"من هو الأديب المصري الحائز على جائزة نوبل في الأدب، وصاحب ثلاثية ""بين القصرين"" و""قصر الشوق"" و""السكرية""؟",نجيب محفوظ
ن,حرفة يدوية تعتمد على تشكيل الخشب وتوصيله، لإنتاج القطع الأساسية في المنزل كالأبواب والخزائن والكراسي,نجارة
ن,ظاهرة طبيعية تحدث أحيانًا يفقد فيها الإنسان القدرة على استرجاع المعلومات والخبرات والمهارات,النسيان
ن,ماذا يسمى الجسيم الذي لا شحنة له في نواة الذرة؟,النيوترون
ن,مصطلح علمي بمعنى إزالة اللون من الخلايا بالعاومل الطبيعية أو التجريبية، وباللغة بمعنى خلع بقوة,نزع
ن,بمعنى الحديث الخفي,نجوى
ن,ما هي الوحدة الّتي يُقاس فيها الارتفاع والانخفاض في سوق الأسهم السعودي؟,النقطة
ن,ماذا يسمى صوت الفيل؟,نهيم
ن,ماذا يسمى صوت الدجاجة؟,نقنقة
ن,حرفة بشرية عريقة، تعتمد على تشابك مجموعتي الخيوط مع بعضها وفق زاوية قائمة لإنتاج الأقمشة والسجاد والخيام,حرفة النسج أو النسيج
ن,ما العنصر الذي يشكل حوالي 78% من الغلاف الجوي؟,نيتروجين
ن,ما هي الدولة التي عاصمتها أبوجا؟,نيجيريا
ن,ما المصطلح الاقتصادي الذي يقيس زيادة الإنتاج والدخل القومي؟,نمو
ن,اسم أجنبي لسائل هلامي نفطي ملتهب، يستعمل في إعداد القنابل المحرقة، محرم دوليًا وكان يستخدم أيام الحرب العالمية الثانية,نابالم
هـ,ما الكلمة التي تُطلق على الغبار الدقيق المنتشر في الهواء؟,هَبَاء
هـ,ماذا كانت تسمى المئة من الإبل عند العرب قديمًا؟,الهند (أو الهنيدة)
هـ,ما الكلمة التي تعبّر عن أمر عظيم يبعث على الخوف والفزع؟,هَوْل
هـ,ما المصطلح الذي يطلق على انتقال مجموعات من البشر أو الحيوانات من منطقة لأخرى بقصد الاستقرار؟,هجرة
هـ,مصطلح بمعنى طرف الشي، ويستخدم مجازيًا للدلالة على عدم الأهمية,هامش
هـ,من هو اللاعب السعودي الذي لعب للاتحاد والهلال والشباب وشارك في كأس العالم 2018؟,هتان باهبري
هـ,ما الكلمة العربية التي تصف المطر الخفيف المستمر؟,هَتَان
هـ,ما هو الحيوان الذي وعد نبينا سليمان عليه السلام أن يعذبه عذاباً شديداً أو يأتيه بخبر يقين؟,الهدهد
هـ,ماذا تسمى حالة الإدراك الحسي الخاطئ لأشياء غير موجودة في الواقع؟,الهلوسة
هـ,أصوات تُرفع عاليًا للفرح والتشجيع أو للاحتجاج,هتاف
هـ,من هو الخليفة العباسي الذي ارتبط اسمه بازدهار الدولة الإسلامية وعصر الترجمة والعلوم؟,هارون الرشيد
هـ,ماذا يسمى أشد أنواع الجزع والخوف؟,الهلع
هـ,هو المنطق الفارغ الذي لامعنى له,هُراء
هـ,ما اسم الحدث التاريخي الذي انتقل فيه النبي صلى الله عليه وسلم والمسلمون من مكة إلى المدينة لتأسيس الدولة الإسلامية؟,الهجرة
هـ,كلمة تطلق على صوت الأمواج عند ارتطامها بالشاطئ؟,هدير
هـ,ماذا يطلق على الخطأ غير المقصود أو السقطة البسيطة؟,هفوة
هـ,كلمة عربية تعني الشيء الرقيق اللين أو سريع الكسر,هش
هـ,ما عاصمة فنلندا؟,هلسنكي
هـ,النزول من مكان عالٍ إلى مكان منخفض,هبوط
هـ,ما هو الغاز المستخدم في ملء البالونات والمناطيد؟,الهيليوم
هـ,ما الكلمة التي تعبّر عن شعور داخلي بالحزن أو القلق؟,هم
هـ,ما هي المادة الكيميائية التي تفرزها الغدد الصماء وتنقل عبر الدم لتنظيم وظائف الجسم؟,هرمون
هـ,كلمة تُطلق على الشيء الناتج عن تزاوج أو دمج نوعين مختلفين، ويتميز بصفات من مشتركة من أصله,هجين
هـ,"الوحدة المفضلة للفلاحين والزراعيين لقياس المساحات وتساوي 10,000 متر مربع",هكتار
هـ,ما هو الاسم الذي يُطلق على الحيوانات التي تُذبح في الحج تقربًا إلى الله؟,هدي
هـ,ما الحالة النفسية التي تعني التعلق الشديد والمفرط بشيء ما؟,الهوس
هـ,ما وحدة قياس التردد في النظام الدولي، والتي تعبر عن عدد الذبذبات في الثانية الواحدة؟,هرتز
هـ,ما المصطلح الذي يصف كلامًا غير مترابط يصدر غالبًا عن مريض أو فاقد للوعي؟,هذيان
هـ,ما الاسم الذي أطلق على السكان الأصليين للأمريكتين؟,هنود حمر
هـ,ما الكلمة التي تعبّر عن اللين والرفق في التعامل؟,هوادة
هـ,ما المصطلح الذي يُستخدم لوصف خسارة في حرب أو منافسة؟,هزيمة
هـ,ما اسم أعلى سلسلة جبال في العالم وتضم قمة إيفرست؟,هيمالايا
هـ,ما المفهوم الذي يشير إلى مجموعة الخصائص التي تميز الفرد أو المجتمع؟,هوية
هـ,ماذا يُطلق على حسن المظهر واللباس؟,هندام
هـ,ما هو المصطلح الشرعي للعطية بلا مقابل؟,هبة
هـ,ما المصطلح السياسي الذي يعني وقف مؤقت للعمليات العسكرية باتفاق الأطراف المتحاربة؟,هدنة
هـ,ما العنصر الكيميائي الأكثر وفرة في الكون؟,الهيدروجين
هـ,ما عملية إعادة تنظيم المؤسسة أو الشركة لتحسين كفاءتها؟,هيكلة
هـ,كلمة تعني العزم والإرادة القوية لتحقيق هدف ما,همة
هـ,ما المصطلح الذي يدل على شدة الحب لدرجة الضياع أو التشتت؟,هَيْمَان
هـ,ما هو الحيوان الصغير الّذي يشتهر بتخزين الطعام في خديه؟,الهامستر
هـ,ما المصطلح الذي يُطلق على الابتعاد السريع عن خطر محدق حفاظًا على النفس؟,هروب
هـ,ما اسم القبيلة التي واجهها المسلمون في غزوة حنين؟,هوازن
هـ,ما العلم الذي يهتم بالتصميم والبناء لحل المشكلات التقنية وخدمة الإنسان؟,الهندسة
هـ,"ما وحدة قياس المساحة التي تساوي 10,000 متر مربع؟",هكتار
هـ,مساحة واسعة مرتفعة من الأرض تتميز بسطح مسطح أو شبه مستوٍ,هضبة
هـ,ما المصطلح الذي يعني ترك الشيء والابتعاد عنه عمدًا؟,هجر
هـ,ما المصطلح الذي يعني الفناء أو الموت؟,الهلاك
هـ,ما الكلمة التي تدل على الضعف وقابلية الشيء للكسر بسهولة؟,هشاشة
هـ,ما هو الجهاز الذي يستخدم لقياس الرطوبة؟,الهيجرومتر
هـ,ما هو الشكل الهندسي الذي تتكون قاعدته من مربع وأوجهه الأخرى مثلثات تلتقي في نقطة واحدة؟,هرم
هـ,ما هو أشهر مضيق في العالم والذي يربط بين الخليج العربي وخليج عمان؟,مضيق هرمز
هـ,ما هو نوع الشعر الّذي يتم فيه النقد أو السخرية اللاذعة من شخص أو مجتمع؟,هجاء
هـ,ما الكلمة التي تعني ضياع الشيء دون الاستفادة منه؟,هدر
هـ,ما هو البروتين المحمول داخل خلايا الدم الحمراء ويحتوي على ذرات الحديد يلتقط الأوكسجين في الرئتين ويسلّمه إلى الأنسجة للحفاظ على حياة الجسم؟,الهيموجلوبين
هـ,ما هو المصطلح الذي يعني انعدام الجدية والمزاح في الأمور الجادة؟,هزل
هـ,من هي المرأة التي أسلمت بعد فتح مكة وهي زوجة أبو سفيان؟,هند بنت عتبة
هـ,مصطلح بمعنى الاندفاع والانقضاض بشراسة؟,هجوم
هـ,ماذا يسمى الصوت الخافت المنخفض جدًا؟,همس
هـ,ما الصفة التي تجمع بين الاحترام والإجلال والخوف؟,هيبة
هـ,ما المصطلح الإسلامي للتوفيق الإلهي للإنسان للوصول إلى الحق؟,هداية
هـ,اتفاق رسمي ومؤقت بين أطراف متحاربة لوقف العمليات العسكرية والقتال لفترة زمنية محددة,هدنة
هـ,ما المصطلح الذي يعني عملية تفكيك الطعام داخل الجسم لاستخلاص الطاقة؟,هَضم
هـ,ما الصفة التي تشير إلى علو العزيمة والإرادة القوية في العبادة؟,همة
هـ,ما المصطلح الذي يُطلق على الآراء التي تُخالف العقيدة الدينية الرسمية وتُعتبر ضلالاً؟,هرطقة
هـ,ما الكلمة التي تعبّر عن السيطرة والنفوذ على الآخرين؟,هيمنة
و,ما هي وحدة قياس القدرة الكهربائية في النظام الدولي للوحدات؟,واط
و,ما اسم العلم الذي يدرس انتقال الصفات من الآباء إلى الأبناء؟,الوراثة
و,ما الكلمة التي تعني العمل أو المهمة التي يقوم بها الشخص في حياته المهنية؟,وظيفة
و,ما اسم طعام العرس في الإسلام؟,وليمة
و,ما المنصب الرسمي الذي يُطلق وريث الملك في النظام الملكي؟,ولي العهد
و,مقولة شهيرة تشير إلى أن اتخاذ التدابير الاحترازية لتجنب المشكلة أفضل من حل المشكلة بعد وقوعها,الوقاية خير من العلاج
و,أحد ناحيتي العملات المعدنية,الوجه
و,ما المصطلح الذي يُستخدم لوصف المطر الكثيف والشديد؟,وابل
و,ما الصفة الإسلامية التي تعني ترك الشبهات خوفاً من الوقوع في الحرام؟,ورع
و,ما هو الاتصال الرباني الذي كان ينزل على الأنبياء والرسل لتبليغ رسالات الله؟,وحي
و,ما الكلمة التي تصف شعورًا أو فكرة سريعة تظهر فجأة في العقل؟,ومضة
و,ما هو المصطلح الذي يعني الطريقة لتحقيق هدف معين؟,وسيلة
و,ماذا يطلق على المرض المعدي الذي ينتشر بسرعة ويصيب عدداً كبيراً من الناس في منطقة جغرافية واسعة؟,وباء
و,هو مايلزمنا به الشرع ويُثاب فاعله ويُعاقب على تركه,الواجب
و,كلمة تشير إلى عش الطيور ومأوى الحيوانات أو المكان المخصص للاختباء فيه,وكر
و,ما المنطقة الخضراء المحاطة بالصحراء والتي تتوفر فيها المياه الجوفية؟,واحة
و,ما هو المصطلح الذي يُطلق على كل ما يُعبد من دون الله سواء كان له صورة أو بلا صورة؟,وثن
و,ما الكلمة التي تعبر عن إدراك الإنسان لما حوله وقدرته على الفهم؟,وعي
و,ما المصطلح الذي يدل على شيء قريب الحدوث؟,وشيك
و,ما الصفة التي تعني الإخلاص والانتماء لشخص أو جماعة؟,ولاء
و,من هو الشخص المكلف شرعاً برعاية شؤون القاصر ومصالحه؟,الولي
و,ماذا تسمى العلامة التي تعبر عن شرف وتقدير تُمنح للشخص على إنجازاته؟,وسام
و,ما هو التصرف الشرعي الذي يقوم به الإنسان في تحديد مصير ثلث ماله بعد وفاته؟,وصية
و,ماذا يسمى العمود أو المسمار الذي يُستخدم لتثبيت شيء؟,وتد
و,مصطلح يطلق على الرجل الرزين الحليم,وقور
و,ما عاصمة بولندا؟,وارسو
و,خلق إيماني رفيع يعبر عن التزام المسلم بترك الحرام والبعد عن الشبهات...,الورع
و,ما هي الكلمة التي تعني مخلوقًا شرسًا أو مفترسًا في الطبيعة أو الأساطير؟,وحش
و,ما الكلمة التي تصف الشخص الذي يتدخل للتفاوض أو حل النزاع بين طرفين؟,وسيط
و,ما اسم الشريان الرئيسي الذي يخرج من البطين الأيسر للقلب؟,وتين
و,ما مصطلح الانسجام والتوافق بين أفراد أو مجموعات؟,وئام
و,ما هو النظام الإسلامي الذي يتم فيه حبس الأصل وتسبيل المنفعة لأغراض خيرية؟,وقف
و,ماذا يُطلق على الورقة التي يكتب فيها الطبيب أنواع الأدوية للمريض وتعليمات استخدامها؟,وصفة طبية
و,ما المصطلح الذي يطلق على عبادة الأصنام والتماثيل؟,وثنية
و,كلمة تعني الضوء الساطع أو اللمعان الشديد,وهج
و,ما المؤسسة التي تمثل جهة أخرى وتعمل نيابة عنها؟,وكالة
و,"ما هو نادي كرة القدم الإنجليزي الّذي ينافس في الدوري الممتاز، ويُلقّب بـ""المطارق""؟",ويست هام
و,ما المجموعة الرسمية التي تمثل دولة أو هيئة أو مؤسسة في مفاوضات أو مناسبات ؟,وفد
و,ما المصطلح الفيزيائي الذي يصف الضوء المنبعث من جسم ساخن جداً؟,وهج
و,من هو الرجل الذي كان يقرأ الكتب السماوية، وبشّر النبي صلى الله عليه وسلم بأن ما نزل عليه هو وحي من الله؟,ورقة بن نوفل
و,مصطلح يطلق على الشخص اللطيف في تعامله والمحب للآخرين,ودود
و,ما المصطلح الذي يُطلق على المادة التي تُستعمل لإنتاج الطاقة، مثل البنزين أو الغاز؟,وقود
و,ما نوع المباراة التي تقام خارج إطار المنافسات الرياضية الرسمية؟,ودية
و,ما نوع الفيلم الذي يعرض حقائق ومعلومات واقعية بهدف التوثيق والتعليم؟,وثائقي
و,ما المصطلح الذي يطلق على الأفكار المذمومة التي يلقيها الشيطان في قلب الإنسان؟,وسوسة
و,ماذا تسمى صفة المحافظة على العهد والوعد؟,وفاء
و,ما العملية التي يتدخل فيها طرف ثالث محايد لحل النزاع بين طرفين؟,وساطة
و,ما اسم المنطقة المنخفضة بين التلال أو الجبال؟,وادي
و,ما المستند الرسمي الذي يتضمن معلومات أو نصوصاً ذات قيمة قانونية أو سياسية؟,وثيقة
و,ما هي العملة الرسمية في دولة كوريا؟,وون
و,ما المصطلح الذي يُطلق على مقدار الجاذبية التي تؤثر على جسم ما وتُقاس بوحدة النيوتن؟,الوزن
و,كلمة بمعنى دخل وتغلغل في الشيء وهي ضد خرج,ولج
و,ماذا يسمى المكان أو الدولة التي ينتمي إليها الإنسان ويعتبرها بيته؟,وطن
و,ما المصطلح الذي يعني نقل الكلام بنية التحريض والتحريش وفضح الأسرار بين الناس؟,وشاية
و,مصطلح بمعنى الألم والمرض؟,وَصَب
ي,ما اسم الغلام الذي رافق موسى أثناء مقابلته الخضر؟,يوشع بن نون (عليه السلام)
ي,ما هي العملة الرسمية للاتحاد الأوروبي والذي تعد ثاني أكثر العملات تداولاً في العالم؟,يورو
ي,مدينة من المدن التي شهدت مؤتمرًا عالميًا في الحرب العالمية الثانية وتقع على الساحل الجنوبي لشبه جزيرة القرم,يالطا
ي,ما المبدأ الإسلامي الذي يُشير إلى سهولة الدين وعدم التكليف بما لا يُطاق؟,يسر
ي,كلمة ورد ذكرها في القرآن ومعناها الدخان الأسود شديد الحرارة,يَحموم
ي,ما اسم المعركة الحاسمة في حروب الردة وكانت ضد مسيلمة الكذاب؟,معركة اليمامة
ي,ما العنصر المشع الذي يستخدم كوقود في المفاعلات النووية؟,يورانيوم
ي,ما هي عاصمة جمهورية الكاميرون؟,ياوندي
ي,من هو المدرب الألماني الذي قاد منتخب بلاده للفوز بكأس العالم 2014 لكرة القدم؟,يواكيم لوف
ي,من هو النبي الذي بُشرت به أمه وهي عاقر وأبوه شيخ كبير؟,يحيى
ي,ما هو الاسم الحقيقي للقائد صلاح الدين الايوبي؟,يوسف بن أيوب
ي,ما اسم القسم المؤكد في الإسلام والذي يجب الوفاء به أو دفع كفارة عند حنثه؟,يمين
ي,ما هي عاصمة دولة أرمينيا؟,يريفان
ي,ما اسم المدينة السورية التي تشتهر بكونها من أقدم الحواضر المأهولة في التاريخ؟,يبرود
ي,ما هي الحالة النفسية التي تعبر عن فقدان الأمل في تحقيق شيء مرغوب فيه؟,يأس
ي,من اللاعب السعودي الذي لعب في نادي ليغانيس الإسباني؟,يحيى الشهري
ي,ماذا تسمى الحالة التي تعني الانتباه والوعي الكامل؟,يقظة
ي,ماذا تسمى الفراشة والنحلة في مرحلتها الأولى بعد خروجها من البيضة؟,يرقة
ي,ما هو المصطلح الجغرافي الذي يطلق على الجزء الصلب من سطح الأرض الذي لا تغطيه المياه؟,يابسة
ي,ما اسم المنطقة اللينة في جمجمة المولود الجديد؟,يافوخ
ي,سورة من سور القرآن الكريم تُلقب بقلب القرآن,سورة يس
ي,ماذا يطلق على البحر أو الماء الكثير والمتسع؟,اليم
ي,ماذا كانت تسمى المدينة المنورة قبل هجرة الرسول عليه الصلاة والسلام إليها؟,يثرب
ي,ما اسم الحشرة المضيئة؟,يراعة
ي,ماذا يسمى الشاب في مقتبل العمر؟,يافع
ي,ما اسم الحالة المرضية التي تتميز باصفرار الجلد والعينين نتيجة ارتفاع البيليروبين؟,يرقان
ي,"ما اسم الصديق المقرب للكابتن ماجد في سلسلة الأنمي الشهيرة ""الكابتن ماجد""؟",ياسين
ي,في أي دولة أقيمت الألعاب الأولمبية لأول مرة؟,اليونان
ي,ما اسم وكالة الشرطة الأوروبية التي تنسق مكافحة الجريمة بين دول الاتحاد الأوروبي؟,يوروبول
ي,ما الاسم الذي يطلق على صغير الغزال أو الظبي في مراحله الأولى، خاصة عندما يكون لونه يميل إلى الحمرة مع بياض؟,اليعفور
ي,ما هي العملة الرسمية لدولة اليابان؟,ين
ي,قالوا في الأمثال: زامر الحي لا ...,يٌطرب
ي,مركبة مائية كبيرة تستخدم للترفيه والرحلات البحرية السياحية,يخت
ي,قوم فاسدين حاصرهم ذو القرنين خلف سد منيع، يخرجون في آخر الزمان كعلامة من علامات الساعة الكبرى,يأجوج ومأجوج
ي,ما هو المركب العضوي الذي يعتبر الناتج النهائي لعملية التمثيل الغذائي للبروتينات في الثدييات ويتم إخراجه عن طريق البول؟,يوريا
ي,من هو مؤسس دولة المرابطين في المغرب والأندلس؟,يوسف بن تاشفين
ي,ما اسم المصدر الطبيعي للمياه الجوفية التي تتدفق تلقائيًا إلى سطح الأرض؟,ينبوع
ي,أشهر من فسر الأحلام من الأنبياء,يوسف عليه السلام
ي,في اي بلد نشأت رياضة الجودو؟,اليابان
ي,مصطلح بمعنى حذر وفطن ومستعد لأي أمر مباغت,يقظ
ي,ما هو الاعتقاد الجازم الذي لا يعتريه شك؟,يقين
ي,ما اسم المنظمة الدولية المسؤولة عن التربية والعلم والثقافة؟,يونسكو
ي,أكمل المثل: ظنُّ العاقل خير من ...,يقين الجاهل
ي,ما هي السورة التي تُسمى بقلب القرآن؟,سورة يس
ي,أحد الألعاب المحرمة التي تعتمد على السحب العشوائي للأرقام للفوز بجوائز,يانصيب
ي,ما اسم السجل الشخصي الذي يدون فيه الشخص أحداث وخواطر يومه؟,يوميات
ي,ما اسم النبات الذي أنبته الله تعالى فوق النبي يونس عليه السلام بعد خروجه من بطن الحوت؟,يقطين
ي,ما اسم النبات الطبي المستخدم لعلاج اضطرابات الجهاز الهضمي والذي يعطي زيتًا عطريًا؟,يانسون
ي,من هو النبي المعروف باسم إسرائيل ؟,يعقوب -عليه السلام-
ي,حجر كريم أحمر اللون يُعد من أثمن الأحجار,الياقوت
ي,ما هي الحشرة الطائرة المعروفة بجسمها الطويل والألوان الزاهية؟,اليعسوب
أ,ما هو اسم والد سيدنا إبراهيم عليه السلام؟,آزر
أ,ماهي عاصمة جمهورية أثيوبيا؟,أديس أبابا
أ,ماهو أكبر شريان في جسم الإنسان؟,الأبهر (الأورطي)
أ,ماهي الدولة التي تمتلك أكثر من 20 ألف قلعة تاريخية؟,ألمانيا
أ,ماهي السورة الكريمة الّتي سميت بأحد غزوات الرسول صلى الله عليه وسلم؟,الأحزاب
أ,ما لقب الصحابي عويمر بن عامر الأنصاري (رضي الله عنه) الذي عُرف بحكيم الأمة؟,أبو الدرداء
أ,مالوصف الّذي أطلق على بشرة النبي صل الله عليه و سلم ويعني الأبيض المُشرَب بحمرة؟,أزهر اللون
أ,من هو الشخص الوحيد الذي قتله النبي صلى الله عليه و سلم بيده,أُبي بن خلف
أ,ماهو المنتخب الّذي ينفرد بالرقم القياسي كأكثر من توج بلقب بطولة كأس أمم أوروبا (اليورو) بواقع 4 مرات؟,أسبانيا
أ,ماهي عاصمة جمهورية اليونان؟,أثينا
أ,ماهي ثالث أكبر دولة في قارة آسيا من حيث عدد السكان؟,إندونيسيا
أ,ماهي اللغة الرسمية في دولة المكسيك؟,الإسبانية
أ,ماهي المدينة التي يقام فيها حفل جائزة نوبل للسلام؟,أوسلو
أ,ماهي اللغة الرسمية المتحدث بها في دولة أثيوبيا؟,اللغة الأمهرية
أ,ما هو المصطلح الذي يُطلق على العملية العقلية التي يتم من خلالها تفسير المعلومات الحسية وإعطاؤها معنى؟,الإدراك
أ,ماهو اسم الإعلامي السعودي الذي اشتهر ببرنامجه التلفزيوني (خواطر) والذي كان يعرض في شهر رمضان المبارك,أحمد الشقيري
أ,كلمة بمعنى الشعور بالاستياء وتألم النفس نتيجة خيبة أمل أو تصرف سيء,امتعاض
أ,ماهو الكائن الحي الذي له ثلاثة قلوب؟,الأخطبوط
ب,ماهي عاصمة دولة سويسرا؟,بِرن
ب,ماهي عاصمة جمهورية أذربيجان؟,باكو
ب,ماهي عاصمة المجر؟,بودابست
ب,ماهي الغدة المسؤولة عن إفراز الأنسولين؟,البنكرياس
ب,ماهي اللغة الرسمية في البرازيل؟,البرتغالية
ب,ماهي عاصمة جمهورية كولومبيا؟,بوغوتا
ب,ماذا يُطلق على الحاجز أو الحدّ بين شيئين؟,البرزخ
ب,ماهي عاصمة جمهورية البرازيل الاتحادية؟,برازيليا
ب,ماهي عاصمة جمهورية الأرجنتين؟,بوينس آيرس
ب,ماهي عاصمة جمهورية التشيك؟,براغ
ب,ماهي عاصمة دولة بلجيكا؟,بروكسل
ب,ماهي عاصمة مملكة كمبوديا؟,بنوم بنه
ب,ماهي أكبر دولة في العالم إنتاجًا للقهوة؟,البرازيل
ب,ماهو الاسم المعروف للطائر مالك الحزين، وهو طائر ذو أرجل طويلة؟,البلشون
ج,إحدى الآيات والعقوبات الإلهية التي أرسلها الله على فرعون وقومه,الجراد
ت,أكمل العبارة: قالت العرب: من تأنّى نال ما …؟,تمنى
ج,ماهي الرياضة التي تتطلب مرونة عالية وحركات دقيقة على الأرض أو على أجهزة خاصة؟,الجمباز
ج,ما الاسم الذي يُطلق على البئر العميق، وقد ورد في سورة يوسف؟,جُب
ط,ماهي المحافظة الّتي يقام فيها سنويًا مهرجان ولي العهد للهجن؟,الطائف
ف,"ماهي السورة الملقبة بـ""أم الكتاب""؟",الفاتحة
ت,ماهي عاصمة جورجيا؟,تبليسي
غ,ما أحد أسماء يوم القيامة الواردة في القرآن الكريم؟,الغاشية
س,نص مكتوب و مفصل يصور مشاهد و احداث و حوارات عمل فني أو يصف مساراً متوقعاً لأحداث مستقبلية,سيناريو
ن,ماهي الوحدة الّتي يُقاس فيها الارتفاع والانخفاض في سوق الأسهم السعودي؟,النقطة
ك,ماهي عاصمة جمهورية غينيا؟,كوناكري
ح,صحابي جليل لُقب بشاعر الأنصار و سمي بشاعر الرسول صلى الله عليه و سلم؟,حسان بن ثابت (رضي الله عنه)
هـ,ماهو الجهاز الذي يستخدم لقياس الرطوبة؟,الهيجرومتر
ذ,ماهي صفة السماء التي ذكرها الله سبحانه وتعالى في القرآن الكريم عندما أقسم بها؟,ذات البروج
ف,ماهي أكبر جزيرة في المملكة العربية السعودية من حيث المساحة والسكان؟,جزيرة فرسان
ظ,نوع من الثدييات الصغيرة تشتهر برائحة قوية و نفاذة تفرزها عند الشعور بالتهديد,ظربان
ت,ماهي السورة الوحيدة في القرآن الكريم الّتي لا تبدأ بالبسملة؟,سورة التوبة
هـ,ماهو المصطلح الذي يعني انعدام الجدية والمزاح في الأمور الجادة؟,هزل
د,كلمة بمعنى السير في آخر الليل أو أوله، ووردت في أحد الأحاديث النبوية الشريفة,الدُلجة
ك,ماهي المادة الشمعية البيضاء ولها رائحة نفاذة، وتستخرج من الأشجار وتستخدم في المراهم الطبية وطرد الحشرات؟,الكافور
ع,ماهي المادة التي لا يمكن تجزئتها إلى مواد أبسط منها؟,العنصر
م,ماهو الهرمون المسؤول عن تنظيم النوم في جسم الانسان؟,الميلاتونين
ف,ماهي أطول كلمة في القرآن الكريم وتتكون من 11 حرفاً؟,فأسقيناكموه
ص,ماهي المنطقة الّتي تقع في الجزء الجنوبي من مصر على امتداد نهر النيل؟,صعيد
هـ,"الوحدة المفضلة للفلاحين والزراعيين لقياس المساحات وتساوي 10,000 متر مربع",هكتار
س,ماهي أعلى قمة جبلية في المملكة العربية السعودية؟,جبل السودة
ش,من هو اليهودي الّذي عاصر النبي ﷺ، وعُرف بحقده على الإسلام ومحاولته إشعال الفتنة بين الأوس والخزرج وكاد أن ينجح لولا تدخل النبي ﷺ؟,شاس بن قيس
ك,ماهي الدولة التي عاصمتها أستانا؟,كازاخستان
ص,ماهي المادة اللزجة التي تفرزها بعض الأشجار، وخاصة الصنوبريات؟,صمغ
و,"ماهو نادي كرة القدم الإنجليزي الّذي ينافس في الدوري الممتاز، ويُلقّب بـ""المطارق""؟",ويست هام
ع,من هو الصحابي الذي أعطى مفاتيح الكعبة للرسول ﷺ؟,عثمان بن طلحة (رضي الله عنه)
غ,ماهي الدولة التي عاصمتها أكرا؟,غانا
ح,أحد ألقاب الصحابي الجليل عبدالله بن عباس (رضي الله عنه) وسمي بها لسعة علمه بفقه الدين وتفسير القرآن,حبر الأمة
ت,مالأكلة التي أوصى بها النبي صل الله عليه وسلم للمريض و الحزين وهي عبارة عن حساء يُصنع من دقيق الشعير ويُمزج مع الحليب والعسل؟,التلبينة
ع,ماهو المذهب الفلسفي الّذي يرفض الجوانب الأساسية في الوجود الإنساني، معتقدًا أن الحياة بلا معنى أو هدف؟,العدمية
م,ماهي عاصمة جمهورية ليبيريا؟,مونروفيا
ج,ماهي عاصمة جمهورية جيبوتي؟,جيبوتي
ح,ماهو المصطلح الّذي يطلق على المدة الزمنية الطويلة من الدهر غير محددة بدقة، قد تعني سنة أو عقوداً عديدة؟,حقبة
ط,ماهو التعصب والولاء بشكل مفرط لجماعة معينة بناءً على روابط عقدية مما يؤدي إلى الانقسام داخل المجتمع الواحد؟,الطائفية
س,ماهي الدولة التي تمتلك أكبر عدد من الجزر في العالم؟,السويد
ف,ماهي عاصمة جمهورية النمسا؟,فيينا
د,ماهي عاصمة الدولة السعودية الأولى؟,الدرعية
ر,ماهو الطائر الأسطوري هائل الحجم وقد ورد ذكره في رحلات السندباد البحري في كتاب ألف ليلة وليلة,الرخ
ح,ماهو الحيوان الّذي ينقل بيته فوق ظهره؟,الحلزون
ك,ماهو العنصر الذي يدخل في تركيب جميع المركبات العضوية؟,الكربون
س,نوع من الحرير الرقيق الناعم و الفاخر وهو من أرقى وأجمل ثياب أهل الجنة...,السندس
ر,كلمة تعني سعة العيش و الرفاهية و حسن الحال,رخاء
د,ماهي عاصمة أيرلندا؟,دبلن
ش,ماهي المعجزة النبوية الّتي حدثت لرسول الله ﷺ في صغره مع جبريل عليه السلام؟,شق الصدر
هـ,ماهو الحيوان الصغير الّذي يشتهر بتخزين الطعام في خديه؟,الهامستر
ك,ماهو الشيء الذي صانعه يبيعه ومشتريه لا يستعمله ومستعمله لا يعلم انه استعمله؟,الكفن
ر,ما الجزء المسؤول عن بناء البروتين داخل الخلية؟,الريبوسوم
ج,ماهي الهيئة أو الجهة المسؤولة عن مراقبة البضائع والرسوم المفروضة على الاستيراد والتصدير؟,الجمارك
ك,ماهي الرياضة الأكثر شعبية في العالم؟,كرة القدم
ع,ماهو الخليج الّذي تطل عليه مدينة الدمام؟,العربي
ض,ماهو الحيوان البرمائي الّذي يستخدم جلده للتنفس والشرب تحت الماء ويستطيع القفز لمسافة أعلى بخمسين مرة من حجمه؟,الضفدع
ش,ماهو اسم الخلق النبيل الذي يجمع بين الشجاعة والمروءة والنخوة والكرم؟,الشهامة
ت,ماهو الاسم الحقيقي لجنكيز خان؟,تيموجين
ق,ماهو الحيوان الذي لا يمتلك هيكلاً عظمياً؟,قنديل البحر
ز,ماهو المعدن الوحيد الذي يوجد في حالة سائلة عند درجة حرارة الغرفة القياسية، ويتميز بلونه الفضي؟,الزئبق
هـ,ماهو الغاز المستخدم في ملء البالونات والمناطيد؟,الهيليوم
ك,كلمة بمعنى تجهم الوجه و إظهار عدم الرضا...,كشرة
ص,ماهو الموقع الّذي يقام عليه سنويًا مهرجان الملك عبدالعزيز للإبل,الصياهد
ت,ماهو فرع الرياضيات المعني بدراسة معدل التغير اللحظي لكمية بالنسبة لأخرى؟,التفاضل
ذ,ماهي أول معركة بحرية كبرى في التاريخ الإسلامي ضد الإمبراطورية البيزنطية، وانتهت بانتصار ساحق للمسلمين؟,ذات الصواري
م,"ماهي السورة الكريمة التي ذكر فيها لفظ الجلالة ""الله"" في جميع آياتها، وذكر اللفظ 41 مرة في 22 آية",سورة المجادلة
ج,ماهي العملة الرسمية المستخدمة في السودان؟,جنيه
م,ماهي أول جامعة رسمية تم إنشاؤها كجامعة في المملكة العربية السعودية في عام 1957م؟,الملك سعود
هـ,ماهو البروتين المحمول داخل خلايا الدم الحمراء ويحتوي على ذرات الحديد يلتقط الأوكسجين في الرئتين ويسلّمه إلى الأنسجة للحفاظ على حياة الجسم؟,الهيموجلوبين
ي,ماهي عاصمة جمهورية الكاميرون؟,ياوندي
ج,ماهو الوادي الرئيسي الذي يسقي أعلى بلدة عودة سدير؟,الجوفاء
ط,ماهي عاصمة دولة ليبيا؟,طرابلس
د,ماهو الشكل الهندسي الذي تتساوى جميع نقاطه في البعد عن مركزه؟,دائرة
ذ,ما السورة التي أقسم الله تعالى فيها بالرياح في بداية آياتها؟,الذاريات
ح,ماهي السورة الكريمة التي تحتوي على سجدتين؟,سورة الحج
ث,ماهو الإنزيم الذي يعتبر العامل الرئيسي في تجلط الدم؟,الثرومبين
ص,ماهي عاصمة جمهورية بلغاريا؟,صوفيا
ش,ماهو الوعاء الدموي الذي ينقل الدم من القلب إلى أجزاء الجسم؟,الشريان
ي,ماهي المنصة الّتي تم تأسيسها عام 2005 وتعتبر ثاني أكثر منصة زيارة عالميًا بعد جوجل؟,يوتيوب
ن,ماهي السورة القرآنية الكريمة التي تنتهي جميع آياتها بحرف السين؟,الناس
و,ماهي الكلمة التي تعني مخلوقًا شرسًا أو مفترسًا في الطبيعة أو الأساطير؟,وحش
ك,ماهو الحيوان الوطني لأستراليا؟,الكنغر
و,ماهي العملة الرسمية في دولة كوريا؟,وون
ع,ماهي وحدة قياس سرعة السفن البحرية؟,العُقدة
ف,ماهي أول عاصمة إسلامية لمصر أسسها عمرو بن العاص (رضي الله عنه) عام 641م؟,الفسطاط
م,ما اسم خط التحصينات الدفاعية الذي بنته فرنسا بعد الحرب العالمية الأولى لمواجهة أي هجوم ألماني؟,خط ماجينو
ت,ماهو المصطلح الذي يصف تغير سرعة الجسم خلال مدة معينة؟,التسارع
ل,ماهو العضو الموجود في معظم الفقريات، وهو عضلي متموضع في قاع الفم؟,اللسان
ي,ماهي العملة الرسمية لدولة اليابان؟,ين
ج,ماهي الضريبة التي كانت تُفرض على غير المسلمين في الدولة الإسلامية مقابل الحماية؟,الجزية
ذ,ما يطلق على الانكسار والخضوع و الهوان؟,الذل
ث,ماهو الحيوان المفترس الذي يضرب به المثل بمكره ودهائه وينتمي لفصيلة الكلبيات؟,الثعلب
ر,ماهي عاصمة آيسلندا؟,ريكيافيك
ذ,ماهو ميقات أهل العراق ومن جاء عن طريقهم؟,ذات عرق
ق,"عالم عربي وصف اختلاف الرياح وتأثيراتها المتنوعة على السحب والأشجار والزرع في كتابه ""عجائب المخلوقات""",القزويني
ي,ماهي العملة الرسمية للاتحاد الأوروبي والذي تعد ثاني أكثر العملات تداولاً في العالم؟,يورو
م,ماهي عاصمة جمهورية جزر القمر؟,مروني
ج,ماهي الدولة التي عاصمتها كينغستون؟,جامايكا
ص,ماهو المصطلح الذي يطلق على البرد الجاف المصحوب بريح؟,الصر
ر,ما المبشّرات التي أخبر النبي ﷺ أنها جزء من ستة وأربعين جزءًا من النبوة، وأنها آخر ما تبقّى منها؟,رؤيا الصالحين
ض,ماهو الوصف الّذي أُطلق على فم النبي ﷺ، وتعني عظيم الفم، وهو من علامات الجمال والرجولة عند العرب؟,ضليع الفم
ش,ماذا تسمى الظاهرة الطبيعية الّتي تنتج عن تشتت ضوء الشمس في طبقات الجو العليا؟,الشفق
س,ماهي عاصمة دولة السويد؟,ستوكهولم
م,ماهي السورة التي تسمى سورة القتال؟,سورة محمد
ص,ماهي الغدد الّتي تنظم وظائف الجسم من خلال إفراز الهرمونات؟,صماء
ز,ماهو الكوكب الوحيد في المجموعة الشمسية الذي يومه أطول من سنته؟,الزهرة
ق,ماهي أول جامعة في العالم العربي والعالم وتقع في مدينة فاس في المغرب؟,جامعة القرويين
ج,ماهي المنظومة الحيوية في جسم الإنسان المسؤولة عن القوة والحركة والثبات؟,الجهاز العضلي
ك,أفعال ماضية ناقصة وناسخة تدخل على الجملة الاسمية ترفع المبتدأ و تنصب الخبر,كان و اخواتها
س,ما اسم المنفذ الحدودي الذي يربط بين السعودية و قطر؟,سلوى
ط,ماهو الّذي لا يفنى ولا يستحدث من العدم ويمكن تحويله من شكل إلى آخر؟,الطاقة
ل,ماهي عاصمة دولة البرتغال؟,لشبونة
ق,ما المعاملة المالية التي يحصل فيها الربح أو الخسارة دون جهد، وتُعد من المحرمات في الإسلام؟,القمار
ت,ماهي عاصمة جمهورية ألبانيا؟,تيرانا
س,ماهي عاصمة جمهورية تشيلي؟,سانتياغو
ر,ماهي أكبر دولة في العالم من حيث المساحة؟,روسيا
و,مصطلح بمعنى الألم و المرض؟,وَصَب
ج,"صحابي جليل كان كريماً يحب المساكين ويُقال إنه كان أشبهَ الناس بالنبي ﷺ  خَلقًا وخُلُقًا، و لُقب بـ ""ذي الجناحين""",جعفر بن أبي طالب (رضي الله عنه)
ر,"من هو الصحابي الّذي يُلقب بـ""ذو الشهادتين"" لأن النبي ﷺ جعل شهادته الفردية تعادل شهادة رجلين",خزيمة بن ثابت (رضي الله عنه)
ي,ماهي عاصمة دولة أرمينيا؟,يريفان
ك,ماهو البروتين الرئيسي في تكوين العظام والغضاريف والأوتار؟,الكولاجين
ط,ماهي الشخصية الخيالية التي تربّت في الغابة مع القرود بعد مقتل والديه النبلاء؟,طرزان
خ,ماهو الطعام الذي يشار إليه بغذاء الغني والفقير؟,الخبز
ط,ماهي العبادة التي كان يفعلها الناس منذ سيدنا إبراهيم عليه السلام ويستحب فيها الدعاء وذكر الله؟,الطواف
م,ماذا يُطلق على الاتفاق الّذي يُبرم بين دولتين أو أكثر ويخضع للقانون الدولي؟,معاهدة
س,ماهي عاصمة البوسنة والهرسك؟,سراييفو
د,ماهي عاصمة جمهورية بنغلاديش الشعبية؟,دكا
ر,ماهو المصطلح الإسلامي الّذي يشير إلى فعل الشخص للعبادة من أجل أن يراه الناس؟,الرياء
ع,نوع من التمر يزرع بشكل رئيسي في المدينة المنورة، و تشتهر بلونها الداكن المائل إلى السواد,العجوة / العنبرة
ف,ماهو العام الّذي ولد فيه النبي صلى الله عليه وسلم؟,عام الفيل
ك,ماهو أول طعام أهل الجنّة؟,كبد الحوت
م,ما النظرية الفيزيائية التي تفسر الخصائص الفيزيائية على مستوى الذرات والجسيمات؟,ميكانيكا الكم
ع,ما هي الأداة الشفافة التي تُستخدم لتجميع الضوء أو تفريقه؟,العدسة
ع,ماهو الشيء الذي كلما طال قصر؟,العمر
م,ماهي أكثر لعبة مبيعًا في تاريخ الألعاب الإلكترونية وتجاوزت مبيعاتها 300 مليون نسخة عالميًا؟,ماين كرافت
ع,ماهي الخلافة التي حكمت الدولة الإسلامية بعد سقوط الخلافة الأموية؟,الخلافة العباسية
م,ماهي العلاقة الرياضية التي تربط متغيرين أو أكثر بعلامة يساوي؟,المعادلة
ع,كلمة بمعنى الأصل و السلالة و المنبع,العِرْق
هـ,ماهو الحيوان الذي وعد نبينا سليمان عليه السلام أن يعذبه عذاباً شديداً أو يأتيه بخبر يقين؟,الهدهد
ن,ماهو المعدن الأكثر شيوعًا في صناعة الأسلاك الكهربائية؟,النحاس
ن,ماهي الدولة التي عاصمتها أبوجا؟,نيجيريا
م,ما الطعام الذي أنزله الله على بني إسرائيل خلال تيههم في الصحراء؟,المن والسلوى
ن,ماهي عاصمة جمهورية كينيا؟,نيروبي
م,ماهو الاسم الذي لا يقبل التنوين ويُجَرُّ بالفتحة نيابةً عن الكسرة؟,الممنوع من الصرف
أ,قتل متعمد و مخطط له يستهدف شخصية بارزة أو مهمة بشكل مفاجئ و سري و عادة ما يكون بدوافع سياسية,اغتيال
